Date,Open,High,Low,Close,Volume,returns
2004-11-18,44.43000030517578,44.4900016784668,44.06999969482422,44.380001068115234,5992000,
2004-11-19,44.4900016784668,44.91999816894531,44.470001220703125,44.779998779296875,11655300,0.00901301715986258
2004-11-22,44.75,44.970001220703125,44.7400016784668,44.95000076293945,11996000,0.0037963820517381563
2004-11-23,44.880001068115234,44.91999816894531,44.720001220703125,44.75,3169200,-0.004449405106670246
2004-11-24,44.93000030517578,45.04999923706055,44.790000915527344,45.04999923706055,6105100,0.006703893565598751
2004-11-26,45.25,45.599998474121094,45.060001373291016,45.290000915527344,3097700,0.005327451332548749
2004-11-29,45.099998474121094,45.5,45.08000183105469,45.400001525878906,3759000,0.002428805655286581
2004-11-30,45.369998931884766,45.40999984741211,44.81999969482422,45.119998931884766,3857200,-0.00616745781020589
2004-12-01,45.279998779296875,45.59000015258789,45.2599983215332,45.380001068115234,2037500,0.005762458829464467
2004-12-02,45.54999923706055,45.56999969482422,44.68000030517578,44.95000076293945,6457800,-0.009475546387280875
2004-12-03,45.040000915527344,46.0,44.79999923706055,45.599998474121094,4218300,0.014460460514998497
2004-12-06,45.38999938964844,45.470001220703125,45.11000061035156,45.16999816894531,3102400,-0.00942983156939825
2004-12-07,45.29999923706055,45.31999969482422,45.06999969482422,45.11000061035156,3797300,-0.0013282612580445274
2004-12-08,43.79999923706055,44.02000045776367,43.36000061035156,44.0099983215332,6148600,-0.02438488747362011
2004-12-09,43.75,43.900001525878906,43.20000076293945,43.779998779296875,3553400,-0.005226074778644008
2004-12-10,43.369998931884766,43.599998474121094,43.310001373291016,43.439998626708984,2464300,-0.0077661069453631715
2004-12-13,43.61000061035156,44.0099983215332,43.5099983215332,43.90999984741211,1445100,0.010819549621581936
2004-12-14,43.7599983215332,43.79999923706055,43.5099983215332,43.54999923706055,2240600,-0.008198601949500617
2004-12-15,44.099998474121094,44.16999816894531,43.91999816894531,43.9900016784668,2641400,0.010103385743157833
2004-12-16,43.9900016784668,44.04999923706055,43.58000183105469,43.68000030517578,3269800,-0.00704708709849311
2004-12-17,43.93000030517578,44.220001220703125,43.779998779296875,44.189998626708984,1889300,0.011675785667812244
2004-12-20,44.33000183105469,44.369998931884766,44.130001068115234,44.34000015258789,1942100,0.003394467765116538
2004-12-21,44.130001068115234,44.2400016784668,44.04999923706055,44.220001220703125,1373400,-0.002706335847357022
2004-12-22,44.20000076293945,44.22999954223633,43.88999938964844,44.02000045776367,2705800,-0.00452285747214809
2004-12-23,44.16999816894531,44.349998474121094,44.04999923706055,44.27000045776367,639800,0.005679236651527697
2004-12-27,44.290000915527344,44.560001373291016,44.27000045776367,44.47999954223633,2643500,0.004743597973824398
2004-12-28,44.41999816894531,44.470001220703125,44.290000915527344,44.369998931884766,773200,-0.0024730353301175567
2004-12-29,43.91999816894531,44.02000045776367,43.349998474121094,43.65999984741211,5632200,-0.016001782771341122
2004-12-30,43.5,43.880001068115234,43.4900016784668,43.83000183105469,1289600,0.0038937696801815136
2004-12-31,43.849998474121094,43.939998626708984,43.72999954223633,43.79999923706055,531600,-0.0006845218512604445
2005-01-03,42.97999954223633,43.16999816894531,42.7400016784668,43.02000045776367,4750400,-0.017808191618343572
2005-01-04,42.79999923706055,42.90999984741211,42.459999084472656,42.7400016784668,3456800,-0.006508572206357255
2005-01-05,42.75,42.880001068115234,42.599998474121094,42.66999816894531,2033600,-0.0016378920629933624
2005-01-06,42.47999954223633,42.560001373291016,42.06999969482422,42.150001525878906,2556400,-0.012186469776904074
2005-01-07,42.09000015258789,42.38999938964844,41.70000076293945,41.84000015258789,4492700,-0.007354717961295498
2005-01-10,41.9900016784668,42.06999969482422,41.88999938964844,41.95000076293945,1025800,0.0026290776756787704
2005-01-11,42.209999084472656,42.279998779296875,42.119998931884766,42.209999084472656,1507300,0.006197814464949936
2005-01-12,42.52000045776367,42.790000915527344,42.47999954223633,42.599998474121094,1738000,0.009239502442725867
2005-01-13,42.38999938964844,42.599998474121094,42.34000015258789,42.599998474121094,718300,0.0
2005-01-14,42.189998626708984,42.31999969482422,42.130001068115234,42.31999969482422,1262300,-0.00657274153347609
2005-01-18,42.220001220703125,42.380001068115234,42.150001525878906,42.31999969482422,666800,0.0
2005-01-19,42.650001525878906,42.650001525878906,42.20000076293945,42.2599983215332,1578900,-0.001417801836571253
2005-01-20,42.119998931884766,42.31999969482422,42.11000061035156,42.25,1276200,-0.0002365906751138347
2005-01-21,42.31999969482422,42.81999969482422,42.290000915527344,42.7400016784668,889800,0.011597672863119524
2005-01-24,42.7400016784668,42.81999969482422,42.66999816894531,42.77000045776367,2294900,0.000701889988740767
2005-01-25,42.529998779296875,42.560001373291016,42.099998474121094,42.2400016784668,1332500,-0.012391834781958044
2005-01-26,42.59000015258789,42.779998779296875,42.560001373291016,42.689998626708984,541800,0.010653336419529369
2005-01-27,42.47999954223633,42.650001525878906,42.400001525878906,42.619998931884766,571200,-0.0016397211777005039
2005-01-28,42.709999084472656,42.72999954223633,42.43000030517578,42.689998626708984,1149100,0.0016424142791766627
2005-01-31,42.209999084472656,42.29999923706055,41.959999084472656,42.220001220703125,1692400,-0.011009543713402792
2005-02-01,42.09000015258789,42.13999938964844,41.95000076293945,42.099998474121094,1088900,-0.0028423198273899164
2005-02-02,42.220001220703125,42.22999954223633,42.02000045776367,42.15999984741211,956500,0.0014252108186629808
2005-02-03,41.560001373291016,41.7400016784668,41.5,41.68000030517578,2446400,-0.01138518842442049
2005-02-04,41.59000015258789,41.650001525878906,41.38999938964844,41.470001220703125,1819400,-0.0050383657134133175
2005-02-07,41.54999923706055,41.54999923706055,41.209999084472656,41.27000045776367,1754000,-0.004822781698873069
2005-02-08,41.189998626708984,41.400001525878906,41.04999923706055,41.2599983215332,1296800,-0.00024235851997878033
2005-02-09,41.029998779296875,41.36000061035156,41.02000045776367,41.310001373291016,3477900,0.0012119014491505098
2005-02-10,41.529998779296875,41.84000015258789,41.45000076293945,41.75,7774500,0.01065114045223603
2005-02-11,41.88999938964844,42.15999984741211,41.83000183105469,42.08000183105469,1896500,0.007904235474363697
2005-02-14,42.41999816894531,42.630001068115234,42.31999969482422,42.54999923706055,2351800,0.011169139390555083
2005-02-15,42.400001525878906,42.599998474121094,42.34000015258789,42.58000183105469,1559900,0.0007051138550435709
2005-02-16,42.31999969482422,42.599998474121094,42.20000076293945,42.52000045776367,1820400,-0.0014091444506997286
2005-02-17,42.52000045776367,42.810001373291016,42.5099983215332,42.72999954223633,3054200,0.004938830719939835
2005-02-18,42.709999084472656,42.81999969482422,42.63999938964844,42.75,863200,0.00046806594846571237
2005-02-22,43.38999938964844,43.630001068115234,43.20000076293945,43.56999969482422,3378400,0.019181279411092822
2005-02-23,43.290000915527344,43.54999923706055,43.150001525878906,43.41999816894531,1534900,-0.0034427708728380635
2005-02-24,43.47999954223633,43.47999954223633,43.20000076293945,43.33000183105469,1219300,-0.0020726932677530563
2005-02-25,43.40999984741211,43.54999923706055,43.220001220703125,43.5,1100100,0.003923336297287472
2005-02-28,43.68000030517578,43.7400016784668,43.52000045776367,43.529998779296875,755300,0.0006896271102729834
2005-03-01,43.29999923706055,43.369998931884766,43.099998474121094,43.220001220703125,3245600,-0.007121469498896138
2005-03-02,43.15999984741211,43.349998474121094,43.08000183105469,43.25,1188000,0.0006940948276166203
2005-03-03,43.060001373291016,43.130001068115234,42.900001525878906,42.970001220703125,1924600,-0.006473960214956609
2005-03-04,43.310001373291016,43.52000045776367,43.310001373291016,43.380001068115234,915000,0.00954153678763614
2005-03-07,43.31999969482422,43.5099983215332,43.2599983215332,43.470001220703125,1290100,0.002074692263067668
2005-03-08,43.709999084472656,44.08000183105469,43.59000015258789,44.029998779296875,2674900,0.012882391140284666
2005-03-09,43.95000076293945,44.20000076293945,43.91999816894531,44.02000045776367,3025000,-0.00022707975949121106
2005-03-10,44.150001525878906,44.25,44.0,44.20000076293945,2065000,0.004089057321762013
2005-03-11,44.310001373291016,44.66999816894531,44.279998779296875,44.43000030517578,2659600,0.005203609463038106
2005-03-14,44.2599983215332,44.2599983215332,43.95000076293945,44.029998779296875,866600,-0.009002960232532553
2005-03-15,44.22999954223633,44.22999954223633,43.93000030517578,44.060001373291016,1254900,0.0006814125556653394
2005-03-16,44.290000915527344,44.349998474121094,44.20000076293945,44.310001373291016,2223300,0.005674080622057209
2005-03-17,43.970001220703125,43.970001220703125,43.66999816894531,43.81999969482422,1525200,-0.011058489354102252
2005-03-18,43.61000061035156,43.95000076293945,43.599998474121094,43.88999938964844,1207500,0.0015974371362783568
2005-03-21,43.209999084472656,43.25,42.869998931884766,43.09000015258789,3814400,-0.018227369518925784
2005-03-22,43.209999084472656,43.220001220703125,42.54999923706055,42.650001525878906,2609400,-0.010211153983543442
2005-03-23,42.599998474121094,42.66999816894531,42.349998474121094,42.41999816894531,2618600,-0.005392810051695673
2005-03-24,42.5099983215332,42.540000915527344,42.369998931884766,42.38999938964844,1466300,-0.0007071848324320396
2005-03-28,42.459999084472656,42.58000183105469,42.40999984741211,42.540000915527344,581100,0.0035386064647016102
2005-03-29,42.61000061035156,42.630001068115234,42.540000915527344,42.560001373291016,1197800,0.000470156495844698
2005-03-30,42.650001525878906,42.810001373291016,42.560001373291016,42.61000061035156,1324300,0.001174794065958995
2005-03-31,42.869998931884766,42.869998931884766,42.70000076293945,42.81999969482422,1363200,0.004928399001750794
2005-04-01,42.599998474121094,42.619998931884766,42.45000076293945,42.619998931884766,2448500,-0.00467073246998706
2005-04-04,42.43000030517578,42.43000030517578,42.22999954223633,42.400001525878906,1893100,-0.005161835089612765
2005-04-05,42.4900016784668,42.540000915527344,42.380001068115234,42.45000076293945,888000,0.0011792272467261444
2005-04-06,42.4900016784668,42.720001220703125,42.4900016784668,42.630001068115234,1637500,0.004240289798367325
2005-04-07,42.77000045776367,42.810001373291016,42.529998779296875,42.56999969482422,2853000,-0.0014074917144651922
2005-04-08,42.47999954223633,42.709999084472656,42.459999084472656,42.689998626708984,1002100,0.002818861469227496
2005-04-11,42.84000015258789,42.959999084472656,42.7400016784668,42.779998779296875,514100,0.002108225708201017
2005-04-12,42.70000076293945,42.84000015258789,42.61000061035156,42.84000015258789,2098700,0.0014025566854398708
2005-04-13,42.7599983215332,42.95000076293945,42.68000030517578,42.900001525878906,384000,0.0014005922753805855
2005-04-14,42.45000076293945,42.47999954223633,42.15999984741211,42.310001373291016,3679800,-0.013752916820573557
2005-04-15,42.380001068115234,42.560001373291016,42.36000061035156,42.400001525878906,1811100,0.002127160237926695
2005-04-18,42.54999923706055,42.779998779296875,42.52000045776367,42.689998626708984,909800,0.006839554018720495
2005-04-19,42.790000915527344,43.36000061035156,42.720001220703125,43.279998779296875,3145400,0.013820570896405648
2005-04-20,43.209999084472656,43.52000045776367,43.189998626708984,43.400001525878906,1248100,0.002772706792206092
2005-04-21,43.41999816894531,43.43000030517578,43.13999938964844,43.189998626708984,1550600,-0.004838776308445536
2005-04-22,43.459999084472656,43.5,43.310001373291016,43.38999938964844,1169000,0.004630719363250213
2005-04-25,43.349998474121094,43.45000076293945,43.220001220703125,43.439998626708984,906300,0.0011523216815825243
2005-04-26,43.689998626708984,43.70000076293945,43.5,43.63999938964844,1531400,0.0046040692739912625
2005-04-27,43.529998779296875,43.540000915527344,43.119998931884766,43.20000076293945,2762500,-0.010082461797956688
2005-04-28,43.15999984741211,43.27000045776367,42.9900016784668,43.0,2260300,-0.004629647208502563
2005-04-29,43.18000030517578,43.61000061035156,43.18000030517578,43.349998474121094,3736700,0.00813949939816494
2005-05-02,43.130001068115234,43.16999816894531,42.810001373291016,42.880001068115234,1707400,-0.010841924395601499
2005-05-03,42.75,42.79999923706055,42.58000183105469,42.7599983215332,1268700,-0.0027985714457283706
2005-05-04,42.869998931884766,42.91999816894531,42.72999954223633,42.900001525878906,607600,0.003274162999094443
2005-05-05,42.959999084472656,42.959999084472656,42.709999084472656,42.90999984741211,319300,0.000233061099710552
2005-05-06,42.43000030517578,42.630001068115234,42.34000015258789,42.52000045776367,3722700,-0.009088776300053003
2005-05-09,42.540000915527344,42.61000061035156,42.47999954223633,42.54999923706055,600000,0.0007055216127449526
2005-05-10,42.709999084472656,42.790000915527344,42.58000183105469,42.63999938964844,461000,0.00211516226090791
2005-05-11,42.54999923706055,42.83000183105469,42.5099983215332,42.689998626708984,764600,0.0011725900041332782
2005-05-12,42.40999984741211,42.47999954223633,41.970001220703125,42.15999984741211,1878700,-0.01241505730490422
2005-05-13,42.119998931884766,42.119998931884766,41.83000183105469,41.95000076293945,802600,-0.004981002970415038
2005-05-16,41.77000045776367,41.900001525878906,41.77000045776367,41.880001068115234,874500,-0.0016686458534241888
2005-05-17,41.95000076293945,42.04999923706055,41.83000183105469,41.86000061035156,880800,-0.00047756583700042654
2005-05-18,41.9900016784668,42.11000061035156,41.83000183105469,42.04999923706055,2207100,0.004538906448606106
2005-05-19,42.0,42.04999923706055,41.869998931884766,41.97999954223633,610200,-0.0016646776716828793
2005-05-20,41.7599983215332,41.83000183105469,41.61000061035156,41.650001525878906,932800,-0.007860838969886319
2005-05-23,41.689998626708984,41.75,41.54999923706055,41.619998931884766,5001900,-0.000720350369627254
2005-05-24,41.83000183105469,41.83000183105469,41.650001525878906,41.72999954223633,1684600,0.0026429748480192305
2005-05-25,41.790000915527344,41.900001525878906,41.689998626708984,41.869998931884766,1535100,0.0033548859617584803
2005-05-26,41.72999954223633,41.810001373291016,41.650001525878906,41.689998626708984,341500,-0.004299028176919961
2005-05-27,41.810001373291016,41.959999084472656,41.7400016784668,41.880001068115234,2453600,0.004557506540298295
2005-05-31,41.34000015258789,41.689998626708984,41.33000183105469,41.650001525878906,3198900,-0.005491870495949791
2005-06-01,41.40999984741211,41.650001525878906,41.400001525878906,41.529998779296875,1787900,-0.002881218299775279
2005-06-02,41.91999816894531,42.279998779296875,41.90999984741211,42.099998474121094,5752600,0.013725011114336105
2005-06-03,42.33000183105469,42.38999938964844,42.16999816894531,42.16999816894531,3350700,0.001662700649912141
2005-06-06,42.560001373291016,42.650001525878906,42.45000076293945,42.47999954223633,2470800,0.007351230418580101
2005-06-07,42.47999954223633,42.47999954223633,42.310001373291016,42.380001068115234,611000,-0.002354013069648664
2005-06-08,42.45000076293945,42.560001373291016,42.2400016784668,42.34000015258789,691500,-0.0009438630136665571
2005-06-09,42.2400016784668,42.400001525878906,42.029998779296875,42.27000045776367,694700,-0.0016532757338674209
2005-06-10,42.25,42.720001220703125,42.119998931884766,42.619998931884766,1678000,0.008280067904679056
2005-06-13,42.81999969482422,43.0099983215332,42.70000076293945,42.779998779296875,2331600,0.0037541025673843986
2005-06-14,42.65999984741211,42.70000076293945,42.58000183105469,42.599998474121094,825500,-0.0042075808862082065
2005-06-15,42.689998626708984,42.88999938964844,42.66999816894531,42.7400016784668,2311400,0.003286460313625339
2005-06-16,43.29999923706055,43.54999923706055,43.16999816894531,43.459999084472656,1809200,0.01684598450468955
2005-06-17,43.779998779296875,43.849998474121094,43.61000061035156,43.630001068115234,1816500,0.003911688615366726
2005-06-20,43.939998626708984,43.939998626708984,43.65999984741211,43.65999984741211,1433700,0.0006875722796806372
2005-06-21,43.58000183105469,43.81999969482422,43.41999816894531,43.810001373291016,672600,0.0034356739899943367
2005-06-22,43.65999984741211,43.7599983215332,43.529998779296875,43.720001220703125,1258500,-0.00205432891501256
2005-06-23,43.84000015258789,44.130001068115234,43.779998779296875,44.02000045776367,1576600,0.006861830482257192
2005-06-24,43.959999084472656,44.060001373291016,43.68000030517578,43.900001525878906,473500,-0.002726009328416601
2005-06-27,43.900001525878906,43.93000030517578,43.72999954223633,43.90999984741211,1016600,0.00022775219101789368
2005-06-28,43.63999938964844,43.63999938964844,43.369998931884766,43.45000076293945,1295600,-0.010475952768643992
2005-06-29,43.4900016784668,43.70000076293945,43.459999084472656,43.630001068115234,1199800,0.004142699701154218
2005-06-30,43.630001068115234,43.77000045776367,43.36000061035156,43.439998626708984,1087500,-0.004354857592362094
2005-07-01,43.400001525878906,43.400001525878906,42.59000015258789,42.70000076293945,1755100,-0.017034942153855037
2005-07-05,42.34000015258789,42.34000015258789,42.060001373291016,42.279998779296875,2582700,-0.00983611185335409
2005-07-06,42.36000061035156,42.380001068115234,42.2400016784668,42.25,1254600,-0.0007095264939214196
2005-07-07,42.470001220703125,42.560001373291016,42.04999923706055,42.36000061035156,4345200,0.002603564742048814
2005-07-08,42.31999969482422,42.400001525878906,42.119998931884766,42.2599983215332,824200,-0.0023607716566916848
2005-07-11,42.33000183105469,42.56999969482422,42.279998779296875,42.540000915527344,2252900,0.006625712378494519
2005-07-12,42.61000061035156,42.63999938964844,42.400001525878906,42.63999938964844,1274200,0.0023506928060406107
2005-07-13,42.349998474121094,42.380001068115234,42.25,42.349998474121094,981300,-0.006801147272008312
2005-07-14,42.33000183105469,42.36000061035156,41.79999923706055,41.900001525878906,1642600,-0.0106256662209131
2005-07-15,41.7599983215332,42.06999969482422,41.70000076293945,42.04999923706055,1104800,0.0035798975111969167
2005-07-18,41.959999084472656,42.16999816894531,41.939998626708984,42.0099983215332,956400,-0.0009512703032843461
2005-07-19,41.880001068115234,42.0,41.810001373291016,41.88999938964844,1132600,-0.0028564374358296396
2005-07-20,42.15999984741211,42.25,42.04999923706055,42.20000076293945,2266800,0.0074003670997335735
2005-07-21,42.43000030517578,42.5099983215332,42.33000183105469,42.459999084472656,1777300,0.006161097555276163
2005-07-22,42.45000076293945,42.47999954223633,42.34000015258789,42.45000076293945,633300,-0.00023547625409303663
2005-07-25,42.459999084472656,42.560001373291016,42.43000030517578,42.5099983215332,2122100,0.0014133700239207236
2005-07-26,42.279998779296875,42.369998931884766,42.13999938964844,42.25,637000,-0.00611616870851539
2005-07-27,42.29999923706055,42.5,42.29999923706055,42.439998626708984,1560600,0.0044970089161888716
2005-07-28,42.459999084472656,42.790000915527344,42.459999084472656,42.75,3673300,0.0073044623779963125
2005-07-29,42.83000183105469,42.959999084472656,42.790000915527344,42.81999969482422,1185100,0.0016374197619699604
2005-08-01,43.08000183105469,43.16999816894531,42.9900016784668,43.130001068115234,1493900,0.007239639782820717
2005-08-02,43.06999969482422,43.150001525878906,42.9900016784668,43.13999938964844,699600,0.00023181825378149057
2005-08-03,43.380001068115234,43.619998931884766,43.349998474121094,43.529998779296875,1545900,0.009040319776685513
2005-08-04,43.68000030517578,43.81999969482422,43.630001068115234,43.68000030517578,867600,0.0034459345298729627
2005-08-05,43.709999084472656,43.75,43.560001373291016,43.599998474121094,1100600,-0.001831543738455732
2005-08-08,43.52000045776367,43.54999923706055,43.27000045776367,43.349998474121094,1108500,-0.005733945154800635
2005-08-09,43.27000045776367,43.349998474121094,43.16999816894531,43.34000015258789,1305800,-0.00023064179665821527
2005-08-10,43.5,43.65999984741211,43.45000076293945,43.650001525878906,695500,0.007152777392699372
2005-08-11,43.900001525878906,44.619998931884766,43.86000061035156,44.45000076293945,2186100,0.01832758783722488
2005-08-12,44.4900016784668,44.720001220703125,44.43000030517578,44.4900016784668,2428500,0.0008999080954052996
2005-08-15,44.189998626708984,44.27000045776367,43.97999954223633,44.130001068115234,1524500,-0.008091719414922038
2005-08-16,44.060001373291016,44.56999969482422,44.04999923706055,44.54999923706055,1882600,0.009517293423515705
2005-08-17,44.2599983215332,44.29999923706055,43.720001220703125,43.90999984741211,1990300,-0.014365867578198133
2005-08-18,43.939998626708984,44.13999938964844,43.81999969482422,43.83000183105469,1093500,-0.0018218632802418089
2005-08-19,43.77000045776367,43.880001068115234,43.4900016784668,43.599998474121094,811800,-0.00524762371263765
2005-08-22,43.84000015258789,43.95000076293945,43.65999984741211,43.70000076293945,877200,0.00229363055775611
2005-08-23,43.84000015258789,43.900001525878906,43.709999084472656,43.7599983215332,607700,0.0013729418202810262
2005-08-24,43.939998626708984,43.959999084472656,43.40999984741211,43.59000015258789,894300,-0.0038847846313024847
2005-08-25,43.7599983215332,43.810001373291016,43.599998474121094,43.72999954223633,1652600,0.0032117317999167394
2005-08-26,43.779998779296875,43.900001525878906,43.5099983215332,43.61000061035156,1301700,-0.0027440871973681835
2005-08-29,43.810001373291016,43.959999084472656,43.560001373291016,43.56999969482422,1585500,-0.0009172418015938044
2005-08-30,42.959999084472656,43.06999969482422,42.810001373291016,43.0099983215332,2200400,-0.012852912031521946
2005-08-31,43.099998474121094,43.400001525878906,43.029998779296875,43.400001525878906,2416500,0.009067733540236933
2005-09-01,43.93000030517578,44.400001525878906,43.849998474121094,44.220001220703125,2502900,0.018894001520605164
2005-09-02,44.2400016784668,44.36000061035156,44.09000015258789,44.25,1414900,0.0006783984276064192
2005-09-06,44.41999816894531,44.41999816894531,44.189998626708984,44.27000045776367,819700,0.00045198774607158043
2005-09-07,44.40999984741211,44.4900016784668,44.290000915527344,44.33000183105469,1300700,0.0013553506363357393
2005-09-08,44.720001220703125,44.779998779296875,44.470001220703125,44.599998474121094,1061200,0.006090607532464931
2005-09-09,44.66999816894531,44.869998931884766,44.65999984741211,44.84000015258789,1393900,0.00538120373717188
2005-09-12,44.68000030517578,44.88999938964844,44.619998931884766,44.88999938964844,752500,0.0011150588066548561
2005-09-13,44.619998931884766,44.619998931884766,44.36000061035156,44.560001373291016,952700,-0.007351259096553209
2005-09-14,44.81999969482422,44.959999084472656,44.65999984741211,44.959999084472656,1733800,0.008976609040712402
2005-09-15,45.2400016784668,45.470001220703125,45.130001068115234,45.41999816894531,2150300,0.010231296571167503
2005-09-16,45.79999923706055,45.880001068115234,45.54999923706055,45.81999969482422,2878900,0.008806727036646977
2005-09-19,46.27000045776367,46.72999954223633,46.220001220703125,46.25,6072100,0.009384554955035318
2005-09-20,46.52000045776367,46.52000045776367,46.220001220703125,46.22999954223633,1898900,-0.00043244233002537324
2005-09-21,46.58000183105469,47.130001068115234,46.54999923706055,47.060001373291016,3681900,0.017953749497582994
2005-09-22,46.84000015258789,46.84000015258789,46.220001220703125,46.36000061035156,2347300,-0.014874643912287211
2005-09-23,46.20000076293945,46.29999923706055,45.91999816894531,46.279998779296875,2352800,-0.0017256650129728879
2005-09-26,45.84000015258789,46.61000061035156,45.84000015258789,46.56999969482422,1361200,0.006266225652042934
2005-09-27,46.13999938964844,46.33000183105469,45.65999984741211,46.25,2341300,-0.0068713699145629414
2005-09-28,46.29999923706055,46.88999938964844,46.15999984741211,46.79999923706055,3448000,0.01189187539590364
2005-09-29,46.86000061035156,47.22999954223633,46.83000183105469,47.099998474121094,2947200,0.0064102402126318125
2005-09-30,47.09000015258789,47.20000076293945,46.650001525878906,46.70000076293945,1194400,-0.008492520682382154
2005-10-03,46.619998931884766,46.630001068115234,46.380001068115234,46.41999816894531,2194900,-0.005995772792713683
2005-10-04,46.66999816894531,46.72999954223633,46.29999923706055,46.45000076293945,1764500,0.0006463290645757347
2005-10-05,46.380001068115234,46.529998779296875,46.13999938964844,46.36000061035156,1692300,-0.0019375705298092516
2005-10-06,46.619998931884766,47.2599983215332,46.619998931884766,47.209999084472656,2009500,0.01833473819953535
2005-10-07,46.9900016784668,47.47999954223633,46.939998626708984,47.36000061035156,1820500,0.0031773253291216275
2005-10-10,47.310001373291016,47.439998626708984,47.09000015258789,47.369998931884766,1285500,0.00021111320532840594
2005-10-11,47.400001525878906,47.720001220703125,47.36000061035156,47.38999938964844,2826900,0.0004222178217152539
2005-10-12,47.529998779296875,47.63999938964844,46.81999969482422,46.849998474121094,3930500,-0.01139482849719764
2005-10-13,46.88999938964844,47.060001373291016,46.599998474121094,47.02000045776367,2632300,0.003628644379497281
2005-10-14,46.4900016784668,46.83000183105469,46.40999984741211,46.79999923706055,2442300,-0.004678885975357261
2005-10-17,47.2599983215332,47.369998931884766,47.189998626708984,47.2599983215332,1784300,0.00982904042674404
2005-10-18,47.09000015258789,47.18000030517578,46.93000030517578,47.0,1243200,-0.005501445847803543
2005-10-19,46.5099983215332,46.5099983215332,46.040000915527344,46.34000015258789,2958200,-0.014042549944938476
2005-10-20,46.33000183105469,46.34000015258789,45.83000183105469,45.97999954223633,1680300,-0.007768679524517874
2005-10-21,46.119998931884766,46.560001373291016,45.90999984741211,46.52000045776367,1409400,0.0117442566529673
2005-10-24,46.38999938964844,46.72999954223633,46.310001373291016,46.38999938964844,2051300,-0.0027945199233878615
2005-10-25,46.93000030517578,47.189998626708984,46.900001525878906,47.060001373291016,3290500,0.014442810788052762
2005-10-26,47.09000015258789,47.209999084472656,46.88999938964844,46.93000030517578,2248400,-0.0027624535554947593
2005-10-27,47.400001525878906,47.41999816894531,47.099998474121094,47.18000030517578,2464500,0.005327082854768905
2005-10-28,46.869998931884766,47.2599983215332,46.81999969482422,47.220001220703125,1435000,0.0008478362710597764
2005-10-31,47.02000045776367,47.040000915527344,46.33000183105469,46.400001525878906,2327500,-0.017365516171666262
2005-11-01,46.06999969482422,46.06999969482422,45.650001525878906,45.72999954223633,3483400,-0.014439697448477284
2005-11-02,45.9900016784668,46.22999954223633,45.900001525878906,46.130001068115234,1008600,0.00874702667577032
2005-11-03,46.060001373291016,46.08000183105469,45.75,45.959999084472656,1703300,-0.003685280288451609
2005-11-04,45.93000030517578,46.06999969482422,45.31999969482422,45.5099983215332,1813200,-0.009791139510520241
2005-11-07,45.66999816894531,45.81999969482422,45.459999084472656,45.77000045776367,816600,0.0057130772537832275
2005-11-08,45.83000183105469,46.099998474121094,45.81999969482422,45.90999984741211,583600,0.0030587587556969442
2005-11-09,46.119998931884766,46.650001525878906,46.029998779296875,46.560001373291016,1382700,0.014158168765830315
2005-11-10,46.779998779296875,46.81999969482422,46.36000061035156,46.47999954223633,810900,-0.001718252334515169
2005-11-11,46.54999923706055,46.79999923706055,46.439998626708984,46.79999923706055,1467300,0.006884675085537362
2005-11-14,46.560001373291016,46.810001373291016,46.5099983215332,46.619998931884766,706500,-0.003846160429704426
2005-11-15,46.79999923706055,46.83000183105469,46.529998779296875,46.65999984741211,1325400,0.0008580205157402432
2005-11-16,47.290000915527344,47.779998779296875,47.220001220703125,47.779998779296875,2355200,0.024003406248336745
2005-11-17,48.22999954223633,48.58000183105469,48.16999816894531,48.47999954223633,4172400,0.014650497715013922
2005-11-18,48.5,48.61000061035156,48.20000076293945,48.459999084472656,1453800,-0.0004125507003408524
2005-11-21,48.689998626708984,49.02000045776367,48.5,48.9900016784668,2384900,0.010936908873445672
2005-11-22,49.02000045776367,49.34000015258789,48.849998474121094,49.31999969482422,2799500,0.006736027863874616
2005-11-23,48.79999923706055,49.25,48.2400016784668,49.150001525878906,1731700,-0.0034468404297892663
2005-11-25,49.45000076293945,49.9900016784668,49.29999923706055,49.41999816894531,775000,0.0054933191187032104
2005-11-28,49.29999923706055,49.75,49.2599983215332,49.7400016784668,2192000,0.006475182545080838
2005-11-29,49.56999969482422,49.97999954223633,49.380001068115234,49.79999923706055,2283600,0.0012062234935492633
2005-11-30,49.36000061035156,49.5,49.060001373291016,49.099998474121094,1833400,-0.014056240435010303
2005-12-01,49.630001068115234,50.290000915527344,49.58000183105469,50.16999816894531,2557900,0.021792255154308826
2005-12-02,49.93000030517578,50.34000015258789,49.88999938964844,50.31999969482422,1651900,0.002989865085778698
2005-12-05,50.43000030517578,50.79999923706055,50.290000915527344,50.779998779296875,1847500,0.009141476296947726
2005-12-06,50.380001068115234,50.95000076293945,50.209999084472656,50.88999938964844,2493600,0.00216621923977689
2005-12-07,51.220001220703125,51.5,51.099998474121094,51.31999969482422,2279800,0.00844960326848132
2005-12-08,51.34000015258789,51.95000076293945,51.2599983215332,51.900001525878906,3046000,0.011301672535145801
2005-12-09,52.310001373291016,52.900001525878906,52.029998779296875,52.400001525878906,5882400,0.00963391108477496
2005-12-12,53.09000015258789,53.7599983215332,52.25,52.560001373291016,7504600,0.0030534321136057585
2005-12-13,52.20000076293945,53.22999954223633,51.560001373291016,51.650001525878906,6162100,-0.017313543067647985
2005-12-14,50.95000076293945,51.20000076293945,50.25,50.349998474121094,6994000,-0.025169467828698
2005-12-15,50.47999954223633,50.790000915527344,50.11000061035156,50.2400016784668,4728500,-0.0021846434754280164
2005-12-16,50.31999969482422,50.59000015258789,49.93000030517578,50.09000015258789,2688000,-0.0029856990618533086
2005-12-19,50.58000183105469,50.75,50.119998931884766,50.220001220703125,2077100,0.0025953497248796253
2005-12-20,50.349998474121094,50.400001525878906,49.0,49.040000915527344,4317900,-0.02349662040010725
2005-12-21,49.119998931884766,49.45000076293945,48.79999923706055,49.369998931884766,3956400,0.006729160077420415
2005-12-22,49.5099983215332,50.29999923706055,49.470001220703125,50.13999938964844,2965300,0.015596525712427756
2005-12-23,50.099998474121094,50.459999084472656,50.08000183105469,50.119998931884766,2877600,-0.0003988922618096691
2005-12-27,50.650001525878906,50.70000076293945,50.5,50.63999938964844,4403700,0.010375109115033698
2005-12-28,51.5099983215332,51.61000061035156,51.18000030517578,51.470001220703125,5060900,0.016390241727063604
2005-12-29,51.47999954223633,51.58000183105469,50.91999816894531,51.470001220703125,3280200,0.0
2005-12-30,51.189998626708984,51.720001220703125,51.16999816894531,51.58000183105469,2635900,0.00213717908961919
2006-01-03,52.290000915527344,53.18000030517578,52.22999954223633,53.119998931884766,4606500,0.029856476272998034
2006-01-04,52.869998931884766,53.34000015258789,52.619998931884766,53.29999923706055,5287900,0.0033885600300291863
2006-01-05,52.560001373291016,52.720001220703125,52.099998474121094,52.34000015258789,7661800,-0.018011240116588056
2006-01-06,53.13999938964844,53.869998931884766,53.040000915527344,53.720001220703125,4629800,0.02636608834719323
2006-01-09,53.459999084472656,54.9900016784668,53.310001373291016,54.599998474121094,5394200,0.016381184538745375
2006-01-10,53.959999084472656,54.380001068115234,53.7599983215332,54.060001373291016,5700600,-0.009890057068152158
2006-01-11,54.2400016784668,54.77000045776367,54.06999969482422,54.529998779296875,4209500,0.00869399545073013
2006-01-12,54.209999084472656,54.63999938964844,54.0099983215332,54.43000030517578,3603000,-0.0018338249836722387
2006-01-13,54.54999923706055,55.560001373291016,54.5099983215332,55.439998626708984,4346200,0.018555912472356884
2006-01-17,55.25,55.869998931884766,55.029998779296875,55.2599983215332,5130400,-0.0032467588317915963
2006-01-18,54.63999938964844,54.72999954223633,54.0099983215332,54.06999969482422,4565200,-0.021534539682482756
2006-01-19,54.959999084472656,55.709999084472656,54.95000076293945,55.59000015258789,5290700,0.02811171567121673
2006-01-20,56.119998931884766,56.599998474121094,55.02000045776367,55.20000076293945,7270600,-0.007015639298038057
2006-01-23,55.59000015258789,55.900001525878906,55.2599983215332,55.77000045776367,4968500,0.010326081285254363
2006-01-24,55.5,55.72999954223633,55.27000045776367,55.72999954223633,3419100,-0.0007172478967010232
2006-01-25,56.220001220703125,56.529998779296875,55.7400016784668,56.13999938964844,10005200,0.007356896658529122
2006-01-26,55.529998779296875,55.90999984741211,55.27000045776367,55.880001068115234,4306500,-0.004631249097967416
2006-01-27,55.959999084472656,56.22999954223633,55.470001220703125,55.630001068115234,4285400,-0.004473872498593212
2006-01-30,55.970001220703125,56.70000076293945,55.95000076293945,56.68000030517578,3969200,0.01887469381449214
2006-01-31,56.56999969482422,57.04999923706055,56.529998779296875,56.70000076293945,5011700,0.0003528662254055348
2006-02-01,56.790000915527344,56.900001525878906,56.08000183105469,56.70000076293945,4700900,0.0
2006-02-02,57.040000915527344,57.29999923706055,56.66999816894531,56.97999954223633,5114300,0.004938250009334899
2006-02-03,57.06999969482422,57.20000076293945,56.25,56.5,5054000,-0.008424000457924352
2006-02-06,56.7599983215332,57.150001525878906,56.650001525878906,56.720001220703125,3455200,0.003893826915099652
2006-02-07,55.880001068115234,55.91999816894531,54.33000183105469,54.599998474121094,10197200,-0.03737663436100591
2006-02-08,54.70000076293945,55.08000183105469,54.40999984741211,54.83000183105469,5375900,0.0042125158124795
2006-02-09,55.720001220703125,56.45000076293945,55.54999923706055,56.18000030517578,5299300,0.024621528889982258
2006-02-10,55.7400016784668,55.7400016784668,54.41999816894531,54.790000915527344,4328600,-0.02474189003378091
2006-02-13,54.63999938964844,54.900001525878906,53.54999923706055,53.720001220703125,5122900,-0.01952910525542595
2006-02-14,53.939998626708984,54.529998779296875,53.68000030517578,54.4900016784668,3611000,0.014333589729460527
2006-02-15,54.29999923706055,54.29999923706055,53.33000183105469,53.7599983215332,4813900,-0.013397014763206982
2006-02-16,53.41999816894531,54.540000915527344,53.41999816894531,54.52000045776367,5589300,0.014136944939711071
2006-02-17,54.66999816894531,55.20000076293945,54.599998474121094,54.959999084472656,3927200,0.008070407612154273
2006-02-21,55.13999938964844,55.34000015258789,55.0,55.119998931884766,3352600,0.002911205423533403
2006-02-22,54.970001220703125,55.349998474121094,54.86000061035156,55.34000015258789,3835700,0.003991313950767461
2006-02-23,55.08000183105469,55.11000061035156,54.54999923706055,54.63999938964844,2428700,-0.012649092175810561
2006-02-24,55.209999084472656,55.709999084472656,55.029998779296875,55.63999938964844,4927100,0.01830161074616421
2006-02-27,55.2599983215332,55.31999969482422,55.0099983215332,55.220001220703125,2291600,-0.007548493413956692
2006-02-28,55.43000030517578,56.06999969482422,55.29999923706055,56.06999969482422,3425900,0.015392945587303197
2006-03-01,56.02000045776367,56.41999816894531,55.91999816894531,56.099998474121094,4266500,0.0005350237107213385
2006-03-02,56.150001525878906,56.81999969482422,55.9900016784668,56.7400016784668,3862000,0.011408257072251793
2006-03-03,56.47999954223633,56.540000915527344,56.20000076293945,56.279998779296875,3102800,-0.008107206301766756
2006-03-06,56.40999984741211,56.45000076293945,54.959999084472656,55.22999954223633,5432000,-0.018656703266432872
2006-03-07,55.33000183105469,55.33000183105469,54.54999923706055,54.95000076293945,4385400,-0.00506968643160588
2006-03-08,54.209999084472656,54.27000045776367,53.560001373291016,53.970001220703125,6712100,-0.017834386326292417
2006-03-09,54.599998474121094,54.779998779296875,54.130001068115234,54.2400016784668,3799200,0.00500278769050877
2006-03-10,53.220001220703125,53.970001220703125,53.150001525878906,53.83000183105469,6489200,-0.007558994003034503
2006-03-13,54.09000015258789,54.459999084472656,53.91999816894531,54.310001373291016,2425700,0.008916951995335376
2006-03-14,54.22999954223633,55.0,54.20000076293945,54.869998931884766,2671700,0.01031113136500772
2006-03-15,55.40999984741211,55.439998626708984,54.97999954223633,55.119998931884766,4706800,0.004556223890405997
2006-03-16,55.150001525878906,55.34000015258789,54.4900016784668,55.34000015258789,3342200,0.003991313950767461
2006-03-17,55.279998779296875,55.33000183105469,54.93000030517578,55.119998931884766,2236000,-0.003975446694913676
2006-03-20,55.0099983215332,55.400001525878906,54.97999954223633,55.16999816894531,1884000,0.0009070979323191342
2006-03-21,54.709999084472656,55.279998779296875,54.400001525878906,54.83000183105469,4518900,-0.006162703447070372
2006-03-22,54.75,54.93000030517578,54.599998474121094,54.75,1077300,-0.0014590886081162768
2006-03-23,54.36000061035156,54.849998474121094,54.2400016784668,54.70000076293945,4000800,-0.0009132280741652732
2006-03-24,55.150001525878906,55.83000183105469,55.099998474121094,55.709999084472656,3785000,0.01846432006299903
2006-03-27,56.18000030517578,56.54999923706055,56.18000030517578,56.38999938964844,4081900,0.012206072811896895
2006-03-28,56.560001373291016,56.630001068115234,55.91999816894531,56.060001373291016,3419700,-0.005852066322561411
2006-03-29,56.34000015258789,57.150001525878906,56.25,57.06999969482422,5536700,0.01801638060634092
2006-03-30,57.97999954223633,58.70000076293945,57.810001373291016,58.599998474121094,5875300,0.02680916046045878
2006-03-31,58.06999969482422,58.310001373291016,57.560001373291016,58.099998474121094,5076400,-0.008532423430365976
2006-04-03,58.619998931884766,58.93000030517578,58.400001525878906,58.470001220703125,4894500,0.006368377905325406
2006-04-04,58.439998626708984,58.7599983215332,58.18000030517578,58.33000183105469,5094500,-0.002394379796914814
2006-04-05,58.63999938964844,58.709999084472656,58.0,58.65999984741211,6660300,0.005657431956083592
2006-04-06,58.970001220703125,59.34000015258789,58.849998474121094,59.279998779296875,5644000,0.01056936470333314
2006-04-07,58.66999816894531,58.81999969482422,58.220001220703125,58.59000015258789,3427000,-0.011639653186868215
2006-04-10,59.47999954223633,59.650001525878906,58.95000076293945,59.599998474121094,3682000,0.01723840790071396
2006-04-11,59.52000045776367,59.849998474121094,59.0,59.0099983215332,5023400,-0.009899331672702516
2006-04-12,59.45000076293945,59.709999084472656,59.150001525878906,59.43000030517578,3709300,0.00711747154023068
2006-04-13,59.130001068115234,59.599998474121094,58.869998931884766,59.5,2812500,0.0011778511604370046
2006-04-17,60.380001068115234,61.29999923706055,60.20000076293945,61.09000015258789,6072600,0.026722691640132634
2006-04-18,61.25,61.93000030517578,61.060001373291016,61.849998474121094,5130700,0.01244063381297944
2006-04-19,61.959999084472656,63.95000076293945,61.900001525878906,63.75,11285100,0.030719508047747146
2006-04-20,63.38999938964844,63.45000076293945,60.439998626708984,60.959999084472656,12977900,-0.043764720243566146
2006-04-21,62.5099983215332,63.279998779296875,61.779998779296875,63.20000076293945,7528100,0.03674543490991211
2006-04-24,62.349998474121094,62.529998779296875,61.599998474121094,61.650001525878906,7385300,-0.02452530408780418
2006-04-25,62.86000061035156,63.18000030517578,62.18000030517578,62.779998779296875,5611200,0.018329233178423054
2006-04-26,63.040000915527344,63.790000915527344,63.040000915527344,63.650001525878906,5795200,0.01385796055269961
2006-04-27,62.84000015258789,64.0,62.77000045776367,62.959999084472656,6421200,-0.01084057226810442
2006-04-28,63.900001525878906,65.2699966430664,63.83000183105469,65.08999633789062,8378000,0.03383096067965585
2006-05-01,65.68000030517578,65.83000183105469,64.9800033569336,65.16000366210938,7556200,0.0010755465994394253
2006-05-02,65.5999984741211,66.56999969482422,65.55999755859375,66.55000305175781,6194800,0.021332095020380137
2006-05-03,67.13999938964844,67.13999938964844,65.33000183105469,66.45999908447266,11554600,-0.001352426193206302
2006-05-04,66.76000213623047,67.66999816894531,66.22000122070312,67.4800033569336,14123500,0.015347641987844218
2006-05-05,67.51000213623047,68.01000213623047,67.05999755859375,67.98999786376953,9270900,0.007557713121890908
2006-05-08,67.19999694824219,67.61000061035156,66.75,67.55999755859375,6528700,-0.006324464166587607
2006-05-09,68.54000091552734,69.72000122070312,68.44999694824219,69.68000030517578,12056900,0.0313795562935506
2006-05-10,69.2699966430664,70.48999786376953,69.2699966430664,70.37999725341797,10312100,0.010045880384277117
2006-05-11,71.9800033569336,72.1500015258789,71.0,71.02999877929688,17781400,0.009235600330281812
2006-05-12,71.83999633789062,72.26000213623047,70.19999694824219,71.12000274658203,20635500,0.0012671261274381784
2006-05-15,68.68000030517578,69.30000305175781,67.31999969482422,67.41000366210938,18383800,-0.05216533944314217
2006-05-16,68.31999969482422,68.86000061035156,67.87000274658203,68.61000061035156,12221900,0.017801466889946216
2006-05-17,69.51000213623047,70.16999816894531,68.06999969482422,68.1500015258789,16414700,-0.006704548613620798
2006-05-18,68.69000244140625,69.0999984741211,67.36000061035156,67.45999908447266,12720700,-0.010124760468922855
2006-05-19,65.76000213623047,66.05000305175781,64.69999694824219,65.58000183105469,18687500,-0.02786832610335288
2006-05-22,64.41999816894531,65.41999816894531,63.79999923706055,65.30000305175781,11977700,-0.00426957565536823
2006-05-23,65.98999786376953,67.16000366210938,65.91000366210938,66.37999725341797,10509700,0.016538960967645622
2006-05-24,64.83000183105469,65.16000366210938,63.220001220703125,64.05999755859375,11065600,-0.03495028307951242
2006-05-25,64.12000274658203,64.76000213623047,63.7599983215332,64.69999694824219,6505400,0.009990624633774647
2006-05-26,65.01000213623047,65.0999984741211,63.75,65.0999984741211,5265900,0.006182404091902738
2006-05-30,65.19999694824219,66.23999786376953,65.0,65.11000061035156,8240200,0.00015364264923056759
2006-05-31,65.52999877929688,65.58999633789062,63.58000183105469,64.2300033569336,7573300,-0.013515546692808078
2006-06-01,62.150001525878906,62.970001220703125,61.79999923706055,62.560001373291016,11751400,-0.026000340905513952
2006-06-02,63.099998474121094,63.59000015258789,62.529998779296875,63.5,6958900,0.01502555316615295
2006-06-05,63.81999969482422,64.19000244140625,63.119998931884766,63.290000915527344,6018600,-0.0033070721964197913
2006-06-06,62.58000183105469,62.66999816894531,62.15999984741211,62.54999923706055,7175100,-0.01169223681090592
2006-06-07,61.540000915527344,62.849998474121094,61.349998474121094,62.279998779296875,10172700,-0.004316554133604211
2006-06-08,61.5,61.529998779296875,60.43000030517578,60.90999984741211,14228500,-0.021997414237910684
2006-06-09,61.16999816894531,61.380001068115234,59.709999084472656,60.45000076293945,7414800,-0.007552111075767809
2006-06-12,60.779998779296875,60.84000015258789,59.97999954223633,60.029998779296875,4122500,-0.006947923545768897
2006-06-13,58.099998474121094,58.650001525878906,55.810001373291016,55.91999816894531,26220600,-0.0684657786761278
2006-06-14,56.650001525878906,56.90999984741211,55.04999923706055,55.619998931884766,12655100,-0.0053647933992091446
2006-06-15,57.119998931884766,57.619998931884766,56.33000183105469,57.31999969482422,11907900,0.030564559431605964
2006-06-16,57.29999923706055,57.93000030517578,56.43000030517578,57.68000030517578,7319400,0.0062805410374777715
2006-06-19,56.849998474121094,57.25,56.150001525878906,56.36000061035156,5737400,-0.022884876696260603
2006-06-20,56.63999938964844,57.47999954223633,56.15999984741211,57.29999923706055,11072400,0.0166784708397667
2006-06-21,56.619998931884766,58.77000045776367,56.619998931884766,58.33000183105469,6162100,0.01797561269997283
2006-06-22,58.16999816894531,58.61000061035156,57.65999984741211,57.72999954223633,5374800,-0.010286340990630971
2006-06-23,57.27000045776367,58.29999923706055,57.27000045776367,57.9900016784668,6106700,0.00450376127303187
2006-06-26,58.25,58.33000183105469,57.41999816894531,58.279998779296875,3423700,0.005000812078571837
2006-06-27,58.709999084472656,59.2599983215332,57.68000030517578,57.68000030517578,6515900,-0.010295101007006813
2006-06-28,58.150001525878906,58.189998626708984,57.349998474121094,57.540000915527344,2898900,-0.00242717387149316
2006-06-29,58.0,59.779998779296875,58.0,59.52000045776367,10748500,0.0344108361267339
2006-06-30,60.869998931884766,61.349998474121094,60.68000030517578,61.22999954223633,7773800,0.028729823106874885
2006-07-03,61.959999084472656,62.369998931884766,61.880001068115234,62.18000030517578,3078500,0.015515282868557634
2006-07-05,62.47999954223633,62.630001068115234,61.439998626708984,62.5,8178400,0.005146344375260181
2006-07-06,62.459999084472656,63.20000076293945,62.04999923706055,63.02000045776367,5686600,0.00832000732421867
2006-07-07,62.84000015258789,63.04999923706055,62.459999084472656,62.630001068115234,5328700,-0.006188501853626849
2006-07-10,62.130001068115234,62.5,61.9900016784668,62.02000045776367,3512000,-0.00973975091726631
2006-07-11,62.83000183105469,63.97999954223633,62.70000076293945,63.810001373291016,5787000,0.02886167207861212
2006-07-12,64.6500015258789,65.19000244140625,63.0099983215332,64.91999816894531,9450300,0.017395341980338985
2006-07-13,65.08999633789062,65.68000030517578,64.11000061035156,65.55000305175781,12226800,0.00970432687279188
2006-07-14,65.9000015258789,66.41999816894531,65.69999694824219,65.8499984741211,10035800,0.004576588991558106
2006-07-17,64.79000091552734,65.22000122070312,63.66999816894531,63.95000076293945,9905000,-0.02885342073209518
2006-07-18,64.75,64.75,62.34000015258789,62.900001525878906,7639300,-0.016419065278089007
2006-07-19,62.56999969482422,64.23999786376953,62.47999954223633,64.02999877929688,7261300,0.01796497974571687
2006-07-20,63.400001525878906,63.970001220703125,62.400001525878906,62.540000915527344,6402700,-0.02327030910785055
2006-07-21,63.189998626708984,63.25,61.209999084472656,61.709999084472656,6949300,-0.013271535319863026
2006-07-24,60.630001068115234,61.22999954223633,59.83000183105469,61.13999938964844,7281000,-0.009236747743975315
2006-07-25,61.34000015258789,61.599998474121094,60.560001373291016,61.54999923706055,4736800,0.006705918408653533
2006-07-26,61.349998474121094,62.36000061035156,60.93000030517578,62.0,3376000,0.007311141649348762
2006-07-27,63.529998779296875,63.61000061035156,62.54999923706055,62.900001525878906,4697300,0.01451615364320813
2006-07-28,62.779998779296875,63.34000015258789,62.75,63.11000061035156,3156400,0.0033386181141228377
2006-07-31,63.119998931884766,63.349998474121094,62.439998626708984,63.15999984741211,3420200,0.0007922553727934822
2006-08-01,62.91999816894531,64.45999908447266,62.91999816894531,64.31999969482422,4669800,0.018366052093327312
2006-08-02,64.73999786376953,65.22000122070312,64.4000015258789,64.75,5052000,0.006685328159452553
2006-08-03,64.0,64.33000183105469,63.54999923706055,64.12000274658203,3840600,-0.009729687311474389
2006-08-04,64.87000274658203,64.9800033569336,64.0,64.27999877929688,4811100,0.00249525929291039
2006-08-07,64.47000122070312,64.80999755859375,64.25,64.5,2493800,0.0034225455021941187
2006-08-08,63.97999954223633,64.56999969482422,63.849998474121094,63.970001220703125,5574200,-0.008217035337936052
2006-08-09,64.55999755859375,65.12999725341797,64.38999938964844,64.62999725341797,4369600,0.010317274036587776
2006-08-10,64.0199966430664,64.37999725341797,62.970001220703125,63.25,6869900,-0.021352271577653292
2006-08-11,63.58000183105469,64.0999984741211,62.2400016784668,62.709999084472656,6962800,-0.008537563881855226
2006-08-14,62.38999938964844,62.900001525878906,62.02000045776367,62.25,3526100,-0.007335338720911522
2006-08-15,61.95000076293945,62.27000045776367,61.68000030517578,62.0099983215332,4833600,-0.0038554486500690377
2006-08-16,62.630001068115234,62.88999938964844,62.2400016784668,62.4900016784668,3332900,0.007740741330852563
2006-08-17,62.31999969482422,62.349998474121094,60.959999084472656,61.029998779296875,4215900,-0.02336378396470773
2006-08-18,61.4900016784668,61.5,60.29999923706055,61.040000915527344,6418400,0.00016388884860774056
2006-08-21,62.09000015258789,62.47999954223633,61.79999923706055,62.439998626708984,3595900,0.02293574197548076
2006-08-22,62.04999923706055,62.20000076293945,61.61000061035156,62.04999923706055,4067700,-0.006245986518673807
2006-08-23,62.560001373291016,62.68000030517578,61.75,61.83000183105469,3573700,-0.003545486038853407
2006-08-24,61.97999954223633,62.060001373291016,61.45000076293945,61.75,2198000,-0.0012938998655261935
2006-08-25,61.880001068115234,62.0,61.58000183105469,61.77000045776367,2127000,0.0003238940528529355
2006-08-28,61.79999923706055,61.79999923706055,60.83000183105469,61.0,3584600,-0.012465605505218913
2006-08-29,61.0,61.09000015258789,60.31999969482422,60.939998626708984,3609800,-0.0009836290703445494
2006-08-30,61.4900016784668,61.65999984741211,61.09000015258789,61.41999816894531,2901600,0.007876592600150722
2006-08-31,62.0,62.29999923706055,61.72999954223633,62.290000915527344,4842300,0.014164812317137399
2006-09-01,61.95000076293945,62.290000915527344,61.47999954223633,62.13999938964844,3210200,-0.002408115647362541
2006-09-05,63.20000076293945,63.630001068115234,63.060001373291016,63.36000061035156,4219400,0.01963310641593541
2006-09-06,63.220001220703125,63.52000045776367,62.83000183105469,62.86000061035156,3210900,-0.007891414065395619
2006-09-07,61.869998931884766,61.91999816894531,60.9900016784668,61.25,5402300,-0.02561248162136409
2006-09-08,60.52000045776367,60.77000045776367,60.279998779296875,60.63999938964844,3693400,-0.009959193638392816
2006-09-11,58.849998474121094,59.25,57.90999984741211,58.5,10580700,-0.03529022775705615
2006-09-12,58.650001525878906,59.09000015258789,58.18000030517578,58.31999969482422,5836200,-0.003076928293603065
2006-09-13,58.599998474121094,58.93000030517578,57.970001220703125,58.619998931884766,3539100,0.0051440198667760395
2006-09-14,58.59000015258789,58.720001220703125,57.08000183105469,57.189998626708984,7637700,-0.02439441029054623
2006-09-15,57.20000076293945,57.790000915527344,56.65999984741211,57.400001525878906,6454800,0.0036720214060619316
2006-09-18,57.470001220703125,58.38999938964844,57.41999816894531,58.22999954223633,4438700,0.014459895370964704
2006-09-19,58.02000045776367,58.11000061035156,56.84000015258789,56.91999816894531,5287000,-0.022497018437048433
2006-09-20,57.810001373291016,58.2400016784668,57.20000076293945,57.2599983215332,5385200,0.005973298726727361
2006-09-21,57.349998474121094,58.09000015258789,57.220001220703125,57.95000076293945,3870800,0.01205033988180837
2006-09-22,58.70000076293945,58.75,57.9900016784668,58.5,3320300,0.009490927175488162
2006-09-25,58.150001525878906,58.7599983215332,57.779998779296875,58.5,3797300,0.0
2006-09-26,58.5,58.970001220703125,58.25,58.7400016784668,2763400,0.0041025927943041385
2006-09-27,59.220001220703125,59.86000061035156,58.72999954223633,59.810001373291016,4656900,0.01821586081459814
2006-09-28,59.880001068115234,60.27000045776367,59.56999969482422,59.790000915527344,3930900,-0.0003343998880528387
2006-09-29,59.52000045776367,59.630001068115234,58.97999954223633,59.470001220703125,3201000,-0.005352060376722867
2006-10-02,59.79999923706055,59.880001068115234,59.029998779296875,59.150001525878906,2018800,-0.005380859059286869
2006-10-03,57.93000030517578,58.13999938964844,56.90999984741211,57.11000061035156,5233800,-0.03448860292310929
2006-10-04,57.470001220703125,57.52000045776367,55.54999923706055,56.369998931884766,8153900,-0.012957479785644876
2006-10-05,56.939998626708984,57.02000045776367,56.31999969482422,56.91999816894531,3890700,0.009756949573924034
2006-10-06,56.279998779296875,57.02000045776367,55.630001068115234,56.9900016784668,4282700,0.0012298579018521494
2006-10-09,57.459999084472656,57.5,56.720001220703125,57.20000076293945,2689800,0.003684840819227375
2006-10-10,56.54999923706055,57.279998779296875,56.47999954223633,57.0,3422100,-0.0034965167879689174
2006-10-11,57.29999923706055,57.52000045776367,56.70000076293945,56.880001068115234,2944200,-0.002105244419030927
2006-10-12,56.7400016784668,57.4900016784668,56.650001525878906,57.4900016784668,2777500,0.01072434245599041
2006-10-13,58.25,58.599998474121094,57.939998626708984,58.56999969482422,3078400,0.018785840751887495
2006-10-16,58.93000030517578,59.18000030517578,58.720001220703125,59.16999816894531,1986300,0.010244126297547451
2006-10-17,59.0,59.099998474121094,58.119998931884766,58.650001525878906,2657100,-0.008788180820653135
2006-10-18,58.81999969482422,59.029998779296875,58.2599983215332,58.59000015258789,3679000,-0.0010230412912187736
2006-10-19,59.040000915527344,59.650001525878906,59.02000045776367,59.40999984741211,2952900,0.013995557137543413
2006-10-20,59.45000076293945,59.47999954223633,58.650001525878906,58.779998779296875,3190500,-0.010604293380463203
2006-10-23,57.880001068115234,58.189998626708984,57.52000045776367,57.7599983215332,3521800,-0.017352849250533375
2006-10-24,57.20000076293945,58.2599983215332,56.869998931884766,58.16999816894531,3558200,0.00709833551465433
2006-10-25,57.83000183105469,58.779998779296875,57.54999923706055,58.7599983215332,4384200,0.010142688175343029
2006-10-26,59.029998779296875,59.45000076293945,58.97999954223633,59.290000915527344,5241100,0.009019785723852092
2006-10-27,59.43000030517578,59.56999969482422,59.040000915527344,59.400001525878906,3080700,0.0018552978352670557
2006-10-30,60.04999923706055,60.650001525878906,59.880001068115234,59.900001525878906,4675700,0.008417508201277846
2006-10-31,59.59000015258789,60.36000061035156,59.56999969482422,60.2400016784668,4603000,0.005676129280914877
2006-11-01,61.029998779296875,61.54999923706055,60.68000030517578,61.36000061035156,8172300,0.018592279227726438
2006-11-02,61.470001220703125,62.189998626708984,61.470001220703125,61.91999816894531,6680500,0.009126426874566773
2006-11-03,61.810001373291016,62.5,61.650001525878906,62.29999923706055,7359200,0.006136968335793913
2006-11-06,62.16999816894531,62.34000015258789,61.849998474121094,61.88999938964844,4078400,-0.006581057021397441
2006-11-07,62.349998474121094,62.47999954223633,61.970001220703125,62.040000915527344,5332400,0.002423679550140667
2006-11-08,61.939998626708984,62.08000183105469,60.869998931884766,61.11000061035156,5319300,-0.014990333517919452
2006-11-09,62.119998931884766,63.130001068115234,61.939998626708984,62.95000076293945,6634800,0.030109640553271477
2006-11-10,62.70000076293945,62.81999969482422,62.060001373291016,62.4900016784668,4437000,-0.007307372182646099
2006-11-13,61.93000030517578,62.25,61.77000045776367,62.189998626708984,3408800,-0.0048008168298896425
2006-11-14,62.310001373291016,62.52000045776367,61.459999084472656,61.630001068115234,5706200,-0.009004624070746425
2006-11-15,61.34000015258789,62.06999969482422,61.25,61.84000015258789,3760500,0.0034074165314479377
2006-11-16,62.15999984741211,62.29999923706055,61.27000045776367,61.310001373291016,4347500,-0.008570484766965092
2006-11-17,61.400001525878906,61.779998779296875,61.34000015258789,61.779998779296875,3390900,0.007665917394851229
2006-11-20,62.060001373291016,62.25,61.560001373291016,61.77000045776367,2947200,-0.0001618375158750629
2006-11-21,62.25,62.52000045776367,62.029998779296875,62.27000045776367,2930400,0.008094544217170263
2006-11-22,62.63999938964844,63.06999969482422,62.25,62.5,4863600,0.003693585041681935
2006-11-24,63.47999954223633,63.68000030517578,63.310001373291016,63.5,6886100,0.016000000000000014
2006-11-27,63.459999084472656,63.7400016784668,63.31999969482422,63.70000076293945,5249800,0.0031496183140071743
2006-11-28,63.599998474121094,63.709999084472656,62.81999969482422,63.56999969482422,6057400,-0.00204083306998748
2006-11-29,63.369998931884766,63.38999938964844,63.08000183105469,63.15999984741211,4006500,-0.006449580767348806
2006-11-30,64.06999969482422,64.43000030517578,63.900001525878906,64.38999938964844,6362700,0.019474343654336312
2006-12-01,64.19999694824219,64.55000305175781,63.9900016784668,64.12000274658203,6363800,-0.004193145606859794
2006-12-04,64.02999877929688,64.13999938964844,63.560001373291016,64.12000274658203,3469100,0.0
2006-12-05,64.25,64.41999816894531,63.36000061035156,63.810001373291016,5254600,-0.004834706176108816
2006-12-06,63.08000183105469,63.45000076293945,62.290000915527344,62.689998626708984,6386500,-0.017552150485469653
2006-12-07,62.63999938964844,62.779998779296875,61.9900016784668,62.72999954223633,5384600,0.0006380749147170128
2006-12-08,63.08000183105469,63.34000015258789,61.869998931884766,62.04999923706055,6080900,-0.010840113345097935
2006-12-11,62.18000030517578,62.599998474121094,62.06999969482422,62.56999969482422,3163800,0.008380345917121224
2006-12-12,62.40999984741211,62.560001373291016,62.16999816894531,62.52000045776367,3017900,-0.0007990928129201214
2006-12-13,62.099998474121094,62.56999969482422,61.880001068115234,62.47999954223633,3595400,-0.0006398099045819006
2006-12-14,62.290000915527344,62.470001220703125,62.040000915527344,62.119998931884766,2237300,-0.005761853600978362
2006-12-15,62.209999084472656,62.220001220703125,60.93000030517578,61.0,7427800,-0.018029603205770406
2006-12-18,60.849998474121094,61.11000061035156,60.650001525878906,61.040000915527344,3880800,0.0006557527135631069
2006-12-19,61.20000076293945,61.83000183105469,61.18000030517578,61.79999923706055,4254900,0.012450824215827883
2006-12-20,61.63999938964844,61.79999923706055,61.45000076293945,61.619998931884766,2979300,-0.002912626333300028
2006-12-21,61.58000183105469,61.70000076293945,61.27000045776367,61.380001068115234,2483300,-0.003894804737579194
2006-12-22,61.45000076293945,61.79999923706055,61.31999969482422,61.650001525878906,1367400,0.004398834360788584
2006-12-26,62.2400016784668,62.45000076293945,61.869998931884766,61.97999954223633,1975200,0.005352765745170407
2006-12-27,62.29999923706055,62.459999084472656,62.16999816894531,62.220001220703125,3063500,0.003872243953523258
2006-12-28,62.970001220703125,63.04999923706055,62.689998626708984,62.900001525878906,2538900,0.010928966439002874
2006-12-29,62.90999984741211,63.25,62.880001068115234,63.209999084472656,2117200,0.004928418935987056
2007-01-03,63.58000183105469,64.0199966430664,62.0,62.279998779296875,8061900,-0.014712866930008173
2007-01-04,62.06999969482422,62.5,61.52000045776367,61.650001525878906,4858600,-0.010115563034137298
2007-01-05,60.75,60.779998779296875,59.65999984741211,60.16999816894531,12500100,-0.024006542097364414
2007-01-08,60.380001068115234,60.540000915527344,59.849998474121094,60.47999954223633,3478700,0.005152092117745921
2007-01-09,60.13999938964844,61.09000015258789,60.060001373291016,60.849998474121094,4170400,0.006117707253393334
2007-01-10,60.459999084472656,60.81999969482422,60.060001373291016,60.59000015258789,3766000,-0.004272774495528986
2007-01-11,60.70000076293945,61.06999969482422,60.529998779296875,60.630001068115234,4640000,0.0006601900549034756
2007-01-12,61.0,62.279998779296875,60.900001525878906,62.16999816894531,5840200,0.025399918748145067
2007-01-16,62.20000076293945,62.29999923706055,61.7400016784668,61.970001220703125,3201000,-0.0032169366918541886
2007-01-17,61.970001220703125,62.900001525878906,61.970001220703125,62.63999938964844,4516200,0.010811653312046143
2007-01-18,62.9900016784668,63.15999984741211,62.150001525878906,62.2599983215332,4460100,-0.006066428349583153
2007-01-19,62.52000045776367,63.130001068115234,62.27000045776367,63.0,3258400,0.01188566814032277
2007-01-22,63.0099983215332,63.47999954223633,62.650001525878906,62.720001220703125,3941200,-0.004444425068204416
2007-01-23,63.68000030517578,64.29000091552734,63.66999816894531,64.2300033569336,6322000,0.024075288693266694
2007-01-24,63.709999084472656,64.41000366210938,63.369998931884766,64.33000183105469,5241200,0.0015568810352599716
2007-01-25,64.80000305175781,64.87999725341797,63.97999954223633,64.05999755859375,5985700,-0.004197174953764704
2007-01-26,64.16000366210938,64.30999755859375,63.7599983215332,64.16999816894531,3493900,0.0017171497743337927
2007-01-29,63.849998474121094,64.29000091552734,63.65999984741211,63.77000045776367,3487300,-0.006233406928398799
2007-01-30,63.91999816894531,64.2300033569336,63.83000183105469,64.22000122070312,3094200,0.0070566216043466135
2007-01-31,63.9900016784668,64.9800033569336,63.95000076293945,64.83000183105469,5900900,0.009498607890946476
2007-02-01,65.44999694824219,65.62999725341797,65.05999755859375,65.22000122070312,6284700,0.006015723872178302
2007-02-02,64.76000213623047,64.80000305175781,63.79999923706055,64.27999877929688,9078500,-0.014412793986698924
2007-02-05,64.68000030517578,64.69000244140625,64.23999786376953,64.30999755859375,2553500,0.00046668917029513146
2007-02-06,65.05000305175781,65.0999984741211,64.52999877929688,64.79000091552734,2928800,0.0074638994737366016
2007-02-07,64.77999877929688,65.1500015258789,64.4800033569336,64.62999725341797,3075300,-0.0024695733886157534
2007-02-08,64.91999816894531,65.61000061035156,64.83000183105469,65.5199966430664,4769900,0.013770685865244658
2007-02-09,65.2699966430664,66.37999725341797,65.22000122070312,66.12000274658203,6816500,0.009157602781701524
2007-02-12,66.0,66.11000061035156,65.41000366210938,65.66999816894531,4113500,-0.00680587657204812
2007-02-13,66.12999725341797,66.33999633789062,65.55000305175781,65.83999633789062,4143300,0.002588673270676356
2007-02-14,66.2300033569336,66.66000366210938,65.97000122070312,66.37000274658203,4174600,0.008049915525077056
2007-02-15,66.22000122070312,66.52999877929688,65.70999908447266,66.41000366210938,7673400,0.0006026957039624303
2007-02-16,65.94000244140625,66.38999938964844,65.76000213623047,66.36000061035156,3200400,-0.0007529445716073502
2007-02-20,66.0999984741211,66.0999984741211,65.0,65.30999755859375,4810700,-0.015822830652506337
2007-02-21,65.30999755859375,67.70999908447266,65.19999694824219,67.3499984741211,11076700,0.031235660569381096
2007-02-22,67.44000244140625,67.55999755859375,66.97000122070312,67.1500015258789,6562800,-0.0029695167449638182
2007-02-23,67.3499984741211,68.29000091552734,67.3499984741211,67.72000122070312,8126200,0.008488453937034457
2007-02-26,67.97000122070312,68.2300033569336,67.62999725341797,68.0999984741211,5254200,0.005611300156057819
2007-02-27,67.33999633789062,68.33000183105469,65.06999969482422,65.41000366210938,15208600,-0.03950065891754684
2007-02-28,66.7300033569336,66.93000030517578,65.54000091552734,66.4800033569336,8924200,0.016358349410153794
2007-03-01,66.2300033569336,66.75,65.58000183105469,65.81999969482422,7108000,-0.009927852418505356
2007-03-02,64.58999633789062,65.0,63.34000015258789,63.709999084472656,13732200,-0.032057134915445484
2007-03-05,63.119998931884766,63.779998779296875,62.619998931884766,62.93000030517578,9829800,-0.012242957000559329
2007-03-06,63.65999984741211,64.37000274658203,63.459999084472656,64.1500015258789,6992700,0.019386639357807045
2007-03-07,64.13999938964844,64.63999938964844,63.54999923706055,64.30000305175781,6131800,0.0023382934109268394
2007-03-08,64.79000091552734,65.04000091552734,64.43000030517578,64.4800033569336,4285000,0.0027993825292806918
2007-03-09,64.81999969482422,65.22000122070312,64.1500015258789,64.25,9025500,-0.0035670493945292314
2007-03-12,64.54000091552734,64.73999786376953,63.959999084472656,64.37000274658203,4558800,0.0018677470285139997
2007-03-13,64.29000091552734,64.69000244140625,63.56999969482422,63.720001220703125,4332100,-0.010097894953304487
2007-03-14,63.34000015258789,64.05999755859375,63.09000015258789,63.939998626708984,7417000,0.0034525643721170507
2007-03-15,64.02999877929688,64.45999908447266,63.880001068115234,63.97999954223633,7037700,0.0006256008193068485
2007-03-16,64.54000091552734,64.98999786376953,64.37999725341797,64.62000274658203,5040100,0.010003176131991198
2007-03-19,64.87999725341797,64.94000244140625,64.62999725341797,64.73999786376953,2990500,0.0018569345726906494
2007-03-20,64.93000030517578,65.54000091552734,64.93000030517578,65.2699966430664,4416300,0.00818657393860489
2007-03-21,65.54000091552734,65.9000015258789,65.12000274658203,65.81999969482422,5059000,0.00842658311698008
2007-03-22,65.77999877929688,66.12999725341797,65.5999984741211,65.76000213623047,4719700,-0.0009115399403210045
2007-03-23,65.79000091552734,65.9000015258789,64.9000015258789,65.1500015258789,5593000,-0.009276164697924805
2007-03-26,65.36000061035156,65.97000122070312,65.36000061035156,65.83999633789062,3928800,0.010590864095953112
2007-03-27,65.87999725341797,65.97000122070312,65.5,65.69999694824219,3261700,-0.002126357798228895
2007-03-28,66.13999938964844,66.4800033569336,65.7699966430664,66.05000305175781,6310000,0.005327338200507903
2007-03-29,65.97000122070312,66.0,64.93000030517578,65.6500015258789,5448300,-0.006056040990118583
2007-03-30,65.73999786376953,66.20999908447266,65.48999786376953,65.73999786376953,4290200,0.0013708505072180799
2007-04-02,65.73999786376953,66.13999938964844,65.02999877929688,65.8499984741211,5378100,0.0016732676289328285
2007-04-03,65.66999816894531,66.22000122070312,65.6500015258789,65.83000183105469,4141700,-0.00030366960561534206
2007-04-04,66.08999633789062,66.9800033569336,66.0,66.80999755859375,7126100,0.014886764397396002
2007-04-05,66.69999694824219,66.95999908447266,66.58999633789062,66.86000061035156,3592700,0.0007484366649461727
2007-04-09,66.87999725341797,67.19999694824219,66.45999908447266,66.52999877929688,3297300,-0.004935713850466206
2007-04-10,67.16000366210938,67.55000305175781,66.9800033569336,67.16000366210938,2741900,0.009469485861595128
2007-04-11,67.26000213623047,67.5,66.80999755859375,67.08000183105469,4357100,-0.0011912124284148007
2007-04-12,67.05999755859375,67.25,66.4800033569336,66.98999786376953,6021900,-0.0013417406802080922
2007-04-13,67.48999786376953,67.97000122070312,67.19000244140625,67.83999633789062,5062700,0.012688438591230478
2007-04-16,68.13999938964844,68.5,67.68000030517578,68.4000015258789,7912300,0.008254793900622559
2007-04-17,68.30999755859375,68.4800033569336,67.9800033569336,68.0,4159000,-0.005847975394087768
2007-04-18,68.0999984741211,68.44999694824219,67.94999694824219,68.37999725341797,4933500,0.005588194903205501
2007-04-19,68.0,68.04000091552734,67.25,67.52999877929688,5344600,-0.01243051342881718
2007-04-20,68.58000183105469,68.7300033569336,68.3499984741211,68.69999694824219,3358100,0.01732560625047741
2007-04-23,68.41000366210938,68.6500015258789,68.04000091552734,68.26000213623047,2487500,-0.006404582700974548
2007-04-24,68.44999694824219,68.5,67.43000030517578,67.7300033569336,5073700,-0.007764411993998022
2007-04-25,67.8499984741211,68.05999755859375,67.66000366210938,67.88999938964844,2614100,0.0023622622882752964
2007-04-26,67.43000030517578,67.43000030517578,66.5,66.87000274658203,4668000,-0.01502425470962565
2007-04-27,66.83999633789062,67.56999969482422,66.83999633789062,67.55999755859375,5231700,0.01031845048110136
2007-04-30,67.19999694824219,67.5199966430664,67.04000091552734,67.08999633789062,2605400,-0.0069567974790926135
2007-05-01,66.9800033569336,67.0,66.54000091552734,66.69000244140625,3946300,-0.005962049758802435
2007-05-02,66.33999633789062,66.75,66.11000061035156,66.66000366210938,4499300,-0.00044982423449801967
2007-05-03,66.87000274658203,67.62000274658203,66.68000030517578,67.48999786376953,3936200,0.012451157456685458
2007-05-04,67.73999786376953,68.43000030517578,67.73999786376953,68.19000244140625,3313800,0.010371975104365827
2007-05-07,68.41999816894531,68.45999908447266,68.0199966430664,68.25,1995100,0.0008798585781735202
2007-05-08,67.94999694824219,68.0199966430664,67.52999877929688,67.87999725341797,2475300,-0.005421285664205633
2007-05-09,67.80999755859375,67.83999633789062,66.91999816894531,67.44999694824219,4647500,-0.006334713060910269
2007-05-10,67.04000091552734,67.11000061035156,65.80000305175781,66.0,5536000,-0.02149736121344592
2007-05-11,66.12999725341797,66.66000366210938,66.12999725341797,66.44999694824219,2937300,0.006818135579427009
2007-05-14,66.62999725341797,66.6500015258789,66.0,66.27999877929688,3597600,-0.002558287084312827
2007-05-15,65.88999938964844,66.7300033569336,65.87999725341797,66.54000091552734,2566600,0.003922784264016599
2007-05-16,66.37000274658203,66.37000274658203,65.31999969482422,65.5999984741211,7268500,-0.014126877494329837
2007-05-17,65.44000244140625,65.5999984741211,64.72000122070312,65.05999755859375,8707000,-0.00823172146475537
2007-05-18,65.06999969482422,65.66999816894531,64.8499984741211,65.5199966430664,3158200,0.007070382750297144
2007-05-21,65.29000091552734,65.76000213623047,65.05999755859375,65.66999816894531,10954300,0.002289400695425492
2007-05-22,65.69999694824219,65.81999969482422,65.16000366210938,65.19999694824219,5886700,-0.007157015894746599
2007-05-23,65.5199966430664,65.88999938964844,65.44999694824219,65.54000091552734,6441800,0.0052147850183958955
2007-05-24,65.45999908447266,65.45999908447266,64.5199966430664,64.75,6228000,-0.012053721460052347
2007-05-25,64.95999908447266,65.08000183105469,64.7300033569336,64.94000244140625,4217600,0.002934400639478696
2007-05-29,65.12000274658203,65.56999969482422,64.94000244140625,65.06999969482422,3343100,0.002001805490156272
2007-05-30,64.86000061035156,64.86000061035156,64.5999984741211,64.72000122070312,2742800,-0.005378799381628552
2007-05-31,65.16000366210938,65.58000183105469,65.06999969482422,65.54000091552734,7530700,0.012669957962885725
2007-06-01,65.69999694824219,66.54000091552734,65.69999694824219,66.44000244140625,5634800,0.013732095106908648
2007-06-04,66.61000061035156,66.76000213623047,66.30000305175781,66.54000091552734,2626300,0.0015050943775820613
2007-06-05,66.69999694824219,66.69999694824219,66.2300033569336,66.37000274658203,3728100,-0.0025548266697670297
2007-06-06,66.11000061035156,66.55000305175781,65.87999725341797,66.41000366210938,3596600,0.0006026957039624303
2007-06-07,66.2699966430664,66.4000015258789,65.16000366210938,65.26000213623047,6394300,-0.017316691198061895
2007-06-08,64.87999725341797,65.0199966430664,63.7400016784668,64.22000122070312,7313100,-0.015936268487339866
2007-06-11,64.33999633789062,64.87000274658203,64.33999633789062,64.69999694824219,4606600,0.007474240398867016
2007-06-12,64.5199966430664,64.52999877929688,63.90999984741211,64.0999984741211,4073200,-0.009273547178079045
2007-06-13,63.95000076293945,64.6500015258789,63.900001525878906,64.52999877929688,2803300,0.0067082732513541465
2007-06-14,64.16000366210938,64.80000305175781,63.95000076293945,64.5999984741211,2765400,0.0010847620664558022
2007-06-15,64.43000030517578,64.94000244140625,64.4000015258789,64.8499984741211,3032900,0.0038699691316579354
2007-06-18,65.19000244140625,65.25,64.81999969482422,64.94999694824219,1791000,0.0015419965531842106
2007-06-19,64.79000091552734,65.55999755859375,64.75,65.4800033569336,2700900,0.008160222226242242
2007-06-20,65.41999816894531,65.51000213623047,64.5999984741211,64.70999908447266,2591600,-0.011759380467096459
2007-06-21,64.7300033569336,65.0199966430664,64.12999725341797,64.55999755859375,2709200,-0.0023180579199683082
2007-06-22,64.9000015258789,64.9800033569336,64.43000030517578,64.77999877929688,1890800,0.0034077018126195124
2007-06-25,64.4800033569336,64.73999786376953,64.22000122070312,64.43000030517578,3424900,-0.005402878677314038
2007-06-26,64.19999694824219,64.25,63.38999938964844,63.619998931884766,8276400,-0.012571804585665092
2007-06-27,63.540000915527344,63.88999938964844,63.43000030517578,63.66999816894531,4689400,0.0007859043995597226
2007-06-28,63.97999954223633,64.37999725341797,63.90999984741211,64.26000213623047,4231700,0.009266593124749312
2007-06-29,64.29000091552734,64.63999938964844,64.1500015258789,64.2699966430664,2756400,0.00015553231409404233
2007-07-02,64.51000213623047,65.2300033569336,64.51000213623047,65.0199966430664,2706200,0.011669519825327601
2007-07-03,65.05999755859375,65.05999755859375,64.58000183105469,64.73999786376953,1835300,-0.004306348719670949
2007-07-05,64.98999786376953,65.0,63.91999816894531,64.41999816894531,4333200,-0.00494284376557419
2007-07-06,64.18000030517578,64.97000122070312,63.880001068115234,64.95999908447266,8080700,0.008382504360077148
2007-07-09,65.0,65.68000030517578,64.98999786376953,65.37999725341797,5280800,0.006465489145083714
2007-07-10,65.69999694824219,65.86000061035156,65.36000061035156,65.61000061035156,4016200,0.003517946873599298
2007-07-11,65.81999969482422,65.81999969482422,65.33999633789062,65.44000244140625,3647000,-0.0025910405024214267
2007-07-12,65.88999938964844,66.29000091552734,65.44999694824219,66.0199966430664,5870600,0.008862991748502358
2007-07-13,66.08000183105469,66.2300033569336,65.66999816894531,66.02999877929688,3817800,0.00015150161676835694
2007-07-16,66.19000244140625,66.19000244140625,65.66999816894531,65.81999969482422,4579600,-0.00318035875139977
2007-07-17,65.66000366210938,66.08000183105469,65.6500015258789,65.75,1878600,-0.0010635019013791602
2007-07-18,66.11000061035156,66.80000305175781,65.9000015258789,66.62000274658203,5238700,0.013231980936608823
2007-07-19,66.69999694824219,67.12000274658203,66.61000061035156,67.01000213623047,4607900,0.005854088465471419
2007-07-20,67.12999725341797,68.0,67.12000274658203,67.58000183105469,5408600,0.008506188280152926
2007-07-23,67.80000305175781,67.80000305175781,67.30999755859375,67.47000122070312,3892400,-0.0016277094905465805
2007-07-24,67.72000122070312,68.0,67.30000305175781,67.47000122070312,3763000,0.0
2007-07-25,67.19000244140625,67.22000122070312,66.3499984741211,66.9000015258789,7530500,-0.008448194523662078
2007-07-26,66.45999908447266,66.80000305175781,64.7300033569336,65.6500015258789,10704100,-0.018684603460232596
2007-07-27,65.27999877929688,65.61000061035156,64.97000122070312,65.41000366210938,5341900,-0.0036557175657478957
2007-07-30,65.37000274658203,65.91999816894531,65.06999969482422,65.7699966430664,3046800,0.00550363798810749
2007-07-31,66.18000030517578,66.38999938964844,65.12000274658203,65.79000091552734,4006500,0.0003041549868019189
2007-08-01,65.5,66.05999755859375,65.37999725341797,65.93000030517578,6364400,0.0021279736692538798
2007-08-02,65.95999908447266,66.01000213623047,65.55000305175781,65.88999938964844,5331500,-0.0006067179636309872
2007-08-03,65.8499984741211,66.91999816894531,65.8499984741211,66.69000244140625,10736000,0.01214149429607514
2007-08-06,66.66000366210938,66.66999816894531,66.20999908447266,66.5199966430664,2973200,-0.002549194663611143
2007-08-07,66.08999633789062,66.58000183105469,65.91000366210938,66.4800033569336,4147200,-0.0006012220106896837
2007-08-08,66.7300033569336,67.54000091552734,66.18000030517578,66.7699966430664,4252100,0.004362112988710809
2007-08-09,65.94999694824219,65.94999694824219,65.23999786376953,65.45999908447266,9407200,-0.01961955405803939
2007-08-10,65.44000244140625,66.95999908447266,65.44000244140625,66.56999969482422,8831700,0.01695692981784447
2007-08-13,66.44999694824219,66.5199966430664,66.18000030517578,66.26000213623047,3644000,-0.004656715637897935
2007-08-14,66.25,66.5,65.94999694824219,66.29000091552734,4749600,0.00045274340974521543
2007-08-15,65.77999877929688,66.43000030517578,65.56999969482422,66.12999725341797,5886400,-0.002413692259761291
2007-08-16,65.48999786376953,65.80999755859375,63.470001220703125,64.68000030517578,18367500,-0.021926463155376053
2007-08-17,64.55999755859375,65.7300033569336,64.55999755859375,65.01000213623047,6374300,0.005102069101695417
2007-08-20,65.05999755859375,65.4000015258789,64.77999877929688,65.12000274658203,4475200,0.0016920567103051454
2007-08-21,65.18000030517578,65.30000305175781,64.7300033569336,65.06999969482422,4478600,-0.000767860099029849
2007-08-22,65.22000122070312,65.52999877929688,65.16999816894531,65.4000015258789,4251100,0.005071489666549578
2007-08-23,65.63999938964844,65.80000305175781,65.12999725341797,65.30999755859375,3027400,-0.0013762074187344542
2007-08-24,65.41999816894531,66.20999908447266,65.30999755859375,66.11000061035156,3648300,0.012249319884602317
2007-08-27,66.01000213623047,66.05000305175781,65.86000061035156,65.9800033569336,1865700,-0.001966378039899963
2007-08-28,65.94999694824219,66.0999984741211,65.4800033569336,65.58999633789062,3473100,-0.005910988166113573
2007-08-29,65.88999938964844,66.19999694824219,65.7300033569336,66.06999969482422,4469800,0.007318240337456761
2007-08-30,65.87000274658203,66.0999984741211,65.62999725341797,65.80000305175781,3027700,-0.004086524054994878
2007-08-31,66.61000061035156,66.7699966430664,66.45999908447266,66.5199966430664,4089900,0.01094215133610632
2007-09-04,66.73999786376953,67.66000366210938,66.58999633789062,67.44000244140625,6640300,0.013830514804088478
2007-09-05,67.3499984741211,67.62000274658203,67.18000030517578,67.55999755859375,6268300,0.0017792869638721953
2007-09-06,67.91999816894531,69.08000183105469,67.88999938964844,68.86000061035156,15880800,0.01924220098780105
2007-09-07,69.26000213623047,70.0,69.0,69.38999938964844,14960000,0.007696758271843462
2007-09-10,69.95999908447266,69.95999908447266,68.7300033569336,69.62000274658203,7598500,0.0033146470522653626
2007-09-11,69.86000061035156,70.69999694824219,69.5199966430664,70.5199966430664,11182400,0.012927231556717489
2007-09-12,70.5,70.62999725341797,69.83000183105469,70.45999908447266,8032800,-0.0008507878821580883
2007-09-13,70.06999969482422,70.26000213623047,69.61000061035156,70.08000183105469,4612400,-0.005393091943733941
2007-09-14,69.9000015258789,70.97000122070312,69.86000061035156,69.98999786376953,7733200,-0.001284303152590316
2007-09-17,70.4000015258789,71.23999786376953,70.3499984741211,70.97000122070312,7457800,0.014002048676170942
2007-09-18,71.19999694824219,72.0,70.4000015258789,71.69999694824219,14253100,0.010285975975524053
2007-09-19,71.73999786376953,71.80000305175781,71.25,71.43000030517578,10937800,-0.003765643717688172
2007-09-20,72.1500015258789,73.0999984741211,71.94999694824219,72.72000122070312,11945000,0.01805965154719269
2007-09-21,72.6500015258789,73.0,71.47000122070312,72.33999633789062,9937400,-0.0052255896099230315
2007-09-24,72.56999969482422,72.62999725341797,71.81999969482422,72.27999877929688,6475100,-0.0008293829365639827
2007-09-25,71.81999969482422,72.58999633789062,71.63999938964844,72.33000183105469,5503500,0.0006917965218911082
2007-09-26,72.25,72.93000030517578,71.8499984741211,72.0,9418300,-0.004562447431226246
2007-09-27,72.6500015258789,72.80000305175781,72.16999816894531,72.69999694824219,5728200,0.009722179836697098
2007-09-28,73.19000244140625,73.80000305175781,72.73999786376953,73.51000213623047,8837600,0.011141749958599734
2007-10-01,73.48999786376953,73.9800033569336,73.29000091552734,73.9000015258789,4823700,0.005305392168615031
2007-10-02,72.44999694824219,72.68000030517578,71.62999725341797,72.3499984741211,10720000,-0.020974330443214173
2007-10-03,72.25,72.6500015258789,71.3499984741211,71.9000015258789,8186000,-0.006219722981793074
2007-10-04,71.80000305175781,73.05999755859375,71.23999786376953,72.87000274658203,9178500,0.013490976357684703
2007-10-05,72.80000305175781,73.63999938964844,71.87999725341797,73.4000015258789,10597200,0.007273209267468328
2007-10-08,72.66000366210938,72.88999938964844,72.27999877929688,72.52999877929688,3447600,-0.011852898208391638
2007-10-09,72.29000091552734,73.30000305175781,72.0999984741211,73.08999633789062,7416100,0.0077209095273498285
2007-10-10,73.5999984741211,73.81999969482422,72.62999725341797,73.36000061035156,4615000,0.0036941344368486284
2007-10-11,73.9800033569336,74.58999633789062,73.27999877929688,73.91000366210938,10291400,0.007497315256022485
2007-10-12,73.93000030517578,74.58999633789062,73.75,74.58999633789062,3604200,0.009200279286819324
2007-10-15,74.98999786376953,75.19999694824219,74.48999786376953,75.13999938964844,6705300,0.007373683855222524
2007-10-16,74.87000274658203,75.44999694824219,73.77999877929688,75.12000274658203,6622900,-0.0002661251427845679
2007-10-17,75.30999755859375,75.66000366210938,74.30999755859375,74.5,9355300,-0.008253497389684838
2007-10-18,75.37999725341797,76.0,75.33000183105469,76.0,5646900,0.020134228187919545
2007-10-19,76.08999633789062,76.29000091552734,74.54000091552734,75.69999694824219,9507800,-0.0039474085757607025
2007-10-22,74.08999633789062,74.7699966430664,73.83999633789062,74.5999984741211,8636500,-0.01453102402201134
2007-10-23,75.11000061035156,75.26000213623047,74.62999725341797,75.2300033569336,3096400,0.008445105840465317
2007-10-24,74.83999633789062,75.58999633789062,74.79000091552734,75.5199966430664,5660600,0.003854755725011927
2007-10-25,75.94000244140625,76.16999816894531,75.66000366210938,76.02999877929688,6487800,0.006753206553238078
2007-10-26,76.87000274658203,77.73999786376953,76.66999816894531,77.69000244140625,8544200,0.021833535298719342
2007-10-29,78.2699966430664,78.31999969482422,77.6500015258789,78.12000274658203,6881000,0.005534821620067465
2007-10-30,77.66000366210938,77.66000366210938,77.01000213623047,77.3499984741211,5608600,-0.009856685168826762
2007-10-31,77.77999877929688,78.94999694824219,76.88999938964844,78.62000274658203,8872900,0.01641893080173551
2007-11-01,78.4000015258789,78.9000015258789,77.5,77.93000030517578,7545500,-0.00877642352201835
2007-11-02,78.55000305175781,79.9000015258789,77.4800033569336,79.83000183105469,9911400,0.02438087409776024
2007-11-05,79.68000030517578,80.23999786376953,79.11000061035156,79.75,5025300,-0.001002152439179449
2007-11-06,81.02999877929688,81.5199966430664,80.69999694824219,81.43000030517578,7692500,0.021065834547658646
2007-11-07,83.20999908447266,83.23999786376953,81.33000183105469,82.23999786376953,16512900,0.009947163889943766
2007-11-08,82.43000030517578,83.62999725341797,81.7300033569336,82.2300033569336,17356200,-0.00012152853958602439
2007-11-09,81.79000091552734,82.62999725341797,81.22000122070312,82.18000030517578,6947800,-0.0006080876774474664
2007-11-12,80.41000366210938,80.44000244140625,78.25,78.30000305175781,17297000,-0.047213400328663724
2007-11-13,79.4000015258789,79.93000030517578,77.86000061035156,79.12000274658203,11438200,0.010472537201335452
2007-11-14,80.20999908447266,80.68000030517578,79.91000366210938,80.27999877929688,5703700,0.014661223362570697
2007-11-15,79.18000030517578,79.5,77.30000305175781,77.94999694824219,10908200,-0.029023441286543217
2007-11-16,78.33999633789062,78.8499984741211,77.16999816894531,77.75,8078000,-0.0025657082241450357
2007-11-19,77.83999633789062,78.0,76.11000061035156,77.23999786376953,6088600,-0.006559513006179629
2007-11-20,78.02999877929688,80.04000091552734,77.30000305175781,79.47000122070312,12081600,0.028871095528339108
2007-11-21,79.30000305175781,79.55000305175781,78.55999755859375,79.36000061035156,7264100,-0.0013841777861065552
2007-11-23,80.04000091552734,81.61000061035156,80.0199966430664,81.25,5259700,0.023815516319463104
2007-11-26,82.25,82.25,81.12999725341797,81.30000305175781,7440200,0.0006154221754808287
2007-11-27,80.69999694824219,80.88999938964844,79.80999755859375,80.0999984741211,7229900,-0.014760203352917056
2007-11-28,79.41999816894531,79.87000274658203,78.76000213623047,79.56999969482422,9706700,-0.006616713974946009
2007-11-29,79.27999877929688,79.33000183105469,78.27999877929688,78.27999877929688,9306700,-0.016212151821979437
2007-11-30,78.3499984741211,78.5999984741211,76.9800033569336,77.31999969482422,9509100,-0.012263657376634374
2007-12-03,77.38999938964844,78.30000305175781,77.30000305175781,78.27999877929688,6265700,0.01241592198993402
2007-12-04,78.62999725341797,79.62000274658203,78.56999969482422,79.4000015258789,7721900,0.014307649004182688
2007-12-05,79.25,79.25,78.19000244140625,78.62999725341797,7685300,-0.009697786620444404
2007-12-06,77.91999816894531,79.6500015258789,77.80000305175781,79.37000274658203,6840200,0.009411236411201784
2007-12-07,79.01000213623047,79.5999984741211,78.19000244140625,78.5999984741211,8328500,-0.009701452007245814
2007-12-10,79.1500015258789,80.30000305175781,79.12999725341797,80.0,4850900,0.017811724593606026
2007-12-11,79.75,80.45999908447266,78.68000030517578,78.83999633789062,9579200,-0.01450004577636721
2007-12-12,80.05000305175781,80.91999816894531,79.94000244140625,80.48999786376953,9702500,0.02092848303553141
2007-12-13,79.58999633789062,79.62000274658203,78.30000305175781,78.5,9552200,-0.024723542260960518
2007-12-14,78.41000366210938,78.56999969482422,77.81999969482422,78.5199966430664,6827000,0.000254734306578408
2007-12-17,78.12999725341797,78.79000091552734,77.80999755859375,78.12999725341797,6495900,-0.00496687985636679
2007-12-18,79.58999633789062,79.58999633789062,78.81999969482422,79.25,6757700,0.01433511821265343
2007-12-19,79.2300033569336,79.56999969482422,78.9800033569336,79.23999786376953,5638500,-0.00012620992088918648
2007-12-20,78.91000366210938,79.11000061035156,78.36000061035156,78.66999816894531,6345600,-0.007193333041277561
2007-12-21,80.16000366210938,80.31999969482422,79.91999816894531,80.0999984741211,4603300,0.018177200183795872
2007-12-24,80.20999908447266,80.62999725341797,80.13999938964844,80.13999938964844,2863500,0.0004993872195924176
2007-12-26,81.05999755859375,81.66999816894531,81.0,81.5199966430664,5896700,0.017219831094685834
2007-12-27,81.87999725341797,82.16999816894531,81.37000274658203,81.55999755859375,5050300,0.0004906883853601496
2007-12-28,82.37999725341797,83.0199966430664,82.3499984741211,83.0,5134700,0.017655744047463173
2007-12-31,82.73999786376953,82.83000183105469,81.9800033569336,82.45999908447266,3815600,-0.006506035126835452
2008-01-02,83.55999755859375,85.13999938964844,83.44000244140625,84.86000061035156,12291100,0.02910503944367404
2008-01-03,84.87000274658203,85.94000244140625,84.5999984741211,85.56999969482422,9553900,0.008366710810346678
2008-01-04,85.33999633789062,85.55000305175781,84.43000030517578,85.12999725341797,8402200,-0.005142017564280343
2008-01-07,85.23999786376953,85.26000213623047,84.56999969482422,84.7699966430664,6944300,-0.004228833806723897
2008-01-08,86.27999877929688,87.12999725341797,86.16000366210938,86.77999877929688,9567900,0.023711244730771908
2008-01-09,86.55999755859375,87.19999694824219,86.30000305175781,86.55000305175781,10080200,-0.0026503310759889986
2008-01-10,86.41999816894531,88.45999908447266,86.41000366210938,88.25,12916300,0.019641789581746893
2008-01-11,88.04000091552734,88.76000213623047,87.8499984741211,88.58000183105469,6978800,0.003739397519033183
2008-01-14,89.44999694824219,89.94000244140625,89.0,89.54000091552734,10085000,0.010837650311902536
2008-01-15,89.5999984741211,90.3499984741211,87.91000366210938,87.98999786376953,23853900,-0.01731073303450259
2008-01-16,88.16999816894531,88.66000366210938,86.31999969482422,86.69999694824219,26919000,-0.014660767665031549
2008-01-17,87.5,87.9800033569336,86.47000122070312,86.5,13592300,-0.0023067699571152067
2008-01-18,87.16999816894531,87.45999908447266,86.51000213623047,87.41999816894531,9094500,0.010635816982026647
2008-01-22,86.13999938964844,88.44000244140625,85.7699966430664,88.16999816894531,20679600,0.008579272657391002
2008-01-23,87.16000366210938,88.66999816894531,86.7300033569336,87.88999938964844,14282000,-0.0031756695600737572
2008-01-24,89.72000122070312,90.25,89.12999725341797,90.08000183105469,10627200,0.02491753847553424
2008-01-25,90.93000030517578,91.08000183105469,89.5,90.30000305175781,9703900,0.0024422870363138838
2008-01-28,90.95999908447266,91.88999938964844,90.75,91.75,8533200,0.016057551486582833
2008-01-29,91.36000061035156,91.72000122070312,90.80999755859375,91.1500015258789,9091600,-0.006539492905952016
2008-01-30,90.70999908447266,92.58000183105469,90.44999694824219,92.05999755859375,14378100,0.009983499917512129
2008-01-31,90.91999816894531,91.66000366210938,90.73999786376953,91.4000015258789,7791500,-0.007169194549399904
2008-02-01,91.75,91.87000274658203,89.22000122070312,89.3499984741211,19635600,-0.02242891704085337
2008-02-04,88.51000213623047,89.5199966430664,88.05000305175781,89.0999984741211,10285000,-0.002797985498258382
2008-02-05,87.9000015258789,88.69000244140625,87.30000305175781,87.68000030517578,11170100,-0.01593712899285571
2008-02-06,89.0,89.6500015258789,88.75,88.94999694824219,8787200,0.014484450714485675
2008-02-07,88.94999694824219,89.94000244140625,88.80999755859375,89.8499984741211,8971300,0.01011806134633808
2008-02-08,90.0,91.0,89.98999786376953,91.0,9128200,0.012799126827031992
2008-02-11,91.04000091552734,91.45999908447266,90.44000244140625,91.33000183105469,6832200,0.0036263937478537844
2008-02-12,90.83000183105469,91.4000015258789,89.0999984741211,89.33000183105469,10225900,-0.021898608999260327
2008-02-13,88.87999725341797,89.98999786376953,88.66999816894531,89.44000244140625,10038800,0.0012313960382492883
2008-02-14,89.37000274658203,90.11000061035156,89.3499984741211,89.70999908447266,6882500,0.003018745926838262
2008-02-15,90.30000305175781,90.31999969482422,88.62999725341797,89.1500015258789,5586100,-0.006242309266623058
2008-02-19,91.2300033569336,91.94000244140625,90.9800033569336,91.58000183105469,8371600,0.027257434252206725
2008-02-20,90.83999633789062,93.30999755859375,90.75,93.23999786376953,10632400,0.01812618475130834
2008-02-21,93.44000244140625,94.22000122070312,93.0199966430664,93.25,12952200,0.00010727302080248968
2008-02-22,93.55999755859375,93.72000122070312,92.3499984741211,93.38999938964844,7576900,0.0015013339372487167
2008-02-25,93.70999908447266,93.70999908447266,92.11000061035156,92.73999786376953,11954500,-0.006960076347863775
2008-02-26,92.43000030517578,93.97000122070312,92.18000030517578,93.70999908447266,8452200,0.010459362120408988
2008-02-27,94.55999755859375,94.94000244140625,93.97000122070312,94.77999877929688,9926500,0.01141820195579868
2008-02-28,94.91999816894531,96.08000183105469,94.47000122070312,95.98999786376953,11211200,0.012766396919778877
2008-02-29,95.81999969482422,96.23999786376953,95.22000122070312,96.18000030517578,9347800,0.0019793983293541206
2008-03-03,97.5199966430664,97.73999786376953,96.68000030517578,97.23999786376953,11479000,0.01102097686868797
2008-03-04,97.27999877929688,97.44999694824219,94.38999938964844,95.18000030517578,21356500,-0.02118467301366822
2008-03-05,96.0999984741211,98.1500015258789,95.93000030517578,97.72000122070312,15354300,0.02668628816330454
2008-03-06,96.9800033569336,97.29000091552734,95.26000213623047,96.5,18543500,-0.01248466235635548
2008-03-07,96.5999984741211,96.68000030517578,95.72000122070312,96.08999633789062,10066900,-0.004248742612532386
2008-03-10,95.0,96.33999633789062,94.87999725341797,95.87000274658203,10868400,-0.0022894536340183347
2008-03-11,96.5199966430664,96.9800033569336,95.19000244140625,95.98999786376953,14343300,0.0012516440361922676
2008-03-12,96.58000183105469,97.37999725341797,96.23999786376953,97.01000213623047,8178200,0.010626151632053826
2008-03-13,98.5,98.7300033569336,97.7300033569336,98.33999633789062,14681500,0.013709866739230137
2008-03-14,98.02999877929688,99.52999877929688,98.01000213623047,98.70999908447266,17565100,0.003762484852152248
2008-03-17,99.31999969482422,100.44000244140625,98.0,99.16999816894531,26505900,0.004660106258120855
2008-03-18,99.3499984741211,99.51000213623047,96.3499984741211,96.5,20966100,-0.026923446790799832
2008-03-19,95.6500015258789,96.0,92.5,93.04000091552734,37594300,-0.03585491279246278
2008-03-20,90.7300033569336,91.6500015258789,89.80000305175781,89.91000366210938,28830000,-0.033641414688503124
2008-03-24,90.6500015258789,91.51000213623047,89.77999877929688,90.0999984741211,14325700,0.0021131665473592687
2008-03-25,91.91000366210938,92.79000091552734,91.27999877929688,92.7300033569336,15839900,0.02918984381079537
2008-03-26,93.11000061035156,94.0,93.05999755859375,93.80000305175781,12389000,0.011538872598824357
2008-03-27,93.51000213623047,94.08999633789062,92.94999694824219,93.45999908447266,7560500,-0.0036247756526995856
2008-03-28,91.95999908447266,92.44999694824219,91.11000061035156,91.87999725341797,8786600,-0.0169056478336429
2008-03-31,92.55999755859375,92.6500015258789,89.95999908447266,90.41000366210938,11165000,-0.015999060026679612
2008-04-01,87.86000061035156,88.30999755859375,86.05000305175781,86.86000061035156,23673200,-0.03926560013231817
2008-04-02,87.27999877929688,89.76000213623047,87.22000122070312,89.2699966430664,13537500,0.027745751966154586
2008-04-03,88.58999633789062,89.75,87.63999938964844,89.41999816894531,9324800,0.0016803128880877871
2008-04-04,89.4800033569336,90.33999633789062,89.30999755859375,90.25,7228200,0.009282060479206544
2008-04-07,90.7300033569336,91.75,90.5999984741211,91.16999816894531,8196200,0.010193885528479996
2008-04-08,90.04000091552734,90.48999786376953,89.72000122070312,90.3499984741211,5773000,-0.008994183517528342
2008-04-09,90.30000305175781,92.37000274658203,90.23999786376953,92.29000091552734,10572400,0.021472080511013125
2008-04-10,92.31999969482422,92.55999755859375,90.97000122070312,91.7699966430664,7758500,-0.005634459500514
2008-04-11,91.41000366210938,91.83000183105469,90.55000305175781,91.30000305175781,6545700,-0.005121429753741857
2008-04-14,91.31999969482422,91.9800033569336,91.05999755859375,91.11000061035156,4697000,-0.002081078149565263
2008-04-15,91.7300033569336,91.91000366210938,91.37999725341797,91.66000366210938,6635400,0.006036692438517344
2008-04-16,93.19000244140625,93.70999908447266,93.01000213623047,93.2699966430664,8469200,0.017564836533195294
2008-04-17,93.30999755859375,93.51000213623047,92.4800033569336,92.55999755859375,6875300,-0.0076122988101923195
2008-04-18,89.72000122070312,90.69999694824219,88.95999908447266,90.62000274658203,11390700,-0.020959322203780717
2008-04-21,90.79000091552734,90.87000274658203,89.88999938964844,90.25,11927500,-0.004083014073799407
2008-04-22,90.41999816894531,91.3499984741211,90.12000274658203,90.2699966430664,14043600,0.00022156945225937363
2008-04-23,89.0,89.55000305175781,88.44000244140625,89.22000122070312,18170500,-0.011631721074667034
2008-04-24,88.26000213623047,89.91000366210938,87.0999984741211,87.22000122070312,22846600,-0.022416498236226268
2008-04-25,88.33000183105469,88.41999816894531,87.19000244140625,87.2699966430664,11179900,0.0005732105212514771
2008-04-28,87.87999725341797,88.4000015258789,87.66999816894531,87.69000244140625,8071700,0.004812717021838164
2008-04-29,86.7300033569336,86.9000015258789,85.54000091552734,85.80999755859375,14689000,-0.021439215765431285
2008-04-30,86.0999984741211,86.79000091552734,85.11000061035156,86.6500015258789,17701500,0.009789115384970959
2008-05-01,84.51000213623047,84.55999755859375,83.56999969482422,83.98999786376953,17664500,-0.030698252917109703
2008-05-02,83.95999908447266,84.79000091552734,83.95999908447266,84.58000183105469,8744400,0.007024693205042398
2008-05-05,85.68000030517578,86.29000091552734,85.29000091552734,86.2699966430664,7381300,0.01998102122754042
2008-05-06,86.33000183105469,87.1500015258789,86.33000183105469,86.62999725341797,10760400,0.00417295264124129
2008-05-07,85.47000122070312,86.0999984741211,85.19999694824219,85.81999969482422,7218400,-0.009350081776226649
2008-05-08,86.76000213623047,87.4000015258789,86.41999816894531,87.23999786376953,8628600,0.01654623833599178
2008-05-09,87.37000274658203,87.58999633789062,85.83999633789062,87.41999816894531,9926600,0.002063277276288522
2008-05-12,86.91999816894531,87.63999938964844,86.79000091552734,86.98999786376953,5010000,-0.004918786481152515
2008-05-13,85.12000274658203,86.13999938964844,84.91999816894531,85.38999938964844,7359800,-0.018392901637114267
2008-05-14,85.7300033569336,85.80999755859375,85.0999984741211,85.19999694824219,8650600,-0.0022251135117034027
2008-05-15,87.12999725341797,87.5999984741211,86.2300033569336,87.0,9437900,0.021126797138869557
2008-05-16,88.5199966430664,89.30000305175781,88.0199966430664,89.0999984741211,12075300,0.02413791349564476
2008-05-19,89.56999969482422,89.69999694824219,88.87000274658203,89.38999938964844,5931200,0.0032547802524549585
2008-05-20,89.61000061035156,91.16999816894531,89.55999755859375,90.9000015258789,10683000,0.016892293842048378
2008-05-21,90.61000061035156,92.11000061035156,90.61000061035156,91.95999908447266,11346200,0.01166113906270927
2008-05-22,91.19999694824219,91.62999725341797,90.5,90.9800033569336,8864400,-0.010656760953627886
2008-05-23,91.33000183105469,92.0,90.95999908447266,91.2300033569336,6062800,0.0027478565704068814
2008-05-27,89.83999633789062,89.87000274658203,89.16000366210938,89.36000061035156,7601700,-0.020497672670971245
2008-05-28,88.48999786376953,89.19000244140625,88.3499984741211,89.13999938964844,8104100,-0.0024619652999156028
2008-05-29,86.94000244140625,87.5999984741211,86.0999984741211,86.51000213623047,12696700,-0.02950412016407733
2008-05-30,87.33999633789062,87.69000244140625,86.95999908447266,87.44999694824219,4944200,0.01086573562362747
2008-06-02,87.47000122070312,88.55000305175781,87.44000244140625,87.95999908447266,5277100,0.005831928576650602
2008-06-03,86.6500015258789,87.3499984741211,86.5199966430664,86.87999725341797,8396000,-0.012278329266664723
2008-06-04,87.08999633789062,87.41999816894531,86.55999755859375,86.6500015258789,7157500,-0.0026472805572057556
2008-06-05,85.97000122070312,86.80999755859375,85.66000366210938,86.44999694824219,14130900,-0.0023081889684327672
2008-06-06,87.79000091552734,89.05999755859375,87.69000244140625,89.05999755859375,17431700,0.030190869895740713
2008-06-09,88.54000091552734,89.23999786376953,87.83999633789062,87.98999786376953,9172100,-0.012014369235977762
2008-06-10,86.27999877929688,86.76000213623047,85.11000061035156,85.55000305175781,13903800,-0.027730365623936493
2008-06-11,86.56999969482422,87.0999984741211,86.3499984741211,87.0199966430664,10153600,0.017182858432152726
2008-06-12,85.19000244140625,86.06999969482422,84.83000183105469,85.5999984741211,9826200,-0.016318067383635726
2008-06-13,85.33000183105469,86.0199966430664,85.04000091552734,85.83000183105469,8429000,0.00268695515226125
2008-06-16,88.19999694824219,88.19999694824219,86.97000122070312,87.01000213623047,6993700,0.013748109984879964
2008-06-17,86.72000122070312,87.5199966430664,86.69999694824219,87.25,5285800,0.002758279023988175
2008-06-18,87.66000366210938,88.41000366210938,87.12999725341797,88.27999877929688,7818800,0.011805143602256374
2008-06-19,89.37000274658203,89.5,88.38999938964844,88.41999816894531,10520500,0.0015858562707782298
2008-06-20,88.81999969482422,89.61000061035156,88.7699966430664,88.94999694824219,10057800,0.005994105296001084
2008-06-23,87.01000213623047,87.4000015258789,86.73999786376953,87.08999633789062,12784300,-0.020910631525191015
2008-06-24,87.30000305175781,88.23999786376953,87.23999786376953,87.47000122070312,7398500,0.004363358580681931
2008-06-25,87.43000030517578,87.58000183105469,86.12999725341797,87.41999816894531,10897700,-0.0005716594382072504
2008-06-26,89.5,90.86000061035156,89.5,90.61000061035156,18407600,0.03649053429675608
2008-06-27,90.9800033569336,91.81999969482422,90.6500015258789,91.47000122070312,14490300,0.009491232806076333
2008-06-30,91.88999938964844,91.9000015258789,90.52999877929688,91.4000015258789,7289000,-0.0007652748867392756
2008-07-01,92.52999877929688,93.3499984741211,92.33999633789062,92.66000366210938,15479800,0.013785581129051927
2008-07-02,92.27999877929688,93.33000183105469,92.12999725341797,93.16999816894531,11460400,0.0055039335924880195
2008-07-03,92.16999816894531,92.68000030517578,91.68000030517578,92.05999755859375,9609500,-0.011913712913665608
2008-07-07,90.56999969482422,91.6500015258789,90.16000366210938,91.2300033569336,12300200,-0.00901579647698647
2008-07-08,90.55000305175781,91.1500015258789,89.93000030517578,90.86000061035156,11215600,-0.0040557133943578405
2008-07-09,90.87999725341797,91.63999938964844,90.86000061035156,91.5,11362800,0.007043796889161902
2008-07-10,92.4000015258789,93.5999984741211,92.3499984741211,93.52999877929688,16817000,0.022185779008708995
2008-07-11,95.02999877929688,95.5,94.25,95.16000366210938,25994600,0.017427615781957062
2008-07-14,95.08999633789062,96.19999694824219,94.91999816894531,95.91000366210938,21242900,0.007881462496187819
2008-07-15,96.55000305175781,97.5,95.43000030517578,96.16999816894531,30347100,0.002710817400778165
2008-07-16,96.2699966430664,96.5,94.33999633789062,94.44000244140625,19897400,-0.01798893376809596
2008-07-17,94.69999694824219,96.51000213623047,94.06999969482422,94.22000122070312,25185100,-0.002329534254720267
2008-07-18,94.22000122070312,94.93000030517578,94.0199966430664,94.16999816894531,8585100,-0.0005307052760558095
2008-07-21,94.75,95.1500015258789,94.44999694824219,95.12000274658203,7323800,0.010088187279481131
2008-07-22,95.7300033569336,95.86000061035156,92.94000244140625,93.05999755859375,17553700,-0.021656908415746523
2008-07-23,92.63999938964844,92.79000091552734,90.44000244140625,90.56999969482422,25791800,-0.02675690875880099
2008-07-24,91.08000183105469,91.62000274658203,90.25,91.33000183105469,13072100,0.008391323162098896
2008-07-25,91.02999877929688,91.7300033569336,90.52999877929688,91.69000244140625,7599500,0.003941756302791921
2008-07-28,91.38999938964844,92.0,90.94000244140625,91.7300033569336,8809600,0.0004362625636629147
2008-07-29,91.2300033569336,91.2699966430664,90.08999633789062,90.58999633789062,12992200,-0.012427853235838726
2008-07-30,88.86000061035156,89.72000122070312,88.08000183105469,89.5199966430664,17379900,-0.011811455327067621
2008-07-31,91.05000305175781,91.13999938964844,89.87000274658203,90.08000183105469,10976400,0.006255643532038224
2008-08-01,89.5,90.44999694824219,89.37000274658203,89.56999969482422,10893500,-0.005661657702749401
2008-08-04,89.08000183105469,89.68000030517578,88.04000091552734,88.13999938964844,14979800,-0.01596517037007883
2008-08-05,87.27999877929688,87.41000366210938,85.94000244140625,86.08000183105469,20185400,-0.023371880790320154
2008-08-06,86.80000305175781,87.0,86.01000213623047,86.63999938964844,12404200,0.006505547707733816
2008-08-07,86.63999938964844,86.77999877929688,85.51000213623047,86.08999633789062,9961700,-0.0063481423780287205
2008-08-08,84.3499984741211,84.68000030517578,83.83000183105469,84.43000030517578,13513900,-0.019282101328005674
2008-08-11,84.45999908447266,84.48999786376953,80.5999984741211,81.12999725341797,23567000,-0.03908566907295763
2008-08-12,80.73999786376953,81.01000213623047,79.55000305175781,80.5199966430664,20131800,-0.007518804770153764
2008-08-13,80.58999633789062,81.8499984741211,80.38999938964844,81.55999755859375,17007500,0.012916057611595866
2008-08-14,80.70999908447266,81.0999984741211,79.27999877929688,79.3499984741211,15542600,-0.02709660557413529
2008-08-15,78.0,78.31999969482422,76.61000061035156,77.62999725341797,29754000,-0.02167613426311632
2008-08-18,78.52999877929688,79.16999816894531,77.80999755859375,78.80000305175781,14071900,0.015071568204755081
2008-08-19,77.91999816894531,80.5199966430664,77.69999694824219,80.43000030517578,16757100,0.02068524353161938
2008-08-20,80.1500015258789,80.66000366210938,78.80999755859375,80.05999755859375,14714000,-0.004600307661048464
2008-08-21,82.01000213623047,84.54000091552734,81.75,82.30000305175781,17031100,0.02797908520450143
2008-08-22,81.48999786376953,81.95999908447266,80.94000244140625,81.08000183105469,7854700,-0.014823829592519933
2008-08-25,81.0999984741211,81.33999633789062,80.55999755859375,80.93000030517578,6512800,-0.0018500434446395708
2008-08-26,80.61000061035156,81.8499984741211,80.5999984741211,81.2300033569336,8578700,0.003706944898387965
2008-08-27,81.88999938964844,82.05000305175781,81.0,81.36000061035156,7097500,0.001600360064577977
2008-08-28,83.05999755859375,83.12999725341797,81.2699966430664,82.18000030517578,9351600,0.01007865890698989
2008-08-29,82.30999755859375,82.47000122070312,81.58000183105469,81.70999908447266,5124800,-0.005719167911386824
2008-09-02,78.16000366210938,79.79000091552734,77.9800033569336,79.19999694824219,12680900,-0.030718420809619618
2008-09-03,79.19000244140625,79.69000244140625,78.33999633789062,78.88999938964844,10707700,-0.003914110739124621
2008-09-04,79.69999694824219,79.77999877929688,78.13999938964844,78.38999938964844,10869900,-0.0063379389513039674
2008-09-05,80.08000183105469,80.2699966430664,78.16999816894531,78.9800033569336,10738700,0.007526520881221854
2008-09-08,80.0999984741211,80.3499984741211,78.47000122070312,78.86000061035156,10016900,-0.0015194067039945303
2008-09-09,77.38999938964844,77.81999969482422,76.23999786376953,76.48999786376953,20197500,-0.03005329353587316
2008-09-10,76.87999725341797,76.93000030517578,74.0999984741211,74.22000122070312,29365500,-0.029677038913105025
2008-09-11,73.61000061035156,73.93000030517578,72.51000213623047,73.08000183105469,23774700,-0.015359732833451378
2008-09-12,74.26000213623047,75.58000183105469,73.4800033569336,75.55000305175781,17595400,0.03379859275884045
2008-09-15,76.63999938964844,77.7300033569336,76.0,77.55999755859375,17004100,0.026604823635267394
2008-09-16,76.69000244140625,77.29000091552734,76.30000305175781,76.79000091552734,17192100,-0.009927754864673677
2008-09-17,77.11000061035156,85.5999984741211,77.08999633789062,85.45999908447266,65774700,0.11290530102327678
2008-09-18,85.48999786376953,90.77999877929688,81.9000015258789,82.80000305175781,60589200,-0.031125626740126422
2008-09-19,85.58000183105469,86.44000244140625,84.0,85.9800033569336,25484700,0.03840579937162536
2008-09-22,86.8499984741211,89.54000091552734,86.80999755859375,89.18000030517578,35324400,0.037217920717656394
2008-09-23,88.87000274658203,89.0999984741211,86.72000122070312,88.31999969482422,22342900,-0.009643424617723939
2008-09-24,88.68000030517578,88.76000213623047,86.69999694824219,86.70999908447266,17238600,-0.01822917364033816
2008-09-25,87.12000274658203,87.80000305175781,85.01000213623047,86.44999694824219,20692000,-0.002998525417780007
2008-09-26,87.02999877929688,90.16999816894531,86.58999633789062,86.63999938964844,21980100,0.002197830516061261
2008-09-29,87.05999755859375,92.0,86.97000122070312,89.56999969482422,40569700,0.033818101636850395
2008-09-30,87.30999755859375,87.36000061035156,84.20999908447266,85.06999969482422,20437900,-0.05024003589742143
2008-10-01,86.2300033569336,88.05000305175781,85.18000030517578,85.97000122070312,16785400,0.010579540720671465
2008-10-02,84.55999755859375,84.66000366210938,81.62000274658203,82.33000183105469,22651000,-0.0423403435845463
2008-10-03,81.2300033569336,83.44000244140625,81.05000305175781,82.58999633789062,24055400,0.0031579558004803943
2008-10-06,85.83999633789062,86.44999694824219,84.25,84.27999877929688,21675700,0.020462556197389237
2008-10-07,87.18000030517578,87.69999694824219,85.52999877929688,87.2699966430664,20282100,0.03547695665728945
2008-10-08,90.69000244140625,90.83999633789062,88.05000305175781,89.41999816894531,31204900,0.024636204979729737
2008-10-09,87.29000091552734,90.58000183105469,86.54000091552734,89.9000015258789,19981800,0.005367964289450189
2008-10-10,89.58999633789062,90.72000122070312,81.37999725341797,83.22000122070312,45067300,-0.07430478522575834
2008-10-13,83.61000061035156,83.9000015258789,80.91999816894531,81.98999786376953,17028700,-0.014780141058536755
2008-10-14,82.4000015258789,83.30999755859375,81.61000061035156,82.19999694824219,12383200,0.0025612768623506366
2008-10-15,82.19999694824219,84.38999938964844,82.08000183105469,83.30999755859375,16906100,0.013503657561574789
2008-10-16,82.4000015258789,82.5,77.22000122070312,79.29000091552734,30645600,-0.04825347210266151
2008-10-17,77.12000274658203,80.77999877929688,75.0,77.20999908447266,15336700,-0.026232839034402877
2008-10-20,77.7699966430664,78.55999755859375,77.2699966430664,78.5,9331900,0.016707692408026054
2008-10-21,75.9000015258789,76.94000244140625,74.88999938964844,76.02999877929688,10859600,-0.03146498370322448
2008-10-22,74.44000244140625,74.44999694824219,66.0,71.70999908447266,23283700,-0.05681967334189364
2008-10-23,69.63999938964844,72.19000244140625,69.5,70.6500015258789,16651600,-0.014781726009298946
2008-10-24,69.30000305175781,73.93000030517578,69.06999969482422,72.20999908447266,22471800,0.02208064437227697
2008-10-27,71.12999725341797,73.61000061035156,70.72000122070312,72.18000030517578,12150600,-0.00041543802350396675
2008-10-28,73.02999877929688,73.80000305175781,71.69999694824219,73.79000091552734,8468100,0.02230535610341522
2008-10-29,75.05000305175781,76.36000061035156,73.61000061035156,74.0,16121400,0.0028459016379882573
2008-10-30,74.88999938964844,75.25,72.12999725341797,72.70999908447266,10891900,-0.01743244480442352
2008-10-31,72.62000274658203,72.87000274658203,70.5999984741211,71.33999633789062,9517800,-0.01884201298077859
2008-11-03,71.55000305175781,72.16999816894531,71.05999755859375,71.0999984741211,6799400,-0.0033641418010847968
2008-11-04,73.1500015258789,75.69000244140625,72.8499984741211,75.4800033569336,11434600,0.061603445524780476
2008-11-05,74.31999969482422,75.18000030517578,72.37999725341797,72.80000305175781,10316500,-0.03550609679364303
2008-11-06,74.36000061035156,74.9800033569336,71.66999816894531,72.22000122070312,10687500,-0.007967057784906029
2008-11-07,72.58999633789062,73.08999633789062,72.05000305175781,72.5,6052700,0.0038770254024393935
2008-11-10,74.80000305175781,74.91999816894531,72.95999908447266,73.58000183105469,6092700,0.014896576980064635
2008-11-11,72.55999755859375,72.66000366210938,71.55000305175781,72.05000305175781,8354800,-0.020793676830966557
2008-11-12,71.44999694824219,71.88999938964844,69.7699966430664,70.0,10033400,-0.02845250471794114
2008-11-13,70.48999786376953,72.36000061035156,68.80999755859375,72.1500015258789,16826600,0.030714307512555772
2008-11-14,73.38999938964844,74.26000213623047,72.76000213623047,73.30000305175781,12808600,0.015939036750628688
2008-11-17,72.43000030517578,73.80000305175781,72.1500015258789,72.6500015258789,7708600,-0.008867687569125149
2008-11-18,72.37999725341797,73.45999908447266,72.12999725341797,72.51000213623047,8134900,-0.0019270390462217124
2008-11-19,73.41999816894531,75.19000244140625,72.0,72.26000213623047,13963100,-0.003447800201830109
2008-11-20,73.1500015258789,74.19999694824219,72.43000030517578,73.44999694824219,13584200,0.016468236601602237
2008-11-21,76.0,79.0,75.44999694824219,78.8499984741211,30467400,0.07351942478206097
2008-11-24,80.44999694824219,81.72000122070312,80.37999725341797,80.91000366210938,19885200,0.02612562115222339
2008-11-25,81.33999633789062,81.37999725341797,79.27999877929688,80.87000274658203,17522100,-0.0004943877606827796
2008-11-26,80.5199966430664,80.7699966430664,79.33000183105469,80.37999725341797,9141600,-0.006059174929170741
2008-11-28,80.04000091552734,80.75,79.80000305175781,80.30999755859375,3658700,-0.0008708596319495499
2008-12-01,77.1500015258789,77.33999633789062,75.56999969482422,75.6500015258789,13134700,-0.05802510489824053
2008-12-02,76.9000015258789,77.31999969482422,76.26000213623047,76.94999694824219,6944000,0.017184340993285696
2008-12-03,76.0,77.13999938964844,75.13999938964844,76.18000030517578,10685000,-0.010006454497773598
2008-12-04,75.58999633789062,77.62999725341797,75.06999969482422,75.5,11827500,-0.008926231326486067
2008-12-05,74.30000305175781,74.80999755859375,72.91000366210938,74.5199966430664,13392300,-0.012980176913027774
2008-12-08,76.4800033569336,76.62000274658203,75.4000015258789,76.19999694824219,7267700,0.02254428852463053
2008-12-09,75.55999755859375,76.8499984741211,75.30000305175781,76.33000183105469,9618300,0.0017061008926391175
2008-12-10,79.19999694824219,80.11000061035156,78.55999755859375,79.75,16050600,0.044805424956165796
2008-12-11,81.58000183105469,81.94000244140625,80.48999786376953,80.6500015258789,13980200,0.011285285590957983
2008-12-12,80.55000305175781,81.62999725341797,80.0,80.80999755859375,12538500,0.001983831738223918
2008-12-15,81.33000183105469,83.02999877929688,81.2300033569336,82.5999984741211,15008800,0.02215073591889971
2008-12-16,82.37999725341797,84.63999938964844,81.93000030517578,84.45999908447266,18666400,0.022518167611520035
2008-12-17,85.26000213623047,86.91000366210938,84.80000305175781,85.43000030517578,21988500,0.011484741075274973
2008-12-18,84.8499984741211,85.12000274658203,83.45999908447266,83.87000274658203,17234500,-0.01826053556152496
2008-12-19,82.6500015258789,82.87000274658203,82.01000213623047,82.62999725341797,9139500,-0.014784850990297582
2008-12-22,83.56999969482422,83.80999755859375,82.79000091552734,83.45999908447266,6690500,0.010044800419261257
2008-12-23,82.93000030517578,83.38999938964844,81.58999633789062,82.62999725341797,6322200,-0.009944905825060135
2008-12-24,82.47000122070312,83.56999969482422,82.47000122070312,83.45999908447266,2069600,0.010044800419261257
2008-12-26,83.5199966430664,85.97000122070312,83.12000274658203,85.5999984741211,5080800,0.025641018609195987
2008-12-29,86.5,87.0,85.94999694824219,86.3499984741211,9073100,0.008761682399173631
2008-12-30,85.94000244140625,86.1500015258789,85.27999877929688,85.9000015258789,7123000,-0.005211313910758797
2008-12-31,84.9800033569336,87.0999984741211,84.27999877929688,86.5199966430664,7837100,0.007217638022983142
2009-01-02,85.93000030517578,86.61000061035156,85.83999633789062,86.2300033569336,6411600,-0.003351748698386614
2009-01-05,83.62000274658203,84.68000030517578,83.23999786376953,84.4800033569336,9534700,-0.020294560267569373
2009-01-06,83.37000274658203,85.69999694824219,83.0,85.12999725341797,12864600,0.007694056234090141
2009-01-07,84.55999755859375,84.58000183105469,82.20999908447266,82.75,13360000,-0.027957210503990804
2009-01-08,84.4000015258789,84.88999938964844,83.75,84.45999908447266,10715700,0.02066464150420133
2009-01-09,83.33999633789062,85.5,83.08999633789062,83.91999816894531,8861900,-0.006393569990301162
2009-01-12,81.72000122070312,82.04000091552734,80.26000213623047,80.76000213623047,14755500,-0.037654862984544346
2009-01-13,80.94000244140625,81.81999969482422,80.62000274658203,80.87999725341797,10019100,0.0014858236009589465
2009-01-14,80.56999969482422,81.08999633789062,79.36000061035156,79.79000091552734,15600000,-0.01347671086678437
2009-01-15,79.97000122070312,80.69999694824219,78.87000274658203,80.38999938964844,16714700,0.007519720105734873
2009-01-16,82.19999694824219,83.0,81.73999786376953,82.70999908447266,16470300,0.02885930728247965
2009-01-20,84.16999816894531,85.29000091552734,83.56999969482422,84.5199966430664,16743000,0.021883660725774856
2009-01-21,84.05000305175781,84.38999938964844,82.9800033569336,84.1500015258789,12272100,-0.004377604494590903
2009-01-22,84.02999877929688,84.97000122070312,83.83000183105469,84.58000183105469,18569600,0.00510992629089313
2009-01-23,86.56999969482422,88.94000244140625,86.06999969482422,88.52999877929688,34010700,0.04670131074402373
2009-01-26,89.22000122070312,90.19000244140625,88.68000030517578,88.94999694824219,19129500,0.00474413390643269
2009-01-27,88.4000015258789,88.83999633789062,88.01000213623047,88.37999725341797,11787400,-0.006408091224060275
2009-01-28,88.2699966430664,88.37999725341797,86.83999633789062,87.41999816894531,18449600,-0.010862175993511136
2009-01-29,86.68000030517578,89.55000305175781,86.27999877929688,89.5,21175600,0.02379320378198746
2009-01-30,90.69999694824219,91.48999786376953,89.6500015258789,91.30999755859375,21279300,0.0202234364088687
2009-02-02,89.87999725341797,92.58000183105469,88.62000274658203,88.83999633789062,16983300,-0.027050720476891055
2009-02-03,89.33999633789062,89.7300033569336,86.0,88.47000122070312,17521400,-0.00416473584465582
2009-02-04,88.88999938964844,89.5,88.5199966430664,89.18000030517578,14271100,0.008025308858100377
2009-02-05,90.75,90.81999969482422,89.30000305175781,90.12000274658203,17196300,0.01054050726832867
2009-02-06,89.1500015258789,90.13999938964844,89.1500015258789,89.58999633789062,12554300,-0.005881118425859255
2009-02-09,88.3499984741211,88.6500015258789,87.5999984741211,88.31999969482422,21263800,-0.014175652360522317
2009-02-10,89.66000366210938,90.37000274658203,89.18000030517578,90.20999908447266,25445100,0.021399449684998073
2009-02-11,90.93000030517578,93.25,90.80000305175781,92.29000091552734,55582400,0.023057331251128632
2009-02-12,93.04000091552734,93.73999786376953,92.5199966430664,93.16999816894531,38786800,0.009535131050907975
2009-02-13,92.5,92.7699966430664,91.69000244140625,92.55000305175781,14715500,-0.006654450245488497
2009-02-17,95.2300033569336,95.8499984741211,94.88999938964844,95.44999694824219,27085200,0.031334346848833405
2009-02-18,95.2300033569336,97.1500015258789,94.66999816894531,96.91000366210938,29346300,0.01529603730274487
2009-02-19,95.91000366210938,96.56999969482422,95.43000030517578,95.7699966430664,21305400,-0.011763563883639527
2009-02-20,98.0,98.98999786376953,97.13999938964844,97.80000305175781,43854800,0.021196684555155887
2009-02-23,96.58999633789062,98.22000122070312,95.88999938964844,97.7300033569336,24542700,-0.0007157432785270812
2009-02-24,97.58999633789062,97.58999633789062,94.2699966430664,94.7300033569336,37460500,-0.03069681670881841
2009-02-25,94.7300033569336,96.41000366210938,92.80999755859375,93.1500015258789,26142800,-0.01667900110909304
2009-02-26,92.70999908447266,93.13999938964844,91.56999969482422,93.05999755859375,28789800,-0.0009662261493377233
2009-02-27,94.30999755859375,94.52999877929688,91.02999877929688,92.62999725341797,30588700,-0.004620678234007469
2009-03-02,93.4000015258789,93.61000061035156,90.62000274658203,90.93000030517578,24269300,-0.018352553153934803
2009-03-03,90.8499984741211,91.04000091552734,88.94000244140625,90.04000091552734,28082900,-0.00978774207259936
2009-03-04,90.25,90.3499984741211,88.44999694824219,88.98999786376953,19875100,-0.011661517559766521
2009-03-05,89.91999816894531,92.16999816894531,89.2300033569336,91.98999786376953,23995500,0.03371165380397634
2009-03-06,91.80999755859375,92.94999694824219,91.19999694824219,92.29000091552734,22395300,0.003261257296712783
2009-03-09,92.29000091552734,92.33000183105469,89.56999969482422,90.56999969482422,18311100,-0.018636918448808326
2009-03-10,89.54000091552734,89.61000061035156,87.47000122070312,88.13999938964844,25924900,-0.026830079644072802
2009-03-11,88.48999786376953,89.83000183105469,87.77999877929688,89.22000122070312,16680500,0.012253254351412224
2009-03-12,90.37000274658203,91.56999969482422,90.13999938964844,91.0999984741211,20128600,0.02107147755767702
2009-03-13,91.87000274658203,91.88999938964844,90.5,91.30000305175781,11693100,0.002195439966923063
2009-03-16,90.29000091552734,90.95999908447266,90.02999877929688,90.80000305175781,11782500,-0.005476451076530053
2009-03-17,90.26000213623047,90.58999633789062,89.75,90.04000091552734,10052400,-0.008370067298315575
2009-03-18,88.75,93.38999938964844,86.83000183105469,93.08999633789062,59424700,0.033873782667158014
2009-03-19,93.41000366210938,94.7699966430664,92.91000366210938,94.3499984741211,35006600,0.013535311911035075
2009-03-20,93.4800033569336,94.37000274658203,93.12999725341797,93.58999633789062,18072300,-0.008055136709291255
2009-03-23,93.44000244140625,93.91000366210938,91.94999694824219,92.08000183105469,17652600,-0.01613414430944482
2009-03-24,90.76000213623047,91.66000366210938,90.25,90.94999694824219,16979800,-0.01227199022960268
2009-03-25,90.87000274658203,92.62999725341797,90.33999633789062,91.9800033569336,24788700,0.011324974637190621
2009-03-26,92.72000122070312,92.72000122070312,91.83999633789062,91.93000030517578,12365300,-0.0005436295926601886
2009-03-27,90.83000183105469,91.26000213623047,90.41000366210938,90.69000244140625,11596000,-0.013488500594508568
2009-03-30,89.97000122070312,91.80999755859375,89.75,89.9800033569336,16425900,-0.007828857264960187
2009-03-31,90.37999725341797,90.8499984741211,89.58000183105469,90.27999877929688,14400500,0.003334023240399997
2009-04-01,91.33999633789062,91.37999725341797,90.20999908447266,91.02999877929688,12298700,0.008307487928012502
2009-04-02,88.75,89.36000061035156,87.91999816894531,88.80000305175781,24829000,-0.024497371827343573
2009-04-03,88.95999908447266,89.44000244140625,87.5199966430664,87.58999633789062,16343600,-0.013626201264451798
2009-04-06,86.4000015258789,86.44000244140625,84.97000122070312,85.2699966430664,22909600,-0.026487039523035216
2009-04-07,86.2699966430664,88.26000213623047,86.16999816894531,86.73999786376953,11004600,0.017239372329946656
2009-04-08,87.18000030517578,87.5199966430664,86.26000213623047,86.61000061035156,12226200,-0.0014987002146591433
2009-04-09,86.33000183105469,86.87999725341797,86.0999984741211,86.30999755859375,9607100,-0.0034638384671937805
2009-04-13,88.02999877929688,88.44999694824219,87.5999984741211,87.87999725341797,7283700,0.018190241446344402
2009-04-14,87.77999877929688,87.80999755859375,87.04000091552734,87.37000274658203,7167400,-0.005803305903222533
2009-04-15,87.41999816894531,87.94000244140625,87.2300033569336,87.5,6857000,0.0014878934340316619
2009-04-16,87.37999725341797,87.44999694824219,85.68000030517578,85.80999755859375,21033600,-0.019314313616071388
2009-04-17,85.75,86.37000274658203,84.91999816894531,85.22000122070312,22332700,-0.006875613036671613
2009-04-20,86.02999877929688,87.33999633789062,86.0,86.94999694824219,12674400,0.02030034854210716
2009-04-21,87.8499984741211,87.87999725341797,86.33000183105469,86.88999938964844,10655900,-0.0006900236998221843
2009-04-22,87.02999877929688,87.81999969482422,86.80000305175781,87.37999725341797,10085900,0.0056392895294219425
2009-04-23,87.70999908447266,89.37000274658203,87.62000274658203,88.80000305175781,16621000,0.01625092518853677
2009-04-24,89.0999984741211,89.83999633789062,88.83000183105469,89.72000122070312,11425800,0.010360339384325012
2009-04-27,89.33000183105469,89.79000091552734,88.94000244140625,89.01000213623047,7147600,-0.007913498381772466
2009-04-28,87.33000183105469,87.94999694824219,87.11000061035156,87.75,8570100,-0.014155736501410554
2009-04-29,88.30999755859375,88.77999877929688,87.66999816894531,88.33000183105469,8098300,0.006609707476406657
2009-04-30,86.83000183105469,87.77999877929688,86.54000091552734,87.2699966430664,9713800,-0.012000511332669439
2009-05-01,86.75,87.48999786376953,86.69000244140625,86.94999694824219,6122400,-0.0036667778977123033
2009-05-04,87.55000305175781,89.18000030517578,87.55000305175781,88.63999938964844,10813100,0.019436486494786687
2009-05-05,89.70999908447266,89.7300033569336,87.87999725341797,88.25,9953800,-0.004399812639145684
2009-05-06,89.45999908447266,89.69000244140625,88.83999633789062,89.54000091552734,11334900,0.014617574113624299
2009-05-07,90.12999725341797,90.30000305175781,89.23999786376953,89.44000244140625,14808900,-0.001116802245908266
2009-05-08,89.70999908447266,90.08999633789062,88.91000366210938,89.9800033569336,10939800,0.006037577155491469
2009-05-11,89.63999938964844,90.01000213623047,89.5,89.69000244140625,12211600,-0.0032229484853091295
2009-05-12,90.4000015258789,90.83999633789062,89.94999694824219,90.69999694824219,15764900,0.011260948593414977
2009-05-13,90.44000244140625,91.5,90.30999755859375,91.08999633789062,17445900,0.0042998831617491184
2009-05-14,90.9000015258789,91.26000213623047,90.69999694824219,91.02999877929688,8023400,-0.0006586624328229762
2009-05-15,91.1500015258789,91.80999755859375,91.0999984741211,91.55000305175781,11705800,0.005712449515919316
2009-05-18,91.52999877929688,91.56999969482422,90.13999938964844,90.36000061035156,17353900,-0.012998387785235543
2009-05-19,90.63999938964844,91.3499984741211,90.56999969482422,90.95999908447266,9630300,0.0066400893101847824
2009-05-20,91.54000091552734,92.44000244140625,91.5199966430664,92.25,18272500,0.01418206825540258
2009-05-21,92.3499984741211,93.86000061035156,91.93000030517578,93.8499984741211,21830200,0.01734415690104174
2009-05-22,94.25,94.41999816894531,93.80000305175781,94.1500015258789,15407200,0.003196622873047117
2009-05-26,92.94999694824219,93.83999633789062,92.8499984741211,93.76000213623047,12356100,-0.004142319525520577
2009-05-27,93.7300033569336,94.27999877929688,93.0999984741211,93.44999694824219,13688100,-0.0033063692504812225
2009-05-28,94.13999938964844,94.83000183105469,93.80000305175781,94.23999786376953,14973200,0.008453728639123304
2009-05-29,95.69999694824219,96.3499984741211,95.58000183105469,96.19999694824219,18137800,0.020797953405155667
2009-06-01,96.47000122070312,96.76000213623047,95.62999725341797,95.7300033569336,17921200,-0.004885588422226861
2009-06-02,96.19000244140625,96.97000122070312,96.0999984741211,96.36000061035156,14532700,0.006580980166364325
2009-06-03,95.9000015258789,96.20999908447266,94.30999755859375,94.41000366210938,18204700,-0.02023658090380609
2009-06-04,95.23999786376953,96.48999786376953,95.19999694824219,96.2300033569336,13629500,0.01927761491608404
2009-06-05,94.23999786376953,94.79000091552734,93.56999969482422,93.70999908447266,18600800,-0.026187303175224996
2009-06-08,93.26000213623047,93.69999694824219,92.58000183105469,93.55999755859375,11551100,-0.0016006992566897082
2009-06-09,94.2699966430664,94.38999938964844,93.44000244140625,93.83000183105469,9477700,0.0028858943940421877
2009-06-10,94.5,94.52999877929688,92.9000015258789,93.86000061035156,14441800,0.0003197141501807277
2009-06-11,93.12999725341797,94.52999877929688,93.0,93.69999694824219,14777600,-0.0017047055302461533
2009-06-12,92.41000366210938,92.76000213623047,92.0,92.16999816894531,13809400,-0.016328696148645738
2009-06-15,91.9000015258789,91.9000015258789,90.9000015258789,91.0999984741211,13116700,-0.011608980319853468
2009-06-16,91.87000274658203,92.12000274658203,91.3499984741211,91.93000030517578,9834200,0.009110887430919812
2009-06-17,91.61000061035156,92.38999938964844,90.1500015258789,92.3499984741211,12130100,0.004568673638105869
2009-06-18,92.23999786376953,92.5,91.30000305175781,91.61000061035156,16239200,-0.008012971044898287
2009-06-19,91.80999755859375,92.2300033569336,91.58000183105469,91.9000015258789,11812300,0.0031656032485014585
2009-06-22,90.41000366210938,90.63999938964844,90.12999725341797,90.54000091552734,12956300,-0.014798700628623873
2009-06-23,90.66000366210938,91.02999877929688,89.94999694824219,90.91999816894531,11958500,0.004197009604324009
2009-06-24,92.08999633789062,92.33000183105469,91.04000091552734,91.44999694824219,12113800,0.005829287175215692
2009-06-25,92.12000274658203,92.33000183105469,91.72000122070312,92.30999755859375,11444800,0.009404052914712357
2009-06-26,92.80999755859375,92.93000030517578,91.93000030517578,92.29000091552734,10418500,-0.00021662488999318885
2009-06-29,92.31999969482422,92.4000015258789,91.70999908447266,92.04000091552734,6528700,-0.0027088525031961908
2009-06-30,91.8499984741211,91.95999908447266,90.52999877929688,91.18000030517578,24189500,-0.00934377011948162
2009-07-01,92.30999755859375,93.0,92.0,92.38999938964844,10743200,0.013270443961645562
2009-07-02,91.47000122070312,91.58000183105469,91.08000183105469,91.25,7365200,-0.012338991202289873
2009-07-06,90.4800033569336,90.93000030517578,90.36000061035156,90.76000213623047,6286200,-0.005369839602953785
2009-07-07,90.88999938964844,91.37999725341797,90.5,90.70999908447266,7690200,-0.0005509370932226254
2009-07-08,90.11000061035156,91.04000091552734,88.81999969482422,89.2699966430664,21958200,-0.015874792811597982
2009-07-09,89.62999725341797,90.26000213623047,89.33000183105469,89.51000213623047,13688100,0.0026885348066461034
2009-07-10,89.30000305175781,89.7699966430664,89.16000366210938,89.58000183105469,5040100,0.0007820320986886564
2009-07-13,89.44999694824219,90.69000244140625,89.0999984741211,90.19000244140625,8809500,0.006809562378688128
2009-07-14,90.86000061035156,91.11000061035156,90.58999633789062,90.80999755859375,5720900,0.0068743219914013665
2009-07-15,92.16999816894531,92.5199966430664,92.02999877929688,92.23999786376953,9863800,0.015747168193161798
2009-07-16,92.0,92.12000274658203,91.55000305175781,91.9800033569336,4604600,-0.002818674250404163
2009-07-17,92.1500015258789,92.30000305175781,91.83999633789062,91.93000030517578,8748400,-0.0005436295926601886
2009-07-20,93.61000061035156,93.80000305175781,92.91000366210938,93.27999877929688,13172100,0.014685069831823938
2009-07-21,93.5199966430664,93.52999877929688,92.69000244140625,93.12999725341797,9343800,-0.001608078128665258
2009-07-22,92.81999969482422,93.81999969482422,92.7300033569336,93.44000244140625,10241300,0.003328736144431632
2009-07-23,93.19999694824219,94.0,93.11000061035156,93.26000213623047,9763900,-0.0019263730786892586
2009-07-24,93.4800033569336,93.70999908447266,93.33000183105469,93.41000366210938,4734000,0.0016084229299051511
2009-07-27,93.9000015258789,93.94999694824219,93.36000061035156,93.70999908447266,5167300,0.003211598443443542
2009-07-28,92.73999786376953,92.81999969482422,91.6500015258789,92.11000061035156,10881200,-0.01707393543648217
2009-07-29,91.66999816894531,91.75,90.80999755859375,91.19999694824219,9676100,-0.009879531604379377
2009-07-30,91.55000305175781,92.0,91.44000244140625,91.62000274658203,6246700,0.0046053268902870315
2009-07-31,91.86000061035156,94.02999877929688,91.83000183105469,93.3499984741211,14385900,0.018882292901956976
2009-08-03,94.13999938964844,94.48999786376953,93.6500015258789,93.87000274658203,10007600,0.005570479710346188
2009-08-04,94.18000030517578,95.25,93.98999786376953,94.68000030517578,11548600,0.008628928676826408
2009-08-05,94.87999725341797,95.05000305175781,94.01000213623047,94.77999877929688,8987000,0.0010561731495435378
2009-08-06,95.01000213623047,95.19000244140625,93.76000213623047,94.5999984741211,13661000,-0.0018991380828662363
2009-08-07,94.31999969482422,94.63999938964844,93.5999984741211,93.75,8042000,-0.008985184860797024
2009-08-10,92.91000366210938,93.13999938964844,92.5999984741211,92.93000030517578,6420500,-0.008746663411458355
2009-08-11,92.68000030517578,92.97000122070312,92.41000366210938,92.79000091552734,5029900,-0.0015065037037413909
2009-08-12,92.5999984741211,93.48999786376953,92.47000122070312,92.94999694824219,7906400,0.001724280969244818
2009-08-13,93.8499984741211,94.05000305175781,93.44999694824219,93.72000122070312,6756000,0.008284069905776459
2009-08-14,93.83999633789062,93.91000366210938,92.4000015258789,93.0,6189400,-0.00768247131162092
2009-08-17,91.48999786376953,91.86000061035156,91.27999877929688,91.61000061035156,6830800,-0.014946229996219751
2009-08-18,91.80999755859375,92.19999694824219,91.76000213623047,92.05999755859375,4354600,0.004912094151774626
2009-08-19,91.68000030517578,92.77999877929688,91.66000366210938,92.52999877929688,7119800,0.005105379460867088
2009-08-20,92.30999755859375,92.55000305175781,92.12000274658203,92.2699966430664,3973000,-0.00280992261602242
2009-08-21,93.62999725341797,93.80000305175781,93.4000015258789,93.6500015258789,7285300,0.014956160539929986
2009-08-24,93.63999938964844,93.69999694824219,91.63999938964844,92.33999633789062,8548000,-0.013988309307461977
2009-08-25,93.4000015258789,93.45999908447266,92.48999786376953,92.76000213623047,8280500,0.00454847103093825
2009-08-26,92.66999816894531,92.8499984741211,92.20999908447266,92.79000091552734,5224300,0.000323402097951897
2009-08-27,92.80000305175781,93.30999755859375,92.37999725341797,93.19000244140625,6870300,0.004310825756355552
2009-08-28,94.06999969482422,94.1500015258789,93.62999725341797,93.87000274658203,6757700,0.0072969233540189915
2009-08-31,93.13999938964844,93.5,92.91999816894531,93.4000015258789,4952900,-0.005006937327699634
2009-09-01,93.41000366210938,93.95999908447266,93.05999755859375,93.9000015258789,8002400,0.0053533189703585116
2009-09-02,94.69999694824219,96.26000213623047,94.56999969482422,96.19000244140625,27673700,0.02438765578609936
2009-09-03,96.5199966430664,97.94000244140625,96.19999694824219,97.45999908447266,26443600,0.013203000424498512
2009-09-04,97.13999938964844,97.83000183105469,96.0,97.52999877929688,14911000,0.0007182402573546742
2009-09-08,98.56999969482422,98.63999938964844,97.38999938964844,97.43000030517578,22938800,-0.0010253099084660544
2009-09-09,97.9800033569336,98.36000061035156,96.8499984741211,97.08000183105469,20439900,-0.003592307020679586
2009-09-10,97.02999877929688,98.02999877929688,96.87999725341797,97.69999694824219,12249000,0.006386434955640619
2009-09-11,98.95999908447266,99.33000183105469,98.2699966430664,98.77999877929688,19499400,0.011054266783926625
2009-09-14,98.16000366210938,98.43000030517578,97.7300033569336,97.95999908447266,9631500,-0.008301272574991025
2009-09-15,97.75,99.0999984741211,97.55999755859375,98.9000015258789,16247000,0.009595778380884434
2009-09-16,100.01000213623047,100.0199966430664,99.5,99.91000366210938,16588200,0.010212357134961048
2009-09-17,99.66000366210938,100.08000183105469,99.04000091552734,99.33999633789062,12493600,-0.005705207720204775
2009-09-18,99.7300033569336,99.87000274658203,98.66999816894531,98.66999816894531,13937800,-0.00674449560745316
2009-09-21,97.94999694824219,98.62000274658203,97.7300033569336,98.36000061035156,11113200,-0.0031417610656377937
2009-09-22,99.83999633789062,99.83999633789062,99.37000274658203,99.66999816894531,10879500,0.013318397219040712
2009-09-23,99.16000366210938,99.88999938964844,98.68000030517578,98.83000183105469,14688000,-0.008427775191354847
2009-09-24,99.36000061035156,99.44000244140625,97.13999938964844,97.55000305175781,23350200,-0.012951520343842282
2009-09-25,97.06999969482422,97.5,96.7699966430664,97.0,10724500,-0.005638165397760075
2009-09-28,97.20999908447266,97.80999755859375,97.0,97.05000305175781,7791200,0.0005154953789465733
2009-09-29,97.19000244140625,97.7300033569336,96.94999694824219,97.43000030517578,9262100,0.003915479046562309
2009-09-30,98.30999755859375,99.05999755859375,97.55999755859375,98.8499984741211,18664200,0.014574547516139846
2009-10-01,98.83999633789062,98.86000061035156,97.87999725341797,97.88999938964844,11049400,-0.009711675258386454
2009-10-02,97.83999633789062,98.86000061035156,97.73999786376953,98.37000274658203,10475800,0.004903497394283862
2009-10-05,98.4800033569336,99.83999633789062,98.36000061035156,99.81999969482422,11709400,0.014740234906545968
2009-10-06,101.33000183105469,102.41999816894531,100.54000091552734,102.27999877929688,33537500,0.024644350751287458
2009-10-07,102.29000091552734,102.5199966430664,101.83000183105469,102.36000061035156,16194200,0.0007821845131941174
2009-10-08,102.62000274658203,104.1500015258789,102.30000305175781,103.63999938964844,24250200,0.01250487272044265
2009-10-09,103.05999755859375,103.25,102.37000274658203,102.83999633789062,15177500,-0.007719056893758736
2009-10-12,103.38999938964844,103.91999816894531,103.22000122070312,103.55999755859375,9179000,0.007001178980379219
2009-10-13,103.69999694824219,104.5,103.45999908447266,104.26000213623047,17358800,0.006759410912892783
2009-10-14,104.29000091552734,104.69999694824219,103.76000213623047,104.18000030517578,17871100,-0.0007673300346776601
2009-10-15,103.2699966430664,103.94999694824219,102.5999984741211,102.86000061035156,15781300,-0.012670375225163455
2009-10-16,102.69999694824219,103.68000030517578,102.52999877929688,103.18000030517578,14320600,0.0031110217083940572
2009-10-19,103.16000366210938,104.26000213623047,102.75,104.2300033569336,13936600,0.010176420320335389
2009-10-20,104.33999633789062,104.3499984741211,102.79000091552734,103.41999816894531,18250000,-0.007771324588894402
2009-10-21,103.37999725341797,104.45999908447266,103.23999786376953,103.75,16004800,0.0031908899332564467
2009-10-22,103.45999908447266,104.08999633789062,103.0999984741211,103.91999816894531,11575600,0.0016385365681474973
2009-10-23,104.5,104.58000183105469,102.95999908447266,103.48999786376953,11423000,-0.004137801315938439
2009-10-26,103.41000366210938,103.97000122070312,101.73999786376953,101.86000061035156,21519400,-0.015750287825531117
2009-10-27,101.88999938964844,102.05999755859375,101.22000122070312,101.8499984741211,18398400,-9.819493589768857e-05
2009-10-28,101.5,102.02999877929688,100.6500015258789,100.7300033569336,19344900,-0.01099651579741634
2009-10-29,101.72000122070312,102.76000213623047,101.5,102.69000244140625,15322600,0.019457947177142998
2009-10-30,102.33000183105469,102.66000366210938,101.4800033569336,102.52999877929688,15244500,-0.0015581230724058814
2009-11-02,103.5,104.25,103.25,103.94999694824219,15440900,0.01384958729982988
2009-11-03,103.73999786376953,106.69999694824219,103.72000122070312,106.45999908447266,33610400,0.02414624540566579
2009-11-04,107.11000061035156,107.68000030517578,106.43000030517578,107.0999984741211,27197500,0.0060116418857059095
2009-11-05,106.80999755859375,107.19999694824219,106.5999984741211,106.9800033569336,10189000,-0.0011204026040811943
2009-11-06,107.37999725341797,108.04000091552734,107.05999755859375,107.43000030517578,14789000,0.004206365060027029
2009-11-09,108.69000244140625,108.75,107.91000366210938,108.19000244140625,18444800,0.007074393875747376
2009-11-10,108.02999877929688,108.77999877929688,107.69999694824219,108.38999938964844,15973300,0.0018485714366307526
2009-11-11,109.48999786376953,109.70999908447266,109.0,109.5999984741211,17670800,0.011163383073034883
2009-11-12,109.16000366210938,109.55999755859375,108.12000274658203,108.20999908447266,17859900,-0.012682476359492378
2009-11-13,108.31999969482422,109.80000305175781,108.13999938964844,109.73999786376953,17246000,0.014139162667421434
2009-11-16,110.69999694824219,112.16000366210938,110.6500015258789,111.62999725341797,25002300,0.017222520743937597
2009-11-17,111.08999633789062,111.98999786376953,110.9000015258789,111.97000122070312,19831100,0.0030458118395657596
2009-11-18,112.69000244140625,113.08999633789062,111.80000305175781,112.25,22336900,0.0025006588929563645
2009-11-19,111.8499984741211,112.4000015258789,110.76000213623047,112.30000305175781,21249900,0.00044546148559287957
2009-11-20,111.73999786376953,112.94000244140625,111.54000091552734,112.94000244140625,17302500,0.005699014890974352
2009-11-23,114.66999816894531,115.12000274658203,113.98999786376953,114.29000091552734,24457700,0.011953235744097679
2009-11-24,114.7300033569336,114.80999755859375,113.97000122070312,114.7300033569336,22618000,0.0038498769610777472
2009-11-25,115.69000244140625,116.87999725341797,115.52999877929688,116.62000274658203,24569900,0.016473453624580747
2009-11-27,113.08000183105469,115.80999755859375,113.0199966430664,115.05999755859375,21234400,-0.013376823454362308
2009-11-30,114.4800033569336,115.88999938964844,114.2699966430664,115.63999938964844,16421000,0.005040864273957002
2009-12-01,117.30000305175781,117.93000030517578,116.77999877929688,117.37999725341797,27721300,0.015046678251066092
2009-12-02,118.80000305175781,119.2699966430664,118.30000305175781,119.18000030517578,31109300,0.015334836376522443
2009-12-03,118.56999969482422,119.54000091552734,118.02999877929688,118.69999694824219,28864000,-0.004027549552814924
2009-12-04,117.1500015258789,117.26000213623047,112.41000366210938,113.75,79182600,-0.041701744528271356
2009-12-07,111.51000213623047,114.22000122070312,111.44000244140625,113.11000061035156,42538700,-0.005626368260645553
2009-12-08,112.76000213623047,113.05999755859375,110.20999908447266,110.94999694824219,37655000,-0.019096487052018385
2009-12-09,111.5999984741211,112.4800033569336,109.37999725341797,110.83999633789062,37125900,-0.0009914431129085521
2009-12-10,110.66000366210938,111.02999877929688,110.04000091552734,110.81999969482422,20531800,-0.00018040999392898716
2009-12-11,110.5999984741211,110.81999969482422,108.72000122070312,109.31999969482422,28983100,-0.013535462950105548
2009-12-14,110.01000213623047,110.69999694824219,109.5,110.23999786376953,16339100,0.008415643720394828
2009-12-15,109.94000244140625,110.56999969482422,109.38999938964844,110.20999908447266,20059500,-0.00027212245898211584
2009-12-16,110.83000183105469,111.91000366210938,110.62999725341797,111.58999633789062,22850300,0.012521524951290885
2009-12-17,109.47000122070312,109.9800033569336,107.27999877929688,107.33999633789062,35016800,-0.038085851236441925
2009-12-18,108.0,109.5,107.04000091552734,108.94999694824219,25591700,0.014999074578720073
2009-12-21,109.16999816894531,109.30000305175781,106.81999969482422,106.94999694824219,23314200,-0.018357045030025332
2009-12-22,106.79000091552734,107.08999633789062,105.30999755859375,106.16999816894531,28702900,-0.007293116424064494
2009-12-23,106.6500015258789,107.44999694824219,106.30000305175781,106.55000305175781,16941900,0.0035792115415487213
2009-12-24,107.9000015258789,108.37000274658203,107.7699966430664,108.36000061035156,7991600,0.01698730649228164
2009-12-28,108.63999938964844,108.77999877929688,107.91000366210938,108.55000305175781,9637500,0.0017534370647473985
2009-12-29,108.5,108.5,107.44999694824219,107.47000122070312,11043700,-0.00994934869361297
2009-12-30,106.63999938964844,107.44000244140625,106.4000015258789,106.93000030517578,9399600,-0.005024666505943243
2009-12-31,107.9800033569336,108.11000061035156,107.23999786376953,107.30999755859375,9124700,0.003553701041180801
2010-01-04,109.81999969482422,110.13999938964844,109.30999755859375,109.80000305175781,16224100,0.023203853786358142
2010-01-05,109.87999725341797,110.38999938964844,109.26000213623047,109.69999694824219,14213100,-0.0009108023746454696
2010-01-06,110.70999908447266,111.7699966430664,110.41000366210938,111.51000213623047,24981900,0.01649959196299955
2010-01-07,111.06999969482422,111.29000091552734,110.62000274658203,110.81999969482422,13609800,-0.006187807624317698
2010-01-08,111.5199966430664,111.58000183105469,110.26000213623047,111.37000274658203,15894600,0.0049630306196752905
2010-01-11,113.33999633789062,113.58999633789062,112.5199966430664,112.8499984741211,17253000,0.01328899785435711
2010-01-12,112.37999725341797,113.05000305175781,110.13999938964844,110.48999786376953,29182600,-0.020912721685971136
2010-01-13,110.91999816894531,111.56999969482422,109.56999969482422,111.54000091552734,20014000,0.00950315025847348
2010-01-14,111.51000213623047,112.37000274658203,110.79000091552734,112.02999877929688,18305300,0.004393023666376061
2010-01-15,111.3499984741211,112.01000213623047,110.37999725341797,110.86000061035156,18002700,-0.01044361493969348
2010-01-19,110.94999694824219,111.75,110.83000183105469,111.5199966430664,10468200,0.005953418988644765
2010-01-20,109.97000122070312,110.05000305175781,108.45999908447266,108.94000244140625,17535000,-0.02313481240425197
2010-01-21,108.4800033569336,108.77999877929688,106.61000061035156,107.37000274658203,25748400,-0.01441159959280014
2010-01-22,106.93000030517578,107.68000030517578,106.01000213623047,107.16999816894531,24210100,-0.001862760291706178
2010-01-25,107.44000244140625,107.72000122070312,107.06999969482422,107.4800033569336,13200500,0.002892648999579084
2010-01-26,106.87000274658203,107.98999786376953,106.75,107.55999755859375,12297100,0.0007442705541653716
2010-01-27,107.52999877929688,108.80000305175781,106.16000366210938,106.52999877929688,19005100,-0.009576039444736728
2010-01-28,107.18000030517578,107.2300033569336,105.18000030517578,106.4800033569336,16793900,-0.0004693083914030227
2010-01-29,105.87999725341797,106.30000305175781,105.2699966430664,105.95999908447266,20278800,-0.004883586176437471
2010-02-01,106.63999938964844,108.4800033569336,106.37000274658203,108.3499984741211,14901900,0.02255567582388429
2010-02-02,109.16000366210938,109.5999984741211,108.61000061035156,109.12999725341797,14292200,0.007198881313165595
2010-02-03,109.0999984741211,109.54000091552734,108.43000030517578,108.69999694824219,13393200,-0.003940257637661704
2010-02-04,106.79000091552734,106.80000305175781,103.75,104.37000274658203,39991900,-0.03983435439949368
2010-02-05,103.76000213623047,104.68000030517578,102.27999877929688,104.68000030517578,32656700,0.002970178695371306
2010-02-08,104.41000366210938,105.13999938964844,104.0,104.04000091552734,17176600,-0.006113864996012963
2010-02-09,105.18000030517578,106.1500015258789,104.87000274658203,105.41000366210938,25959200,0.01316803858637372
2010-02-10,105.12999725341797,105.5,104.11000061035156,105.12000274658203,16215200,-0.002751170718643947
2010-02-11,105.58000183105469,107.55999755859375,105.2699966430664,107.12999725341797,19350100,0.019120951810489784
2010-02-12,106.08000183105469,107.0999984741211,105.56999969482422,107.04000091552734,14464200,-0.0008400666498453724
2010-02-16,109.44999694824219,109.87000274658203,109.0999984741211,109.62000274658203,20895700,0.02410315591356116
2010-02-17,109.66000366210938,110.01000213623047,108.87000274658203,109.25,19593400,-0.0033753214496573536
2010-02-18,109.61000061035156,110.11000061035156,109.19000244140625,109.9800033569336,19177400,0.006681952923877299
2010-02-19,109.31999969482422,110.38999938964844,108.80999755859375,109.47000122070312,21928700,-0.004637226047132237
2010-02-22,109.86000061035156,109.97000122070312,108.66000366210938,109.06999969482422,10742800,-0.0036539830220012615
2010-02-23,108.83999633789062,108.91000366210938,107.6500015258789,107.88999938964844,13629600,-0.010818743086801086
2010-02-24,107.33000183105469,108.16000366210938,107.0999984741211,107.36000061035156,17207400,-0.004912399502225995
2010-02-25,106.69999694824219,108.69999694824219,106.5999984741211,108.30999755859375,23400400,0.008848704758209536
2010-02-26,108.88999938964844,109.5999984741211,108.41000366210938,109.43000030517578,13033900,0.010340714355349556
2010-03-01,109.4800033569336,109.9000015258789,108.97000122070312,109.43000030517578,12830900,0.0
2010-03-02,109.86000061035156,111.44999694824219,109.86000061035156,111.0199966430664,20102200,0.01452980291927708
2010-03-03,111.45999908447266,112.18000030517578,111.18000030517578,111.62999725341797,16222100,0.005494511158316229
2010-03-04,111.25,111.37000274658203,110.22000122070312,110.83000183105469,12944800,-0.007166491463286184
2010-03-05,111.12999725341797,111.75,110.80000305175781,110.80999755859375,11091400,-0.0001804951017815304
2010-03-08,111.22000122070312,111.30000305175781,109.5199966430664,109.87999725341797,12753800,-0.008392747276111279
2010-03-09,109.16000366210938,110.16000366210938,109.04000091552734,109.72000122070312,12650800,-0.0014560978951050352
2010-03-10,109.94000244140625,110.5,108.0199966430664,108.47000122070312,21982100,-0.011392635673468599
2010-03-11,108.27999877929688,108.6500015258789,107.86000061035156,108.5999984741211,9513300,0.0011984627266063974
2010-03-12,108.55999755859375,108.7699966430664,107.44999694824219,107.94999694824219,11849000,-0.0059852811695370045
2010-03-15,108.16000366210938,108.55999755859375,107.81999969482422,108.36000061035156,7698600,0.003798088686431056
2010-03-16,110.0199966430664,110.56999969482422,109.69999694824219,110.4000015258789,17749300,0.01882614344810607
2010-03-17,110.18000030517578,110.45999908447266,109.55000305175781,109.58999633789062,13784300,-0.0073370034129791595
2010-03-18,110.0999984741211,110.61000061035156,109.5,110.33999633789062,13848400,0.006843690346403308
2010-03-19,108.27999877929688,110.29000091552734,107.8499984741211,108.27999877929688,24329100,-0.018669545286964517
2010-03-22,107.30999755859375,108.0,106.94999694824219,107.75,11579400,-0.004894706180937014
2010-03-23,107.5,108.5,107.33999633789062,108.31999969482422,11274400,0.005290020369598247
2010-03-24,106.94000244140625,107.06999969482422,106.23999786376953,106.30000305175781,14236700,-0.018648418101527398
2010-03-25,107.0,107.25,106.4800033569336,106.77999877929688,16866700,0.004515481785126063
2010-03-26,107.16000366210938,108.69999694824219,106.81999969482422,108.58999633789062,17433600,0.016950717168810137
2010-03-29,108.87000274658203,109.16999816894531,108.4000015258789,108.75,11527000,0.0014734659499526792
2010-03-30,108.56999969482422,108.66000366210938,107.87000274658203,107.97000122070312,9817700,-0.007172402568247138
2010-03-31,109.44000244140625,109.5,108.8499984741211,108.94999694824219,14006800,0.009076555677125953
2010-04-01,109.97000122070312,110.47000122070312,109.91999816894531,110.26000213623047,11370500,0.012023912112733903
2010-04-05,110.55999755859375,110.9800033569336,110.2699966430664,110.88999938964844,8207900,0.0057137424379838375
2010-04-06,110.88999938964844,111.51000213623047,110.83000183105469,111.02999877929688,10322300,0.0012625069025071767
2010-04-07,111.8499984741211,112.93000030517578,111.7699966430664,112.48999786376953,19139500,0.013149591106227154
2010-04-08,112.47000122070312,112.9800033569336,112.12999725341797,112.6500015258789,12445400,0.0014223812352023302
2010-04-09,113.08999633789062,114.06999969482422,112.73999786376953,113.63999938964844,16427800,0.008788263207809122
2010-04-12,113.63999938964844,114.12999725341797,112.9800033569336,113.01000213623047,11118900,-0.0055437984583037725
2010-04-13,113.12000274658203,113.16000366210938,112.05999755859375,112.69000244140625,11261100,-0.002831605068359111
2010-04-14,113.2300033569336,113.66000366210938,112.77999877929688,113.02999877929688,10572100,0.0030170940680156466
2010-04-15,112.9000015258789,113.70999908447266,112.8499984741211,113.6500015258789,10952100,0.005485293756329668
2010-04-16,112.5,113.06999969482422,110.54000091552734,111.23999786376953,24572600,-0.021205487283346813
2010-04-19,110.87999725341797,111.36000061035156,110.66999816894531,111.1500015258789,7993700,-0.0008090285834133626
2010-04-20,111.7300033569336,112.20999908447266,111.33000183105469,111.45999908447266,7019800,0.002789001838399141
2010-04-21,111.81999969482422,112.63999938964844,111.4800033569336,112.30999755859375,6842900,0.00762604056256011
2010-04-22,111.79000091552734,112.01000213623047,110.76000213623047,111.83999633789062,9598900,-0.004184856476894816
2010-04-23,111.26000213623047,113.30000305175781,111.08999633789062,113.19000244140625,12505800,0.012070870419532032
2010-04-26,112.87999725341797,113.19999694824219,112.62999725341797,112.75,8335400,-0.0038872906786446837
2010-04-27,112.43000030517578,114.81999969482422,112.33999633789062,114.62999725341797,25057100,0.016674033289738155
2010-04-28,114.02999877929688,114.98999786376953,113.62999725341797,114.30999755859375,26891900,-0.0027915877387381105
2010-04-29,113.8499984741211,114.5199966430664,113.83999633789062,114.27999877929688,10374300,-0.0002624335573229164
2010-04-30,115.26000213623047,115.69999694824219,115.20999908447266,115.36000061035156,13403100,0.009450488647102961
2010-05-03,115.91000366210938,116.27999877929688,115.52999877929688,115.7300033569336,13570800,0.003207374693346088
2010-05-04,116.38999938964844,116.43000030517578,114.16999816894531,114.87000274658203,21512100,-0.007431094663491455
2010-05-05,113.58000183105469,115.23999786376953,113.30999755859375,115.08999633789062,21616700,0.0019151526599501256
2010-05-06,115.62000274658203,118.62000274658203,115.56999969482422,118.48999786376953,50546300,0.02954211168707399
2010-05-07,117.63999938964844,118.87999725341797,116.73999786376953,118.2699966430664,34272700,-0.0018567071032954408
2010-05-10,117.5,117.9000015258789,116.80999755859375,117.56999969482422,28433800,-0.00591863505631729
2010-05-11,119.45999908447266,120.87000274658203,118.97000122070312,120.66000366210938,36731800,0.026282248662974128
2010-05-12,121.27999877929688,122.23999786376953,120.7699966430664,121.4000015258789,32703600,0.006132917630615964
2010-05-13,121.29000091552734,121.70999908447266,120.0999984741211,120.55999755859375,22340400,-0.0069193077160389915
2010-05-14,121.87999725341797,122.0199966430664,119.12000274658203,120.37000274658203,34643200,-0.0015759357652556094
2010-05-17,120.55000305175781,121.12000274658203,119.29000091552734,119.36000061035156,27898000,-0.008390812604340048
2010-05-18,118.86000061035156,120.31999969482422,118.5,119.48999786376953,26595300,0.0010891190746751267
2010-05-19,118.19000244140625,118.43000030517578,116.08000183105469,116.62999725341797,34412400,-0.023935062862853518
2010-05-20,116.13999938964844,116.94999694824219,115.18000030517578,115.83999633789062,28908200,-0.006773565413114135
2010-05-21,115.05000305175781,116.23999786376953,114.51000213623047,115.22000122070312,20098300,-0.005352167962601184
2010-05-24,116.33999633789062,117.16999816894531,116.04000091552734,116.83999633789062,14300500,0.014060016490404337
2010-05-25,117.16000366210938,117.5199966430664,116.81999969482422,117.36000061035156,21232700,0.0044505673464516615
2010-05-26,118.58000183105469,119.08000183105469,118.31999969482422,118.47000122070312,13153500,0.009458082861100836
2010-05-27,118.16000366210938,119.04000091552734,118.13999938964844,118.69000244140625,10418500,0.0018570204983223704
2010-05-28,118.4800033569336,118.9000015258789,117.62999725341797,118.87999725341797,11579400,0.0016007650863898437
2010-06-01,119.87999725341797,120.25,119.62999725341797,119.91000366210938,12207800,0.00866425330155196
2010-06-02,119.3499984741211,119.87999725341797,118.72000122070312,119.77999877929688,10339300,-0.0010841871306987994
2010-06-03,119.16000366210938,119.38999938964844,117.4800033569336,117.95999908447266,13855200,-0.015194520899751374
2010-06-04,117.95999908447266,119.38999938964844,117.05000305175781,119.19000244140625,16532500,0.01042729201831194
2010-06-07,118.7300033569336,121.80000305175781,118.62000274658203,121.48999786376953,20238600,0.01929688208114566
2010-06-08,121.61000061035156,122.44999694824219,120.66000366210938,121.0,23404800,-0.0040332362530698385
2010-06-09,120.4800033569336,120.98999786376953,119.51000213623047,120.55999755859375,12884600,-0.0036363838132748016
2010-06-10,119.36000061035156,120.04000091552734,118.83000183105469,118.97000122070312,13687900,-0.013188423773133118
2010-06-11,119.87999725341797,120.41000366210938,119.33000183105469,120.01000213623047,7829400,0.008741707193883563
2010-06-14,119.62999725341797,120.26000213623047,118.95999908447266,119.5999984741211,11002800,-0.00341641242239088
2010-06-15,119.70999908447266,121.02999877929688,119.4800033569336,120.98999786376953,15073000,0.011622068623597936
2010-06-16,120.68000030517578,120.88999938964844,120.04000091552734,120.33000183105469,10500500,-0.0054549635868080815
2010-06-17,121.63999938964844,122.41000366210938,121.48999786376953,121.9000015258789,19792200,0.013047450103329306
2010-06-18,123.04000091552734,123.5,122.80999755859375,122.83000183105469,19429900,0.007629206673786193
2010-06-21,123.08999633789062,123.11000061035156,120.36000061035156,120.38999938964844,20041700,-0.019864873443235176
2010-06-22,121.16000366210938,121.58999633789062,120.87000274658203,121.44999694824219,12940900,0.008804697765326885
2010-06-23,120.88999938964844,121.0199966430664,119.7699966430664,120.94999694824219,14120400,-0.004116920646882183
2010-06-24,120.76000213623047,122.16000366210938,120.66999816894531,121.30000305175781,13137700,0.0028938082872824733
2010-06-25,122.75,123.12999725341797,122.48999786376953,122.76000213623047,9986700,0.012036265851120165
2010-06-28,122.79000091552734,123.55999755859375,120.80999755859375,121.08999633789062,19650700,-0.013603826729219115
2010-06-29,121.05000305175781,121.81999969482422,120.0199966430664,121.2699966430664,17334700,0.0014865002115740378
2010-06-30,121.06999969482422,122.08999633789062,120.87999725341797,121.68000030517578,12016300,0.0033809159186846127
2010-07-01,120.91000366210938,121.02999877929688,116.9800033569336,117.04000091552734,33248900,-0.0381328022519003
2010-07-02,118.20999908447266,118.5,117.41000366210938,118.48999786376953,14732800,0.01238890069121501
2010-07-06,117.66999816894531,117.72000122070312,116.30000305175781,116.51000213623047,16846900,-0.016710235152637143
2010-07-07,116.56999969482422,117.77999877929688,116.5,117.7300033569336,10930100,0.01047121447372934
2010-07-08,117.38999938964844,117.41000366210938,116.0999984741211,117.20999908447266,11315100,-0.004416922259692702
2010-07-09,118.13999938964844,118.7300033569336,118.0,118.36000061035156,9596800,0.009811462629993661
2010-07-12,117.83000183105469,118.19999694824219,116.97000122070312,117.33999633789062,7506700,-0.00861781232849812
2010-07-13,118.9800033569336,119.0999984741211,118.36000061035156,118.36000061035156,8423700,0.008692724597704427
2010-07-14,118.26000213623047,119.12999725341797,117.58999633789062,118.30000305175781,9574800,-0.000506907386653932
2010-07-15,118.58999633789062,118.69999694824219,117.7300033569336,118.2300033569336,8586900,-0.0005917133813900799
2010-07-16,116.69000244140625,116.79000091552734,115.94999694824219,116.66999816894531,17494400,-0.013194664160489422
2010-07-19,115.56999969482422,115.80000305175781,115.11000061035156,115.7300033569336,15723900,-0.008056868318884747
2010-07-20,115.75,116.73999786376953,115.4800033569336,116.6500015258789,9263100,0.00794952166473073
2010-07-21,116.80000305175781,117.0,115.70999908447266,115.8499984741211,9396200,-0.006858148660892516
2010-07-22,115.94999694824219,117.5,115.91000366210938,116.86000061035156,8161000,0.008718188601928079
2010-07-23,117.12000274658203,117.47000122070312,115.79000091552734,116.08999633789062,8337000,-0.006589117477659223
2010-07-26,116.37999725341797,116.47000122070312,115.30000305175781,115.5199966430664,11219000,-0.004909981159489263
2010-07-27,114.94999694824219,114.98999786376953,113.20999908447266,113.51000213623047,29524800,-0.01739953744152556
2010-07-28,113.4800033569336,113.93000030517578,113.08000183105469,113.77999877929688,16071500,0.0023786154346325805
2010-07-29,113.54000091552734,114.3499984741211,113.33999633789062,114.29000091552734,9476300,0.004482353152593488
2010-07-30,114.36000061035156,115.7300033569336,114.08000183105469,115.48999786376953,10093200,0.010499579478777887
2010-08-02,116.12000274658203,116.38999938964844,115.19999694824219,115.54000091552734,8473400,0.0004329643491447488
2010-08-03,115.87999725341797,116.44000244140625,115.80999755859375,115.98999786376953,5579400,0.00389472861932183
2010-08-04,117.41000366210938,117.6500015258789,116.6500015258789,116.72000122070312,10323200,0.006293675061456394
2010-08-05,117.01000213623047,117.0999984741211,116.3499984741211,116.9800033569336,7023000,0.0022275713974577727
2010-08-06,117.98999786376953,118.41999816894531,117.48999786376953,117.83999633789062,10001700,0.007351623835511356
2010-08-09,117.76000213623047,117.8499984741211,117.2300033569336,117.4000015258789,6751400,-0.0037338325329719924
2010-08-10,116.58999633789062,118.08999633789062,116.4000015258789,117.7300033569336,10444900,0.0028109184562654654
2010-08-11,117.73999786376953,118.13999938964844,116.58000183105469,117.33999633789062,12436900,-0.0033127240968519045
2010-08-12,118.55999755859375,118.86000061035156,118.45999908447266,118.7699966430664,12327000,0.012186810548876936
2010-08-13,118.81999969482422,118.88999938964844,118.36000061035156,118.73999786376953,10213200,-0.00025257876690043535
2010-08-16,119.69999694824219,119.81999969482422,119.45999908447266,119.7300033569336,8948300,0.008337590626369185
2010-08-17,119.75,119.97000122070312,119.5999984741211,119.75,9145400,0.00016701447010558645
2010-08-18,119.2300033569336,120.51000213623047,119.0,120.22000122070312,12102500,0.003924853617562674
2010-08-19,120.6500015258789,120.98999786376953,120.11000061035156,120.38999938964844,10014500,0.001414058952080799
2010-08-20,119.97000122070312,120.06999969482422,119.44999694824219,119.97000122070312,10682100,-0.00348864665731885
2010-08-23,119.91000366210938,120.06999969482422,119.41999816894531,119.77999877929688,4857800,-0.0015837495996745554
2010-08-24,118.7699966430664,120.80000305175781,118.70999908447266,120.36000061035156,14811400,0.004842226055815635
2010-08-25,121.12000274658203,121.37999725341797,120.66999816894531,121.36000061035156,13987100,0.008308408066874051
2010-08-26,121.08999633789062,122.94999694824219,120.5,120.95999908447266,8886600,-0.0032959914623202913
2010-08-27,121.19999694824219,121.44999694824219,120.41999816894531,121.01000213623047,11155400,0.00041338502096799346
2010-08-30,120.8499984741211,121.05999755859375,120.58000183105469,120.91000366210938,4390900,-0.0008263653611749744
2010-08-31,121.7699966430664,122.19000244140625,121.45999908447266,122.08000183105469,12249700,0.009676603535758277
2010-09-01,122.1500015258789,122.20999908447266,121.43000030517578,121.69000244140625,11873500,-0.0031946214269242823
2010-09-02,122.37999725341797,122.4800033569336,121.88999938964844,122.29000091552734,7002100,0.004930548624238806
2010-09-03,121.38999938964844,122.38999938964844,121.1500015258789,121.86000061035156,9074500,-0.0035162343769447046
2010-09-07,122.91000366210938,123.05999755859375,122.62999725341797,122.69999694824219,8777500,0.00689312599444758
2010-09-08,122.81999969482422,123.41999816894531,122.5999984741211,122.70999908447266,9788900,8.151700472081025e-05
2010-09-09,122.44000244140625,122.87999725341797,121.37999725341797,121.55999755859375,13745000,-0.009371701853630121
2010-09-10,121.4000015258789,122.30000305175781,121.38999938964844,121.7300033569336,12510000,0.0013985340716866634
2010-09-13,121.62999725341797,122.11000061035156,121.38999938964844,121.62000274658203,9693300,-0.0009036441905699855
2010-09-14,122.91999816894531,124.58999633789062,121.55000305175781,124.0199966430664,26588900,0.019733545817173015
2010-09-15,123.97000122070312,124.29000091552734,123.43000030517578,123.94000244140625,11689100,-0.0006450105130254569
2010-09-16,124.5,124.7699966430664,124.19000244140625,124.62999725341797,12672800,0.0055671679717606
2010-09-17,125.02999877929688,125.02999877929688,124.2699966430664,124.54000091552734,13819200,-0.0007221081591426426
2010-09-20,125.08999633789062,125.44999694824219,124.77999877929688,124.87000274658203,8475800,0.0026497657670527808
2010-09-21,124.7699966430664,126.16999816894531,124.16000366210938,126.01000213623047,20408400,0.009129489585757655
2010-09-22,126.58000183105469,126.62999725341797,125.69999694824219,126.19999694824219,11046900,0.0015077756431296496
2010-09-23,126.19999694824219,126.66000366210938,125.80999755859375,126.30000305175781,9325200,0.0007924414099362842
2010-09-24,126.91000366210938,127.0,126.30000305175781,126.69000244140625,14945000,0.0030878810785825994
2010-09-27,126.9000015258789,126.91000366210938,126.4800033569336,126.72000122070312,6679700,0.00023678884457156713
2010-09-28,126.41999816894531,128.02999877929688,126.11000061035156,127.8499984741211,19857200,0.008917276219480907
2010-09-29,127.93000030517578,128.24000549316406,127.5199966430664,127.94999694824219,12328900,0.0007821546759059217
2010-09-30,128.14999389648438,128.27999877929688,126.61000061035156,127.91000366210938,19213400,-0.0003125696528855082
2010-10-01,127.91000366210938,129.07000732421875,127.91000366210938,128.91000366210938,17211900,0.00781799680532913
2010-10-04,128.52000427246094,128.6199951171875,128.22000122070312,128.4600067138672,8368000,-0.0034907837674234
2010-10-05,130.11000061035156,131.1199951171875,129.8699951171875,130.99000549316406,17489600,0.01969483611294076
2010-10-06,131.4499969482422,131.86000061035156,131.33999633789062,131.80999755859375,16142200,0.0062599590124643445
2010-10-07,132.60000610351562,132.6699981689453,129.50999450683594,130.3699951171875,38676800,-0.01092483474757766
2010-10-08,130.77999877929688,131.8800048828125,130.47000122070312,131.66000366210938,18693300,0.009894980388411412
2010-10-11,131.27999877929688,132.3300018310547,130.97999572753906,132.2899932861328,10621300,0.004784973465747688
2010-10-12,132.05999755859375,132.2100067138672,131.36000061035156,131.9600067138672,13289200,-0.0024944182403267012
2010-10-13,132.72999572753906,134.30999755859375,132.6300048828125,134.07000732421875,18398500,0.01598969765837266
2010-10-14,134.05999755859375,134.85000610351562,133.89999389648438,134.75,26890500,0.00507192241838883
2010-10-15,134.24000549316406,134.4600067138672,133.07000732421875,133.67999267578125,26168600,-0.007940685151901716
2010-10-18,133.4600067138672,134.33999633789062,133.16000366210938,134.27999877929688,12289500,0.004488376244684789
2010-10-19,130.4600067138672,131.58999633789062,129.75,130.11000061035156,25327200,-0.03105449960421236
2010-10-20,130.36000061035156,131.64999389648438,130.32000732421875,131.32000732421875,12556600,0.00929987478434402
2010-10-21,131.0800018310547,131.58999633789062,128.72000122070312,129.47000122070312,21804200,-0.014087770334554661
2010-10-22,129.47000122070312,129.75,128.97000122070312,129.72999572753906,11885300,0.002008144777821741
2010-10-25,131.16000366210938,131.3800048828125,130.2100067138672,130.85000610351562,12154900,0.008633395612906769
2010-10-26,129.99000549316406,131.13999938964844,129.72999572753906,130.8800048828125,10710900,0.00022926081694740752
2010-10-27,129.92999267578125,130.0,128.7899932861328,129.52000427246094,16132100,-0.010391202319783521
2010-10-28,130.36000061035156,131.5,129.83999633789062,131.24000549316406,15889600,0.013279811333891667
2010-10-29,131.47999572753906,132.82000732421875,131.05999755859375,132.6199951171875,14334900,0.010515007362563056
2010-11-01,132.85000610351562,133.07000732421875,131.75999450683594,131.9199981689453,12403600,-0.0052782157594233325
2010-11-02,132.44000244140625,132.58999633789062,131.8800048828125,132.49000549316406,9396900,0.004320856065270329
2010-11-03,132.27999877929688,132.52000427246094,129.47999572753906,131.57000732421875,31702100,-0.00694390618764662
2010-11-04,134.63999938964844,136.1300048828125,134.24000549316406,136.02999877929688,23464700,0.03389823825188132
2010-11-05,135.13999938964844,136.61000061035156,134.9499969482422,136.3800048828125,20342500,0.00257300673863492
2010-11-08,135.9199981689453,137.7899932861328,135.52999877929688,137.77999877929688,17367400,0.010265389693213
2010-11-09,138.6999969482422,139.14999389648438,135.0500030517578,135.58999633789062,39445200,-0.015894922781312437
2010-11-10,137.02999877929688,137.27999877929688,135.14999389648438,137.24000549316406,28484700,0.012169106865093537
2010-11-11,137.6199951171875,137.75,136.4499969482422,137.66000366210938,15447500,0.003060318800163886
2010-11-12,135.88999938964844,136.30999755859375,132.82000732421875,133.69000244140625,35885900,-0.0288391770673464
2010-11-15,133.86000061035156,134.49000549316406,132.38999938964844,132.4199981689453,15096800,-0.009499620384983976
2010-11-16,132.24000549316406,132.3800048828125,129.8300018310547,130.97000122070312,32478100,-0.010949984657092626
2010-11-17,130.77000427246094,131.3699951171875,130.1300048828125,130.3800048828125,16432100,-0.004504820435149881
2010-11-18,131.82000732421875,132.77999877929688,131.5500030517578,132.08999633789062,16009400,0.013115442483800255
2010-11-19,131.47999572753906,132.35000610351562,131.00999450683594,132.1999969482422,14146400,0.0008327701824608624
2010-11-22,132.1300048828125,133.60000610351562,131.69000244140625,133.47999572753906,13093400,0.009682290535891758
2010-11-23,133.60000610351562,135.07000732421875,133.4600067138672,134.41000366210938,18215200,0.006967395597379689
2010-11-24,134.36000061035156,134.6999969482422,133.74000549316406,134.17999267578125,8858100,-0.0017112638945114833
2010-11-26,132.3800048828125,133.16000366210938,131.92999267578125,133.11000061035156,7822400,-0.007974304097743579
2010-11-29,133.19000244140625,133.75,132.3300018310547,133.50999450683594,13983800,0.0030049875640467683
2010-11-30,135.2100067138672,135.75,134.77999877929688,135.4199981689453,17473100,0.014306072509137735
2010-12-01,135.7100067138672,136.13999938964844,134.9600067138672,135.3800048828125,16831100,-0.00029532777044438685
2010-12-02,135.6199951171875,136.58999633789062,135.14999389648438,135.1999969482422,17583800,-0.0013296493431664835
2010-12-03,136.6199951171875,138.11000061035156,136.47999572753906,138.07000732421875,16517200,0.021227887875435947
2010-12-06,138.13999938964844,139.4600067138672,137.72999572753906,139.11000061035156,15640800,0.007532362069704757
2010-12-07,139.4600067138672,139.5399932861328,136.4600067138672,136.5,26490400,-0.018762134993171364
2010-12-08,135.91000366210938,136.2899932861328,133.8800048828125,134.7899932861328,23483300,-0.012527521713312728
2010-12-09,135.69000244140625,136.16000366210938,134.8800048828125,135.3699951171875,14157600,0.004303003634872571
2010-12-10,134.94000244140625,135.47999572753906,133.9499969482422,135.41000366210938,11937900,0.0002955495779344286
2010-12-13,136.25999450683594,136.63999938964844,135.86000061035156,136.0500030517578,13352400,0.004726381894541776
2010-12-14,136.27000427246094,137.2100067138672,135.86000061035156,136.17999267578125,17430800,0.0009554547674208713
2010-12-15,135.33999633789062,135.92999267578125,134.67999267578125,134.6999969482422,15089500,-0.010867938075622141
2010-12-16,134.2100067138672,134.22999572753906,132.86000061035156,133.80999755859375,23463000,-0.006607271045376617
2010-12-17,133.97000122070312,134.6300048828125,133.22000122070312,134.1999969482422,17213000,0.002914575867006164
2010-12-20,135.1300048828125,135.44000244140625,134.3300018310547,135.11000061035156,13142300,0.006780951436685445
2010-12-21,135.1699981689453,135.77999877929688,134.7899932861328,135.32000732421875,10235600,0.0015543387826104649
2010-12-22,135.60000610351562,135.6999969482422,134.97000122070312,135.0500030517578,7300600,-0.0019953019350200663
2010-12-23,134.25999450683594,134.89999389648438,133.92999267578125,134.66000366210938,8700800,-0.0028878147414700406
2010-12-27,134.9600067138672,135.05999755859375,134.49000549316406,135.02000427246094,3436400,0.0026734041330853664
2010-12-28,136.85000610351562,137.33999633789062,136.6199951171875,137.22000122070312,10111800,0.01629385926993998
2010-12-29,137.3800048828125,138.0500030517578,137.19000244140625,137.7100067138672,8442300,0.0035709480309356056
2010-12-30,137.5800018310547,137.7100067138672,136.94000244140625,137.02999877929688,5749400,-0.004937970382814849
2010-12-31,137.77999877929688,138.77000427246094,137.72000122070312,138.72000122070312,9219800,0.012333083678473855
2011-01-03,138.6699981689453,139.0,137.8800048828125,138.0,11510200,-0.005190320172774543
2011-01-04,136.24000549316406,136.27999877929688,134.16000366210938,134.75,26154300,-0.023550724637681153
2011-01-05,133.5,134.67999267578125,133.10000610351562,134.3699951171875,16700900,-0.0028200733418367596
2011-01-06,134.0500030517578,134.3800048828125,133.13999938964844,133.8300018310547,15965300,-0.004018704366714254
2011-01-07,133.3800048828125,134.61000061035156,133.17999267578125,133.5800018310547,16761400,-0.0018680415196855593
2011-01-10,133.85000610351562,134.1999969482422,133.24000549316406,134.1199951171875,8429900,0.004042471019095828
2011-01-11,134.7899932861328,135.16000366210938,133.9600067138672,134.91000366210938,10268400,0.0058903114649804245
2011-01-12,134.7899932861328,135.5800018310547,134.35000610351562,135.4600067138672,10785100,0.004076814445393762
2011-01-13,135.66000366210938,135.67999267578125,133.6300048828125,134.0500030517578,14294600,-0.010409003338437195
2011-01-14,133.1699981689453,133.60000610351562,132.22000122070312,132.69000244140625,21224900,-0.010145472431108082
2011-01-18,133.6300048828125,134.0,133.1699981689453,133.42999267578125,11592900,0.00557683488401306
2011-01-19,134.33999633789062,134.39999389648438,133.39999389648438,133.72000122070312,11788100,0.0021734884271975563
2011-01-20,131.75999450683594,132.10000610351562,131.0399932861328,131.1999969482422,24362900,-0.01884538026814475
2011-01-21,130.75999450683594,131.42999267578125,130.52999877929688,131.02999877929688,19488400,-0.001295717781246375
2011-01-24,131.00999450683594,131.6300048828125,130.13999938964844,130.36000061035156,15127200,-0.005113318897864261
2011-01-25,129.64999389648438,130.27000427246094,129.07000732421875,130.10000610351562,22219700,-0.0019944346856293205
2011-01-26,129.8300018310547,131.1699981689453,129.27999877929688,131.16000366210938,20543000,0.00814755963770164
2011-01-27,130.2899932861328,130.49000549316406,127.80000305175781,127.93000030517578,33047000,-0.024626435397597568
2011-01-28,127.97000122070312,131.47999572753906,127.94999694824219,130.27999877929688,28091500,0.01836940880571558
2011-01-31,129.27000427246094,130.50999450683594,129.25,129.8699951171875,14664100,-0.003147095992869553
2011-02-01,130.52000427246094,131.0800018310547,129.3300018310547,130.8000030517578,15363700,0.007161068526499337
2011-02-02,130.3699951171875,130.60000610351562,129.4499969482422,130.4499969482422,10082000,-0.002675887579124292
2011-02-03,130.07000732421875,132.32000732421875,129.27999877929688,132.1999969482422,17374700,0.013415101885317249
2011-02-04,131.83999633789062,132.6999969482422,131.22999572753906,131.66000366210938,15214300,-0.004084669429638699
2011-02-07,131.6699981689453,131.9499969482422,131.22999572753906,131.67999267578125,7176300,0.00015182297672700074
2011-02-08,132.9600067138672,133.5,132.8000030517578,133.13999938964844,16220900,0.011087536414601473
2011-02-09,133.19000244140625,133.38999938964844,132.49000549316406,133.07000732421875,10178400,-0.0005257027621342614
2011-02-10,132.11000061035156,133.30999755859375,132.0,132.85000610351562,8105200,-0.0016532742811616874
2011-02-11,133.00999450683594,133.44000244140625,132.08999633789062,132.32000732421875,9888600,-0.003989452427152318
2011-02-14,132.9499969482422,133.3800048828125,132.6999969482422,132.9499969482422,8694200,0.004761106326723441
2011-02-15,133.86000061035156,134.1699981689453,133.6300048828125,133.97000122070312,10111200,0.007672089476301602
2011-02-16,134.22999572753906,134.86000061035156,133.4499969482422,134.10000610351562,12822800,0.0009704029381796264
2011-02-17,134.74000549316406,135.16000366210938,134.47000122070312,135.0399932861328,11322200,0.007009598358195257
2011-02-18,135.1699981689453,135.8000030517578,134.8800048828125,135.41000366210938,15890100,0.002740005882498453
2011-02-22,136.9199981689453,137.22000122070312,136.19000244140625,136.2899932861328,16676100,0.006498704676349387
2011-02-23,136.97000122070312,138.1999969482422,136.9199981689453,137.50999450683594,15685700,0.008951509874549624
2011-02-24,138.0399932861328,138.13999938964844,135.72999572753906,136.47999572753906,18781700,-0.0074903557591639025
2011-02-25,137.22000122070312,137.74000549316406,136.77000427246094,137.3800048828125,10351400,0.006594440089741527
2011-02-28,137.64999389648438,138.13999938964844,137.02999877929688,137.66000366210938,8847000,0.0020381334207675295
2011-03-01,138.57000732421875,140.02999877929688,138.49000549316406,140.02999877929688,17438100,0.01721629416053716
2011-03-02,140.24000549316406,140.5500030517578,139.47999572753906,139.9199981689453,15719800,-0.0007855503200063785
2011-03-03,138.80999755859375,139.1300048828125,137.57000732421875,138.08999633789062,16485000,-0.013078915487442111
2011-03-04,138.6300048828125,139.75,138.61000061035156,139.35000610351562,17454600,0.009124554993410916
2011-03-07,140.2899932861328,140.61000061035156,139.27999877929688,139.72000122070312,14068900,0.0026551496302960054
2011-03-08,139.64999389648438,139.66000366210938,138.8300018310547,139.36000061035156,10730500,-0.0025765860807780427
2011-03-09,139.9199981689453,139.9499969482422,138.94000244140625,139.41000366210938,8736400,0.0003588049048421915
2011-03-10,138.5,138.5,136.85000610351562,137.77000427246094,15559100,-0.011763857302689251
2011-03-11,137.2899932861328,138.92999267578125,137.17999267578125,138.22000122070312,10416900,0.0032662911685206186
2011-03-14,139.3300018310547,139.5500030517578,138.61000061035156,138.86000061035156,10239300,0.0046302950658096975
2011-03-15,135.35000610351562,136.94000244140625,135.22999572753906,136.27000427246094,23465100,-0.01865185313629869
2011-03-16,136.52000427246094,137.1999969482422,135.8000030517578,136.24000549316406,13392500,-0.00022014220559418707
2011-03-17,136.55999755859375,137.0800018310547,136.25,136.97000122070312,9117400,0.005358159851040822
2011-03-18,138.13999938964844,138.8300018310547,137.75999450683594,138.3699951171875,18602000,0.010221171672682772
2011-03-21,139.5,139.91000366210938,138.97000122070312,139.13999938964844,13742500,0.005564821129095288
2011-03-22,138.8800048828125,139.36000061035156,138.6699981689453,139.0500030517578,9553700,-0.0006468042136366092
2011-03-23,139.61000061035156,140.5500030517578,139.5500030517578,140.33999633789062,11541000,0.009277189916009121
2011-03-24,140.27000427246094,141.27999877929688,138.8300018310547,139.22000122070312,17016600,-0.007980583913447803
2011-03-25,140.0,140.24000549316406,138.66000366210938,139.25999450683594,13191100,0.00028726681354784844
2011-03-28,137.82000732421875,138.8300018310547,137.77999877929688,138.5399932861328,7656000,-0.005170194234553005
2011-03-29,138.2100067138672,138.82000732421875,137.94000244140625,138.2100067138672,6345200,-0.0023818867349306716
2011-03-30,139.07000732421875,139.17999267578125,137.67999267578125,138.6699981689453,10749400,0.0033282065894868484
2011-03-31,140.0800018310547,140.39999389648438,139.77999877929688,139.86000061035156,15227300,0.008581542201770542
2011-04-01,138.64999389648438,139.5500030517578,137.72000122070312,139.1999969482422,15738300,-0.004719030882519015
2011-04-04,140.1300048828125,140.25999450683594,139.4499969482422,139.83999633789062,9685100,0.004597696865513701
2011-04-05,139.5800018310547,142.08999633789062,139.52000427246094,142.0500030517578,18295300,0.015803824168639347
2011-04-06,142.39999389648438,142.6199951171875,141.77000427246094,142.3800048828125,10710300,0.002323138500281763
2011-04-07,142.22999572753906,142.88999938964844,141.8000030517578,142.50999450683594,9486800,0.0009129766790669791
2011-04-08,143.33999633789062,143.83999633789062,142.97000122070312,143.66000366210938,13128200,0.008069673704311775
2011-04-11,143.27999877929688,143.49000549316406,142.27999877929688,142.63999938964844,10105600,-0.007100127011412383
2011-04-12,142.74000549316406,142.82000732421875,140.75,141.61000061035156,14948100,-0.007220967356311059
2011-04-13,142.38999938964844,142.52999877929688,141.47999572753906,141.89999389648438,13884200,0.0020478305549249676
2011-04-14,142.35000610351562,143.8300018310547,142.22999572753906,143.80999755859375,14174100,0.013460209614263308
2011-04-15,143.85000610351562,145.1199951171875,143.57000732421875,145.0500030517578,19121600,0.008622526348759818
2011-04-18,145.2100067138672,146.07000732421875,144.6300048828125,145.92999267578125,17340100,0.006066801830465485
2011-04-19,145.72999572753906,146.24000549316406,145.17999267578125,145.92999267578125,10950100,0.0
2011-04-20,146.3699951171875,146.83999633789062,145.74000549316406,146.5,13716800,0.0039060327062796496
2011-04-21,146.57000732421875,147.05999755859375,146.32000732421875,146.74000549316406,10109400,0.0016382627519730963
2011-04-25,147.57000732421875,147.5800018310547,146.4199981689453,146.8699951171875,15596400,0.0008858499329242875
2011-04-26,146.47000122070312,146.6199951171875,145.47999572753906,146.3800048828125,16200000,-0.0033362174076743134
2011-04-27,147.3800048828125,149.2100067138672,146.52000427246094,149.1999969482422,21945900,0.0192648720546722
2011-04-28,149.3000030517578,150.0,148.60000610351562,149.82000732421875,20754000,0.00415556560762953
2011-04-29,149.89999389648438,153.02999877929688,149.75,152.3699951171875,27600000,0.01702034219935955
2011-05-02,151.4600067138672,153.61000061035156,150.36000061035156,150.41000366210938,24094100,-0.012863368890775995
2011-05-03,150.42999267578125,150.97000122070312,148.85000610351562,149.8800048828125,24215600,-0.003523693679893136
2011-05-04,149.86000061035156,150.33999633789062,146.75999450683594,147.72999572753906,35107000,-0.01434486979737204
2011-05-05,146.82000732421875,147.5800018310547,142.5500030517578,143.47000122070312,51284000,-0.028836354362946848
2011-05-06,145.24000549316406,146.08999633789062,144.39999389648438,145.3000030517578,24182200,0.012755292503549676
2011-05-09,146.6699981689453,147.5800018310547,146.33999633789062,147.3800048828125,13854800,0.01431522221175574
2011-05-10,147.19000244140625,148.19000244140625,146.92999267578125,147.89999389648438,11285200,0.00352821954433602
2011-05-11,147.24000549316406,147.35000610351562,145.77000427246094,146.5399932861328,21378300,-0.009195406805110662
2011-05-12,145.8800048828125,147.1199951171875,144.9600067138672,146.58999633789062,18730400,0.00034122460794838716
2011-05-13,146.72000122070312,147.27999877929688,144.49000549316406,145.6300048828125,17268700,-0.006548819694799257
2011-05-16,145.8800048828125,146.6699981689453,145.19000244140625,145.3699951171875,10066800,-0.0017854134237942354
2011-05-17,144.22999572753906,144.77999877929688,143.4199981689453,144.74000549316406,17192100,-0.004333697772470724
2011-05-18,145.5500030517578,146.22000122070312,145.13999938964844,145.60000610351562,10502900,0.0059416925363608986
2011-05-19,145.1199951171875,145.85000610351562,144.86000061035156,145.64999389648438,8098100,0.0003433227395142069
2011-05-20,145.82000732421875,147.77999877929688,144.89999389648438,147.49000549316406,23187900,0.012633104523076089
2011-05-23,147.0399932861328,147.9499969482422,146.97000122070312,147.8300018310547,15937600,0.002305216117890696
2011-05-24,148.47999572753906,149.0500030517578,148.17999267578125,148.58999633789062,14948000,0.005141003161891922
2011-05-25,148.72000122070312,149.3699951171875,148.52000427246094,148.5800018310547,10973800,-6.726231295683949e-05
2011-05-26,148.4499969482422,148.61000061035156,147.58999633789062,148.22000122070312,9785500,-0.0024229412162809494
2011-05-27,149.02000427246094,149.9199981689453,148.9600067138672,149.6999969482422,10186200,0.009985128291392531
2011-05-31,149.8800048828125,150.16000366210938,149.41000366210938,149.63999938964844,10499300,-0.0004007853027178099
2011-06-01,149.66000366210938,151.1300048828125,149.42999267578125,149.91000366210938,18365400,0.001804358951899454
2011-06-02,150.14999389648438,150.3800048828125,148.07000732421875,149.5,13552700,-0.002734998679831291
2011-06-03,150.27999877929688,150.66000366210938,149.6199951171875,150.22000122070312,12606400,0.004816061676943928
2011-06-06,150.82000732421875,151.4499969482422,150.2100067138672,150.47999572753906,11472600,0.0017307582527172904
2011-06-07,150.6699981689453,150.85000610351562,149.67999267578125,150.4199981689453,10140500,-0.0003987078701302993
2011-06-08,150.02000427246094,150.3800048828125,149.3000030517578,149.80999755859375,9612500,-0.0040553159006586625
2011-06-09,150.00999450683594,151.02000427246094,149.75,150.55999755859375,7643200,0.005006341447316709
2011-06-10,149.0399932861328,149.77999877929688,148.69000244140625,149.24000549316406,12344900,-0.008767216304689351
2011-06-13,148.66000366210938,149.0399932861328,147.19000244140625,147.77000427246094,12989300,-0.009849914008281502
2011-06-14,147.6999969482422,148.72999572753906,147.47999572753906,148.6699981689453,10938500,0.0060905046387151884
2011-06-15,148.16000366210938,149.5500030517578,147.9199981689453,149.1199951171875,14550700,0.0030268174734946474
2011-06-16,148.8300018310547,149.49000549316406,148.22000122070312,148.97000122070312,11035000,-0.0010058603902615149
2011-06-17,148.8699951171875,150.2899932861328,148.8300018310547,149.94000244140625,19205100,0.006511386270756869
2011-06-20,150.0800018310547,150.7899932861328,149.5800018310547,150.02999877929688,10463400,0.000600215662433401
2011-06-21,150.25999450683594,150.8699951171875,150.17999267578125,150.75999450683594,12439200,0.004865665090172611
2011-06-22,151.00999450683594,151.86000061035156,150.55999755859375,150.99000549316406,14109700,0.0015256765369389136
2011-06-23,148.6699981689453,148.83999633789062,147.25999450683594,148.33999633789062,24869600,-0.017550891177319783
2011-06-24,147.86000061035156,148.02000427246094,145.97000122070312,146.25999450683594,19301400,-0.014021854404774547
2011-06-27,145.92999267578125,146.39999389648438,145.1999969482422,145.72999572753906,11602500,-0.003623675640655799
2011-06-28,146.16000366210938,146.77000427246094,145.6699981689453,146.24000549316406,8813800,0.0034996897040917574
2011-06-29,146.77000427246094,147.4199981689453,146.44000244140625,147.17999267578125,12624600,0.006427702046695627
2011-06-30,147.17999267578125,147.41000366210938,145.97999572753906,146.0,12657100,-0.008017344302908236
2011-07-01,144.75999450683594,145.07000732421875,143.97000122070312,144.92999267578125,16366500,-0.007328817289169565
2011-07-05,146.9600067138672,147.82000732421875,146.85000610351562,147.6300048828125,11278200,0.018629768463946483
2011-07-06,148.6999969482422,149.44000244140625,148.5800018310547,148.91000366210938,14502500,0.008670315904364623
2011-07-07,148.97000122070312,149.35000610351562,148.2899932861328,149.14999389648438,9520900,0.001611646151856716
2011-07-08,150.32000732421875,150.5,149.99000549316406,150.25,13662300,0.007375166936172128
2011-07-11,151.3300018310547,151.69000244140625,150.1999969482422,151.58999633789062,20447200,0.00891844484452986
2011-07-12,151.24000549316406,153.32000732421875,150.77000427246094,152.77000427246094,24033700,0.007784207157971679
2011-07-13,153.75999450683594,154.7100067138672,153.5800018310547,154.13999938964844,26351000,0.008967697053566592
2011-07-14,154.80999755859375,155.24000549316406,153.9499969482422,154.5399932861328,17613600,0.0025950038800326425
2011-07-15,154.33999633789062,155.2899932861328,154.22000122070312,155.1999969482422,18448400,0.004270762849635679
2011-07-18,155.75999450683594,156.5800018310547,155.6699981689453,156.57000732421875,17133400,0.008827386616724331
2011-07-19,156.32000732421875,156.32000732421875,154.10000610351562,154.66000366210938,22871500,-0.012199039233320219
2011-07-20,154.22000122070312,156.02000427246094,154.11000061035156,156.02000427246094,14559300,0.008793486215885604
2011-07-21,155.91000366210938,156.0399932861328,154.3300018310547,154.8300018310547,18422800,-0.007627242717723082
2011-07-22,156.0,156.55999755859375,155.67999267578125,156.1199951171875,11378700,0.008331675197810862
2011-07-25,157.60000610351562,157.8000030517578,156.72000122070312,157.33999633789062,13036200,0.007814509728797825
2011-07-26,156.97000122070312,157.7899932861328,156.60000610351562,157.77000427246094,11735500,0.0027329855381899026
2011-07-27,158.47000122070312,158.63999938964844,156.69000244140625,157.19000244140625,18296600,-0.0036762490673009074
2011-07-28,157.5399932861328,157.60000610351562,156.11000061035156,157.32000732421875,11369100,0.0008270556701654996
2011-07-29,158.42999267578125,159.25,157.67999267578125,158.2899932861328,17122800,0.006165687241006967
2011-08-01,157.47000122070312,158.97000122070312,156.77999877929688,157.72000122070312,14825700,-0.003600935558821683
2011-08-02,159.3300018310547,161.6199951171875,158.97000122070312,161.52000427246094,24284500,0.024093349114550966
2011-08-03,162.36000061035156,162.86000061035156,161.33999633789062,161.49000549316406,27823700,-0.00018572795011984056
2011-08-04,163.61000061035156,163.8699951171875,159.67999267578125,160.63999938964844,40380300,-0.00526352142301223
2011-08-05,161.63999938964844,162.3699951171875,160.47999572753906,161.75,24554700,0.006909864383522146
2011-08-08,165.47999572753906,167.61000061035156,164.75999450683594,167.1199951171875,43002400,0.03319935157457499
2011-08-09,169.92999267578125,173.14999389648438,167.47999572753906,168.61000061035156,55765800,0.008915782292353791
2011-08-10,172.4600067138672,175.1300048828125,171.6199951171875,174.5800018310547,44797200,0.035407159712308234
2011-08-11,172.27999877929688,172.33999633789062,168.64999389648438,170.75,49888300,-0.021938376623234723
2011-08-12,169.57000732421875,170.05999755859375,167.77000427246094,169.97000122070312,29220000,-0.004568074842148606
2011-08-15,169.32000732421875,171.91000366210938,168.9499969482422,171.8000030517578,17798000,0.010766616567110976
2011-08-16,172.60000610351562,174.07000732421875,172.5,173.9199981689453,19658000,0.012339901510646678
2011-08-17,173.8699951171875,174.67999267578125,173.25,174.4199981689453,16482000,0.002874885034866992
2011-08-18,177.14999389648438,178.10000610351562,176.41000366210938,177.72000122070312,25512800,0.01891986633643583
2011-08-19,181.63999938964844,181.6699981689453,178.91000366210938,179.9499969482422,34398100,0.012547803917521527
2011-08-22,181.9499969482422,184.82000732421875,181.60000610351562,184.58999633789062,27482600,0.025784937306684297
2011-08-23,182.24000549316406,183.82000732421875,177.5,177.6699981689453,55265400,-0.03748847882459627
2011-08-24,177.89999389648438,178.30999755859375,170.30999755859375,171.64999389648438,70700300,-0.033883065990334194
2011-08-25,167.0,172.80999755859375,165.8800048828125,172.36000061035156,43273700,0.004136363175726965
2011-08-26,173.57000732421875,177.5500030517578,171.75,177.47000122070312,38673000,0.02964725337814067
2011-08-29,175.9499969482422,176.00999450683594,172.8800048828125,173.88999938964844,25265500,-0.020172433686990066
2011-08-30,177.6999969482422,179.30999755859375,176.66000366210938,179.10000610351562,23441000,0.029961508609777754
2011-08-31,177.72999572753906,179.16000366210938,176.3300018310547,177.72000122070312,16054400,-0.007705219630282367
2011-09-01,177.44000244140625,178.25999450683594,176.5500030517578,177.8699951171875,13895500,0.0008439899586658584
2011-09-02,182.82000732421875,183.50999450683594,182.10000610351562,183.24000549316406,19911200,0.030190647795535153
2011-09-06,184.5800018310547,185.85000610351562,181.30999755859375,182.89999389648438,30254500,-0.0018555532988803192
2011-09-07,176.19000244140625,178.08999633789062,174.4499969482422,177.0800018310547,30760000,-0.031820624711029866
2011-09-08,181.38999938964844,182.1199951171875,179.77000427246094,181.80999755859375,20741300,0.026711066628809732
2011-09-09,179.75999450683594,181.9499969482422,179.1699981689453,180.6999969482422,25429600,-0.006105278176431583
2011-09-12,178.72999572753906,178.99000549316406,175.3300018310547,176.6699981689453,21812800,-0.022302151894618927
2011-09-13,177.52000427246094,179.5399932861328,176.2899932861328,178.5399932861328,17246400,0.010584678420606952
2011-09-14,177.5500030517578,177.77999877929688,176.0500030517578,177.2100067138672,18122800,-0.007449236150323779
2011-09-15,174.61000061035156,174.85000610351562,172.55999755859375,174.39999389648438,20897000,-0.015856964679878405
2011-09-16,173.72000122070312,177.39999389648438,173.7100067138672,176.02999877929688,20693700,0.009346358600104132
2011-09-19,176.8300018310547,176.86000061035156,172.1999969482422,173.30999755859375,18301100,-0.015451918647760743
2011-09-20,173.17999267578125,176.3699951171875,172.83999633789062,175.77999877929688,12667600,0.014251925771726182
2011-09-21,174.7899932861328,176.72999572753906,173.13999938964844,173.58999633789062,16431300,-0.01245876923776712
2011-09-22,169.3000030517578,170.32000732421875,167.47999572753906,169.0500030517578,32476300,-0.026153542150526787
2011-09-23,164.50999450683594,165.72000122070312,158.5500030517578,159.8000030517578,52981400,-0.05471753820180614
2011-09-26,157.1199951171875,158.8000030517578,154.19000244140625,157.5800018310547,42373800,-0.013892372830456634
2011-09-27,161.61000061035156,162.2899932861328,159.91000366210938,160.6300048828125,25124200,0.01935526726943304
2011-09-28,160.72999572753906,161.2899932861328,155.55999755859375,156.22000122070312,21776000,-0.027454420270526025
2011-09-29,158.1199951171875,158.1999969482422,156.13999938964844,157.6999969482422,17340800,0.009473791550213662
2011-09-30,157.3000030517578,160.0,156.3300018310547,158.05999755859375,16770300,0.0022828193869255387
2011-10-03,161.08999633789062,161.55999755859375,159.92999267578125,160.9600067138672,14200400,0.018347521194908234
2011-10-04,160.9499969482422,161.02999877929688,155.27000427246094,157.63999938964844,24000000,-0.02062628718772741
2011-10-05,158.00999450683594,160.32000732421875,156.44000244140625,159.4600067138672,15132300,0.011545339579202452
2011-10-06,160.02000427246094,161.11000061035156,158.77000427246094,160.49000549316406,12389500,0.006459292210774237
2011-10-07,161.02000427246094,161.5800018310547,158.22999572753906,159.17999267578125,12977400,-0.00816258192126873
2011-10-10,162.0500030517578,163.32000732421875,161.13999938964844,163.27000427246094,8984500,0.025694256721133568
2011-10-11,162.2100067138672,162.50999450683594,161.2100067138672,162.10000610351562,8256900,-0.007166032573826864
2011-10-12,163.6999969482422,164.0,162.5,163.25999450683594,10867900,0.007156004686264872
2011-10-13,162.3000030517578,162.47999572753906,160.82000732421875,162.3000030517578,8327900,-0.005880138964710846
2011-10-14,163.3300018310547,163.82000732421875,162.25,163.39999389648438,9737900,0.00677751585978581
2011-10-17,164.0,164.16000366210938,161.9499969482422,162.6199951171875,8765700,-0.00477355451916972
2011-10-18,159.9600067138672,162.02999877929688,158.3000030517578,161.83999633789062,15390800,-0.004796450637787775
2011-10-19,161.08999633789062,161.42999267578125,159.5500030517578,159.8699951171875,8528700,-0.012172523883343
2011-10-20,157.6199951171875,158.4199981689453,156.0500030517578,157.77000427246094,17367500,-0.013135615868301143
2011-10-21,159.99000549316406,160.4499969482422,158.94000244140625,159.52000427246094,13334500,0.011092095788866496
2011-10-24,160.5500030517578,161.3300018310547,160.22000122070312,161.02000427246094,10199800,0.009403209377038424
2011-10-25,161.24000549316406,166.33999633789062,160.41000366210938,165.58999633789062,22130800,0.028381517477150453
2011-10-26,167.02999877929688,168.0500030517578,166.4199981689453,167.39999389648438,17116300,0.010930597249971585
2011-10-27,167.58999633789062,170.2899932861328,166.64999389648438,169.5500030517578,15876900,0.0128435438092247
2011-10-28,169.63999938964844,169.94000244140625,168.75,169.6199951171875,9362900,0.0004128107588905472
2011-10-31,167.75999450683594,168.16000366210938,166.91000366210938,167.33999633789062,8437200,-0.01344180429743358
2011-11-01,164.02999877929688,167.41000366210938,163.61000061035156,167.3800048828125,15335400,0.00023908536989014628
2011-11-02,168.58999633789062,169.74000549316406,167.3000030517578,169.05999755859375,14530500,0.010036997411712711
2011-11-03,171.1699981689453,172.0399932861328,169.89999389648438,171.72000122070312,17610400,0.015734080802807693
2011-11-04,171.02999877929688,171.33999633789062,170.16000366210938,170.85000610351562,11060400,-0.005066358671109827
2011-11-07,172.85000610351562,175.0,172.7100067138672,174.97999572753906,20131900,0.024173189795036576
2011-11-08,174.35000610351562,175.4600067138672,172.89999389648438,173.52999877929688,16054200,-0.008286644094448237
2011-11-09,174.27999877929688,174.80999755859375,171.61000061035156,172.07000732421875,12313900,-0.00841348161901967
2011-11-10,172.42999267578125,172.58999633789062,168.8300018310547,171.13999938964844,11848700,-0.005404823007986281
2011-11-11,172.10000610351562,174.0500030517578,172.07000732421875,173.9600067138672,8727100,0.01647778038025005
2011-11-14,173.74000549316406,173.86000061035156,172.58999633789062,173.1999969482422,5886400,-0.004368876387059961
2011-11-15,173.35000610351562,173.80999755859375,171.89999389648438,173.36000061035156,9167900,0.000923808688964245
2011-11-16,171.6300048828125,172.9600067138672,170.57000732421875,171.50999450683594,15093300,-0.010671470333423416
2011-11-17,170.0399932861328,170.3000030517578,166.38999938964844,167.10000610351562,28468900,-0.025712719634799708
2011-11-18,167.22999572753906,168.69000244140625,166.60000610351562,167.6199951171875,14172900,0.0031118431758150322
2011-11-21,166.61000061035156,166.7100067138672,162.07000732421875,163.5,22030700,-0.024579377384584156
2011-11-22,164.74000549316406,165.9199981689453,164.61000061035156,165.30999755859375,12094400,0.0110703214592891
2011-11-23,164.5500030517578,165.3699951171875,163.1199951171875,164.8300018310547,11483300,-0.0029036097914703074
2011-11-25,163.3300018310547,165.1999969482422,163.2899932861328,163.39999389648438,6098000,-0.00867565321048791
2011-11-28,166.92999267578125,167.13999938964844,165.97999572753906,166.6300048828125,12004000,0.01976750983463549
2011-11-29,166.39999389648438,167.3300018310547,166.0800018310547,166.8800048828125,9198900,0.0015003300286513532
2011-11-30,169.6999969482422,170.3000030517578,169.05999755859375,170.1300048828125,11821600,0.019475071338128425
2011-12-01,169.85000610351562,170.57000732421875,168.58999633789062,169.6300048828125,11610300,-0.0029389289699039978
2011-12-02,170.64999389648438,170.8000030517578,169.36000061035156,169.82000732421875,8433200,0.0011200992509403651
2011-12-05,169.05999755859375,169.9499969482422,167.05999755859375,167.32000732421875,10246700,-0.014721469156617206
2011-12-06,166.30999755859375,168.57000732421875,165.52999877929688,168.17999267578125,10381900,0.00513976400859284
2011-12-07,168.7899932861328,169.52000427246094,167.75999450683594,169.39999389648438,10361300,0.007254140051337954
2011-12-08,166.9600067138672,167.6300048828125,165.72999572753906,165.97999572753906,11734500,-0.02018889192543405
2011-12-09,166.42999267578125,167.33999633789062,166.1199951171875,166.39999389648438,8354000,0.002530414385808033
2011-12-12,162.35000610351562,162.41000366210938,161.13999938964844,161.99000549316406,15339400,-0.026502335126668997
2011-12-13,161.86000061035156,163.19000244140625,157.75999450683594,158.4499969482422,25040400,-0.021853252823497593
2011-12-14,156.7899932861328,157.33999633789062,152.0500030517578,152.88999938964844,42334400,-0.03508991900081848
2011-12-15,154.74000549316406,154.9499969482422,151.7100067138672,152.3300018310547,21521900,-0.0036627481249873473
2011-12-16,154.30999755859375,155.3699951171875,153.89999389648438,155.22999572753906,18124300,0.019037575406193996
2011-12-19,155.47999572753906,155.86000061035156,154.36000061035156,154.8699951171875,12547200,-0.0023191433373703774
2011-12-20,156.82000732421875,157.42999267578125,156.5800018310547,156.97999572753906,9136300,0.013624334453907316
2011-12-21,156.97999572753906,157.52999877929688,156.1300048828125,157.16000366210938,11996100,0.001146693460756243
2011-12-22,156.35000610351562,156.8000030517578,155.3300018310547,156.0399932861328,9888400,-0.00712656114710053
2011-12-23,156.35000610351562,156.49000549316406,155.82000732421875,156.30999755859375,3565100,0.0017303530125498678
2011-12-27,155.0800018310547,155.5500030517578,154.5399932861328,154.91000366210938,4918600,-0.008956521773084813
2011-12-28,154.0500030517578,154.25999450683594,150.66000366210938,151.02999877929688,16436100,-0.02504683229674176
2011-12-29,149.08999633789062,150.72000122070312,148.27000427246094,150.33999633789062,19812200,-0.004568644951223
2011-12-30,152.13999938964844,153.75,151.7899932861328,151.99000549316406,10852700,0.010975184218875667
2012-01-03,154.75999450683594,156.3000030517578,154.5500030517578,155.9199981689453,13385800,0.025856915150634707
2012-01-04,155.42999267578125,157.3800048828125,155.33999633789062,156.7100067138672,11549700,0.005066755734988382
2012-01-05,155.3699951171875,158.02999877929688,155.25,157.77999877929688,11621600,0.006827847741614601
2012-01-06,158.58999633789062,158.6300048828125,156.3800048828125,157.1999969482422,9790500,-0.0036760161968690808
2012-01-09,157.36000061035156,157.58999633789062,156.19000244140625,156.5,8771900,-0.0044529068818790485
2012-01-10,158.97000122070312,159.47000122070312,158.47000122070312,158.63999938964844,8371400,0.01367411750574088
2012-01-11,159.33999633789062,160.0500030517578,158.91000366210938,159.6699981689453,7968500,0.006492680176876542
2012-01-12,161.02000427246094,161.6199951171875,159.8300018310547,160.3800048828125,8602500,0.004446713358861265
2012-01-13,159.32000732421875,159.58999633789062,158.00999450683594,159.25999450683594,8910300,-0.006983478874407978
2012-01-17,161.1699981689453,161.64999389648438,160.4199981689453,160.5,8313300,0.007786045057981195
2012-01-18,159.94000244140625,161.63999938964844,159.67999267578125,161.60000610351562,9341200,0.006853620582651931
2012-01-19,160.9600067138672,161.4499969482422,160.3300018310547,161.22000122070312,8114200,-0.0023515152751236723
2012-01-20,160.5,162.08999633789062,160.0,162.07000732421875,11616700,0.005272336540625755
2012-01-23,162.32000732421875,163.47000122070312,162.32000732421875,163.16000366210938,8832100,0.006725466086455523
2012-01-24,161.80999755859375,162.3699951171875,161.52999877929688,162.00999450683594,7502100,-0.007048352105060052
2012-01-25,161.07000732421875,166.5500030517578,160.2899932861328,166.4199981689453,28957700,0.02722056546902296
2012-01-26,168.0500030517578,168.30999755859375,167.0500030517578,167.27000427246094,19143800,0.005107595919167762
2012-01-27,167.44000244140625,169.0,167.41000366210938,168.97000122070312,13030100,0.010163190678665446
2012-01-30,168.19000244140625,168.5399932861328,167.74000549316406,168.02999877929688,8438000,-0.0055631321217690655
2012-01-31,169.77000427246094,169.86000061035156,167.72000122070312,169.30999755859375,11192500,0.0076176801082890044
2012-02-01,169.75,170.17999267578125,169.0800018310547,169.55999755859375,7734200,0.001476581439991298
2012-02-02,169.9600067138672,171.22999572753906,169.67999267578125,171.0500030517578,11509600,0.00878748239335847
2012-02-03,169.8800048828125,170.13999938964844,167.50999450683594,167.63999938964844,23355300,-0.019935712372232683
2012-02-06,166.9600067138672,167.67999267578125,166.61000061035156,167.17999267578125,8807400,-0.0027440152442257393
2012-02-07,167.3800048828125,170.08999633789062,167.14999389648438,169.6999969482422,11614300,0.015073599610379684
2012-02-08,169.25999450683594,169.9600067138672,167.5,168.5,10655500,-0.0070712844420862675
2012-02-09,170.00999450683594,170.3699951171875,167.6699981689453,168.02000427246094,16085200,-0.002848639332576064
2012-02-10,166.49000549316406,167.63999938964844,166.3300018310547,167.13999938964844,10326800,-0.005237500657275795
2012-02-13,167.3300018310547,167.94000244140625,166.74000549316406,167.50999450683594,7088900,0.0022136838491002564
2012-02-14,167.64999389648438,167.92999267578125,166.4199981689453,167.1199951171875,7862500,-0.0023282156434702994
2012-02-15,168.6300048828125,168.75,167.19000244140625,168.11000061035156,11638500,0.0059239200699465755
2012-02-16,166.3300018310547,168.13999938964844,166.1699981689453,168.0,10734000,-0.0006543371004235077
2012-02-17,168.2899932861328,168.3300018310547,166.8699951171875,167.35000610351562,7286900,-0.0038690112885975125
2012-02-21,169.64999389648438,171.07000732421875,169.58999633789062,171.02000427246094,13611200,0.021930074903464325
2012-02-22,170.39999389648438,173.1699981689453,170.19000244140625,172.94000244140625,16676500,0.01122674611729324
2012-02-23,172.69000244140625,173.77000427246094,172.27999877929688,173.02000427246094,11654200,0.00046259876214471696
2012-02-24,172.6300048828125,173.0399932861328,172.0,172.22999572753906,9293700,-0.004565995407547319
2012-02-27,172.13999938964844,172.9199981689453,171.5800018310547,171.6999969482422,7340900,-0.003077273369589517
2012-02-28,172.83999633789062,174.0,172.60000610351562,173.49000549316406,12413000,0.010425210114951122
2012-02-29,173.19000244140625,173.58999633789062,164.0,164.2899932861328,44149000,-0.053029061708074865
2012-03-01,166.10000610351562,167.72000122070312,165.75,166.61000061035156,19200700,0.014121415904973178
2012-03-02,166.22999572753906,166.8300018310547,165.6300048828125,166.33999633789062,9298100,-0.001620576624883352
2012-03-05,165.77000427246094,165.91000366210938,164.5500030517578,165.64999389648438,12071400,-0.004148145103987089
2012-03-06,162.14999389648438,162.80999755859375,161.77999877929688,162.6999969482422,15533200,-0.0178086148924681
2012-03-07,162.75999450683594,164.02000427246094,162.50999450683594,163.6300048828125,9553300,0.005716090670033314
2012-03-08,164.74000549316406,165.5500030517578,164.0500030517578,165.27999877929688,8858200,0.010083687876597303
2012-03-09,163.63999938964844,166.57000732421875,163.25,166.3800048828125,13698200,0.006655409678363311
2012-03-12,165.3300018310547,165.5800018310547,164.39999389648438,165.07000732421875,6523800,-0.007873527588344698
2012-03-13,163.94000244140625,165.41000366210938,161.42999267578125,162.3000030517578,20047000,-0.016780784815864758
2012-03-14,159.61000061035156,160.5800018310547,158.8000030517578,159.57000732421875,28822100,-0.01682067576220847
2012-03-15,159.72999572753906,161.97999572753906,159.27999877929688,161.0800018310547,12689300,0.00946289676961598
2012-03-16,160.0800018310547,161.5399932861328,159.9199981689453,161.3000030517578,12549200,0.001365788541111801
2012-03-19,160.85000610351562,162.3000030517578,160.72000122070312,161.58999633789062,9920800,0.0017978504689784014
2012-03-20,160.1999969482422,161.0800018310547,159.77000427246094,160.1300048828125,11643700,-0.009035159899535072
2012-03-21,160.6300048828125,161.47999572753906,160.14999389648438,160.2100067138672,6672700,0.0004996054993768873
2012-03-22,158.1999969482422,159.7100067138672,158.1300048828125,159.57000732421875,11107700,-0.0039947529044891406
2012-03-23,160.8800048828125,161.8800048828125,160.52000427246094,161.52999877929688,10689000,0.012282956477502438
2012-03-26,163.1699981689453,164.5399932861328,162.9499969482422,164.39999389648438,13226700,0.0177675672560913
2012-03-27,164.52000427246094,164.88999938964844,163.1300048828125,163.24000549316406,10908700,-0.007055890793102537
2012-03-28,162.7100067138672,162.97999572753906,160.66000366210938,161.50999450683594,11008200,-0.010597959618425579
2012-03-29,161.13999938964844,161.4600067138672,159.80999755859375,161.27999877929688,11026900,-0.0014240340248994343
2012-03-30,161.6699981689453,162.3300018310547,161.22000122070312,162.1199951171875,7534000,0.0052083106662228484
2012-04-02,161.9600067138672,163.55999755859375,161.80999755859375,162.94000244140625,7541700,0.005058027072021742
2012-04-03,163.22999572753906,163.22999572753906,159.1699981689453,159.88999938964844,16822300,-0.01871856515317416
2012-04-04,157.6999969482422,158.02999877929688,156.5800018310547,157.2100067138672,15975600,-0.01676147780356274
2012-04-05,157.8699951171875,158.67999267578125,157.77999877929688,158.30999755859375,8967700,0.006996951833534437
2012-04-09,159.72000122070312,160.00999450683594,158.91000366210938,159.3699951171875,8245800,0.006695708261895694
2012-04-10,159.66000366210938,161.5800018310547,158.47000122070312,161.10000610351562,14288500,0.010855311785985977
2012-04-11,161.1999969482422,161.5399932861328,160.74000549316406,161.07000732421875,10005400,-0.00018621215493686005
2012-04-12,160.74000549316406,163.1999969482422,160.4600067138672,162.6999969482422,9229900,0.010119758799926215
2012-04-13,162.4499969482422,162.4600067138672,160.1699981689453,160.85000610351562,10041000,-0.011370564716820963
2012-04-16,160.50999450683594,161.17999267578125,159.52999877929688,160.4600067138672,6670500,-0.0024246153239028123
2012-04-17,160.5399932861328,160.9600067138672,158.75,160.25,7587100,-0.0013087791666472892
2012-04-18,159.49000549316406,160.1199951171875,159.07000732421875,159.30999755859375,7463000,-0.005865849868369688
2012-04-19,160.0,160.63999938964844,159.02000427246094,159.42999267578125,9914400,0.0007532177454423472
2012-04-20,159.25,159.91000366210938,159.1999969482422,159.5399932861328,9148800,0.0006899618353195525
2012-04-23,158.1999969482422,159.17999267578125,157.8800048828125,159.07000732421875,8876800,-0.0029458817957397354
2012-04-24,159.6300048828125,160.17999267578125,159.2899932861328,159.3000030517578,5200600,0.0014458773932806146
2012-04-25,159.47999572753906,159.9600067138672,157.75999450683594,159.6199951171875,15093700,0.0020087386020055664
2012-04-26,160.4600067138672,161.3800048828125,160.10000610351562,161.02999877929688,10918700,0.008833502726736775
2012-04-27,161.77999877929688,161.97000122070312,161.14999389648438,161.3800048828125,8906600,0.0021735459614287134
2012-04-30,160.49000549316406,161.8800048828125,160.30999755859375,161.8800048828125,8007300,0.003098277264045768
2012-05-01,162.08999633789062,162.17999267578125,160.88999938964844,161.32000732421875,7414800,-0.003459337420944286
2012-05-02,160.74000549316406,160.77999877929688,159.75999450683594,160.58999633789062,5632300,-0.004525235266453653
2012-05-03,159.16000366210938,159.47999572753906,158.3699951171875,158.97000122070312,13172000,-0.010087771057537998
2012-05-04,158.82000732421875,159.97999572753906,158.57000732421875,159.47000122070312,11389600,0.0031452475068289854
2012-05-07,159.30999755859375,159.33999633789062,158.4499969482422,159.0800018310547,4927800,-0.0024455972073937904
2012-05-08,156.61000061035156,156.72999572753906,154.9199981689453,156.0,17852300,-0.019361338921316418
2012-05-09,154.10000610351562,154.97999572753906,153.60000610351562,154.47000122070312,13864000,-0.00980768448267233
2012-05-10,155.16000366210938,155.57000732421875,154.63999938964844,154.77000427246094,7460100,0.0019421444253708842
2012-05-11,153.44000244140625,154.47000122070312,153.24000549316406,153.55999755859375,8285600,-0.007818095757993637
2012-05-14,151.5800018310547,152.02999877929688,151.0,151.3300018310547,13388200,-0.014521983348483536
2012-05-15,151.16000366210938,151.44000244140625,149.6300048828125,149.74000549316406,13354500,-0.010506815031071648
2012-05-16,149.47999572753906,150.6999969482422,148.60000610351562,149.4600067138672,16750700,-0.0018698996195085638
2012-05-17,150.8300018310547,153.39999389648438,150.3800048828125,152.8000030517578,18080700,0.022347090779173184
2012-05-18,154.4600067138672,155.1300048828125,153.97000122070312,154.5500030517578,12994200,0.011452879352412237
2012-05-21,154.11000061035156,154.9499969482422,153.86000061035156,154.64999389648438,7542400,0.000646980541909592
2012-05-22,153.58999633789062,154.4199981689453,151.5500030517578,152.0800018310547,11302700,-0.016618119410660492
2012-05-23,151.5,151.83999633789062,148.83999633789062,151.6199951171875,18854500,-0.0030247679400885463
2012-05-24,152.7100067138672,152.91000366210938,150.6199951171875,151.41000366210938,9697100,-0.001384985238363945
2012-05-25,151.88999938964844,152.85000610351562,151.6300048828125,152.67999267578125,6212900,0.00838774838488221
2012-05-29,153.47000122070312,153.6199951171875,150.25,151.02000427246094,11243100,-0.010872337457110914
2012-05-30,149.74000549316406,152.3800048828125,148.52999877929688,151.91000366210938,16764800,0.005893254962718419
2012-05-31,152.02999877929688,152.7100067138672,150.6199951171875,151.6199951171875,10114300,-0.0019090812845146132
2012-06-01,155.41000366210938,158.30999755859375,154.8699951171875,157.5,27399400,0.038781196888100666
2012-06-04,157.25999450683594,157.44000244140625,156.16000366210938,157.32000732421875,11462100,-0.0011428106398809756
2012-06-05,156.9199981689453,157.27000427246094,156.4199981689453,157.13999938964844,8095300,-0.0011442151423203262
2012-06-06,158.89999389648438,159.1999969482422,156.58999633789062,157.2100067138672,15771600,0.0004455092560180507
2012-06-07,157.82000732421875,157.83999633789062,153.19000244140625,154.5,18921600,-0.01723813115026185
2012-06-08,153.02000427246094,154.8300018310547,153.0,154.72999572753906,11074800,0.0014886454856897213
2012-06-11,154.8300018310547,155.39999389648438,153.5500030517578,155.36000061035156,9166600,0.004071640277957922
2012-06-12,155.49000549316406,157.0399932861328,155.4499969482422,156.4600067138672,13241100,0.007080368815616023
2012-06-13,157.61000061035156,157.64999389648438,156.4199981689453,157.1199951171875,10109800,0.004218256263578635
2012-06-14,157.63999938964844,157.94000244140625,156.24000549316406,157.75,11502400,0.004009705335992431
2012-06-15,157.75,158.4600067138672,157.4199981689453,157.83999633789062,13099300,0.0005704997647584253
2012-06-18,157.4600067138672,158.2100067138672,156.5399932861328,157.92999267578125,6733000,0.0005701744803514597
2012-06-19,158.0,158.13999938964844,156.97000122070312,157.16000366210938,6945900,-0.004875508449193711
2012-06-20,156.0,157.3699951171875,154.25999450683594,155.97000122070312,16970200,-0.0075719166052243825
2012-06-21,153.72999572753906,154.22999572753906,151.8000030517578,152.02000427246094,14447500,-0.025325363321968553
2012-06-22,152.0399932861328,152.6999969482422,151.2100067138672,152.63999938964844,6755200,0.004078378501268132
2012-06-25,152.5800018310547,154.16000366210938,152.25,153.75999450683594,6183600,0.00733749424571517
2012-06-26,153.02999877929688,153.3000030517578,152.1300048828125,152.6199951171875,6123400,-0.007414148220444616
2012-06-27,153.3000030517578,153.4499969482422,152.14999389648438,152.8300018310547,4840700,0.001376010487393442
2012-06-28,151.89999389648438,152.16000366210938,150.14999389648438,151.0500030517578,8755600,-0.011646919832302038
2012-06-29,155.1300048828125,155.9499969482422,154.52000427246094,155.19000244140625,10378200,0.027408138404537707
2012-07-02,154.6699981689453,155.5500030517578,154.33999633789062,155.08999633789062,3654200,-0.0006444107348563266
2012-07-03,156.97000122070312,157.72000122070312,156.77000427246094,157.4600067138672,5037700,0.015281516744723334
2012-07-05,155.44000244140625,156.39999389648438,154.4499969482422,155.67999267578125,5359900,-0.011304546946454441
2012-07-06,154.22999572753906,154.49000549316406,152.9499969482422,153.7100067138672,7045700,-0.012654072807009586
2012-07-09,153.61000061035156,154.5800018310547,153.42999267578125,154.0399932861328,4468500,0.002146812555150701
2012-07-10,155.1300048828125,155.17999267578125,151.77999877929688,152.14999389648438,9747900,-0.012269536951600046
2012-07-11,152.5800018310547,153.4499969482422,152.02000427246094,152.99000549316406,6838500,0.005520944005105832
2012-07-12,151.25999450683594,153.07000732421875,150.85000610351562,152.58999633789062,11394800,-0.00261460971900751
2012-07-13,153.4499969482422,154.94000244140625,153.44000244140625,154.13999938964844,5080300,0.010157959820154439
2012-07-16,154.42999267578125,154.75,153.97999572753906,154.2100067138672,5710900,0.00045418012518472217
2012-07-17,154.00999450683594,154.5,152.4499969482422,153.47000122070312,13021800,-0.0047986866023365105
2012-07-18,152.6699981689453,153.60000610351562,152.39999389648438,153.0500030517578,6807600,-0.002736679257213992
2012-07-19,153.72999572753906,154.32000732421875,152.92999267578125,153.3800048828125,6070000,0.0021561700390366756
2012-07-20,152.97000122070312,154.0,152.75,153.6699981689453,8583800,0.0018906850756352789
2012-07-23,152.5,153.3300018310547,152.2899932861328,153.02999877929688,5256700,-0.0041647647379081665
2012-07-24,153.6300048828125,153.8000030517578,152.1999969482422,153.52000427246094,6538900,0.003202022460124132
2012-07-25,155.3300018310547,156.2899932861328,155.0500030517578,155.6699981689453,9355900,0.014004649795792412
2012-07-26,156.6999969482422,157.25999450683594,156.0500030517578,156.77000427246094,7343500,0.007066269136341896
2012-07-27,157.63999938964844,157.9600067138672,156.66000366210938,157.5399932861328,9772600,0.004911583802304831
2012-07-30,156.83999633789062,157.66000366210938,154.80999755859375,157.42999267578125,7212100,-0.0006982392728160924
2012-07-31,157.60000610351562,157.72000122070312,156.25999450683594,156.49000549316406,10919700,-0.00597082656640302
2012-08-01,155.17999267578125,155.7899932861328,154.41000366210938,155.13999938964844,12714500,-0.008626788012826792
2012-08-02,154.66000366210938,155.13999938964844,153.61000061035156,154.1300048828125,11538800,-0.006510213425354183
2012-08-03,154.64999389648438,155.88999938964844,154.4199981689453,155.5500030517578,10670700,0.009212989839486152
2012-08-06,155.9199981689453,156.72999572753906,155.74000549316406,156.3000030517578,4610800,0.004821600676860438
2012-08-07,156.3699951171875,156.6300048828125,156.00999450683594,156.27999877929688,5923300,-0.0001279863856068486
2012-08-08,156.49000549316406,156.86000061035156,156.25999450683594,156.47999572753906,3620500,0.0012797347696722472
2012-08-09,156.36000061035156,157.0,156.27999877929688,156.99000549316406,3177800,0.003259264951112506
2012-08-10,156.89999389648438,157.82000732421875,156.64999389648438,157.17999267578125,4608000,0.0012101864830207365
2012-08-13,157.0500030517578,157.4499969482422,155.89999389648438,155.99000549316406,4573300,-0.0075708565852385945
2012-08-14,155.05999755859375,155.5800018310547,154.8300018310547,155.1300048828125,5075200,-0.00551317764002035
2012-08-15,155.32000732421875,155.82000732421875,155.27000427246094,155.6300048828125,4993900,0.003223103102315328
2012-08-16,155.85000610351562,157.08999633789062,155.5,156.55999755859375,8838300,0.0059756643744985904
2012-08-17,157.05999755859375,157.07000732421875,156.22000122070312,156.72000122070312,7812100,0.001021995813774046
2012-08-20,156.52000427246094,157.39999389648438,156.47000122070312,157.25999450683594,7846200,0.003445592661605268
2012-08-21,158.80999755859375,159.1999969482422,158.69000244140625,158.8300018310547,11833100,0.009983513792826137
2012-08-22,159.19000244140625,160.6300048828125,158.50999450683594,160.5399932861328,13605900,0.010766174119276384
2012-08-23,161.41000366210938,162.4499969482422,161.22999572753906,161.88999938964844,17237600,0.008409157592958794
2012-08-24,161.8699951171875,162.35000610351562,161.3300018310547,161.97000122070312,8497200,0.000494174015419846
2012-08-27,161.77000427246094,162.2899932861328,161.33999633789062,161.36000061035156,5380200,-0.003766133270076133
2012-08-28,161.6300048828125,162.19000244140625,161.3000030517578,161.63999938964844,5074200,0.0017352428001844444
2012-08-29,161.60000610351562,161.67999267578125,160.17999267578125,160.58999633789062,9287700,-0.006495935756759552
2012-08-30,161.25999450683594,161.30999755859375,160.00999450683594,160.52000427246094,5813700,-0.0004358432469381279
2012-08-31,161.13999938964844,164.22000122070312,159.55999755859375,164.22000122070312,18024200,0.02305006759133854
2012-09-04,164.11000061035156,164.77000427246094,163.66000366210938,164.47999572753906,12034800,0.001583208530649749
2012-09-05,164.1199951171875,164.38999938964844,163.80999755859375,164.30999755859375,8401900,-0.0010335492057460538
2012-09-06,165.16000366210938,165.77999877929688,164.8000030517578,164.88999938964844,12961100,0.0035299241657396063
2012-09-07,167.77000427246094,169.0,167.3699951171875,168.44000244140625,19138600,0.021529523105697113
2012-09-10,167.83999633789062,168.13999938964844,167.22999572753906,167.2899932861328,7760600,-0.006827411176709486
2012-09-11,168.22000122070312,168.52999877929688,167.7899932861328,167.89999389648438,7522900,0.003646366398665668
2012-09-12,168.83999633789062,168.8699951171875,167.25,167.9199981689453,9945400,0.00011914397372314589
2012-09-13,167.8699951171875,171.91000366210938,166.3000030517578,171.30999755859375,28336900,0.02018818143529133
2012-09-14,171.88999938964844,172.22999572753906,171.30999755859375,171.8000030517578,16847500,0.002860343822002953
2012-09-17,171.77000427246094,171.9600067138672,170.05999755859375,170.39999389648438,11281600,-0.008149063622843289
2012-09-18,170.80999755859375,171.9499969482422,170.6699981689453,171.72000122070312,12486600,0.007746522133214695
2012-09-19,171.8800048828125,172.02999877929688,171.19000244140625,171.74000549316406,9125800,0.00011649354949172519
2012-09-20,171.02999877929688,171.69000244140625,170.22999572753906,171.47000122070312,8703000,-0.0015721687657199723
2012-09-21,172.92999267578125,173.17999267578125,171.5399932861328,171.9600067138672,13361300,0.0028576747517099488
2012-09-24,170.6300048828125,171.38999938964844,170.57000732421875,171.0500030517578,9177900,-0.005291949445103139
2012-09-25,171.75999450683594,172.11000061035156,170.5,170.77000427246094,10365300,-0.0016369410950092256
2012-09-26,169.4600067138672,170.0500030517578,168.33999633789062,169.80999755859375,12064800,-0.005621635473730624
2012-09-27,171.02000427246094,172.60000610351562,170.75999450683594,172.33999633789062,10539500,0.014898997795603108
2012-09-28,172.02999877929688,172.47999572753906,171.33999633789062,171.88999938964844,9681200,-0.0026110999060248163
2012-10-01,172.8300018310547,173.6199951171875,171.77000427246094,172.2899932861328,10676400,0.0023270341375569714
2012-10-02,172.47000122070312,172.6999969482422,171.58999633789062,172.10000610351562,7053900,-0.0011027174532514117
2012-10-03,172.50999450683594,172.61000061035156,171.88999938964844,172.41000366210938,5647600,0.0018012640766977839
2012-10-04,173.1999969482422,174.07000732421875,172.9199981689453,173.61000061035156,10376800,0.006960135274945767
2012-10-05,172.8699951171875,173.3699951171875,172.00999450683594,172.6199951171875,8871000,-0.005702468116373205
2012-10-08,171.75,172.27999877929688,171.67999267578125,172.0500030517578,3749300,-0.0033020048751752906
2012-10-09,171.86000061035156,172.1699981689453,170.55999755859375,170.99000549316406,7750700,-0.006160985410008202
2012-10-10,170.5399932861328,171.33999633789062,170.3000030517578,170.83999633789062,7361300,-0.0008772977978495078
2012-10-11,171.3000030517578,171.9499969482422,171.1300048828125,171.32000732421875,5714900,0.0028097108207538746
2012-10-12,171.14999389648438,171.41000366210938,169.80999755859375,170.05999755859375,8266000,-0.007354714637855864
2012-10-15,169.00999450683594,169.10000610351562,167.52999877929688,168.35000610351562,10704900,-0.010055224506803517
2012-10-16,168.8699951171875,169.4499969482422,168.6699981689453,169.4199981689453,6204000,0.006355758993983995
2012-10-17,169.2100067138672,169.9499969482422,168.9199981689453,169.5399932861328,5203400,0.000708270089035512
2012-10-18,168.8000030517578,169.30999755859375,168.58999633789062,168.7899932861328,6607100,-0.004423734987025862
2012-10-19,168.4199981689453,168.4499969482422,166.22999572753906,166.97000122070312,13860400,-0.010782582723043554
2012-10-22,167.0800018310547,167.6300048828125,167.02999877929688,167.5800018310547,6366200,0.003653354530106512
2012-10-23,166.0399932861328,166.05999755859375,165.1199951171875,165.42999267578125,11892500,-0.012829747772893363
2012-10-24,165.77999877929688,165.8300018310547,164.60000610351562,164.86000061035156,10794600,-0.0034455182897020764
2012-10-25,166.2899932861328,166.52999877929688,165.77000427246094,166.02000427246094,7013800,0.007036295388904268
2012-10-26,166.22999572753906,166.60000610351562,165.77000427246094,165.92999267578125,6441300,-0.0005421731981886113
2012-10-31,166.47000122070312,167.27999877929688,166.3800048828125,166.8300018310547,4681500,0.005424029379860196
2012-11-01,167.02000427246094,167.0399932861328,166.0399932861328,166.07000732421875,6018000,-0.0045555025984209685
2012-11-02,164.4499969482422,164.47000122070312,162.3000030517578,162.60000610351562,14763100,-0.020894809825163896
2012-11-05,163.1199951171875,163.4199981689453,162.80999755859375,163.22999572753906,6156200,0.0038744747870573804
2012-11-06,163.91000366210938,166.77000427246094,163.61000061035156,166.3000030517578,16051800,0.018807862553296584
2012-11-07,166.8699951171875,167.1300048828125,165.0399932861328,166.49000549316406,13195200,0.0011425281895340866
2012-11-08,166.13999938964844,168.16000366210938,166.1199951171875,167.99000549316406,8829000,0.009009549825869767
2012-11-09,168.2100067138672,168.5399932861328,167.5500030517578,167.82000732421875,7361000,-0.0010119540650425085
2012-11-12,168.10000610351562,168.27999877929688,167.2100067138672,167.4499969482422,5647600,-0.0022048049089982147
2012-11-13,166.66000366210938,167.94000244140625,166.6300048828125,167.10000610351562,6463300,-0.0020901215354142133
2012-11-14,167.4600067138672,168.0399932861328,166.77999877929688,167.13999938964844,8510500,0.00023933743071213875
2012-11-15,167.0,167.0500030517578,165.17999267578125,166.08999633789062,10023200,-0.006282176951012075
2012-11-16,165.74000549316406,166.36000061035156,165.47000122070312,165.8800048828125,6944000,-0.0012643233169258306
2012-11-19,167.75,168.16000366210938,167.3800048828125,167.8699951171875,6764500,0.011996564840836887
2012-11-20,167.75,168.02000427246094,166.83999633789062,167.38999938964844,5496100,-0.0028593300857844284
2012-11-21,167.19000244140625,167.82000732421875,166.97000122070312,167.55999755859375,3810700,0.0010155813941403746
2012-11-23,167.97000122070312,170.00999450683594,167.8000030517578,169.61000061035156,6110100,0.012234441881278757
2012-11-26,169.55999755859375,169.72999572753906,169.25,169.42999267578125,5377700,-0.0010613049579774048
2012-11-27,169.13999938964844,169.39999389648438,168.6199951171875,168.7100067138672,7314400,-0.004249459912872733
2012-11-28,165.42999267578125,166.83999633789062,165.3800048828125,166.5500030517578,12880100,-0.012803055990465051
2012-11-29,167.13999938964844,167.5,166.85000610351562,167.17999267578125,7446800,0.003782585484718659
2012-11-30,166.94000244140625,167.22000122070312,165.52999877929688,166.0500030517578,8412300,-0.00675911995172096
2012-12-03,166.11000061035156,166.9199981689453,166.0399932861328,166.1300048828125,6363400,0.000481793613877457
2012-12-04,164.05999755859375,164.8300018310547,163.8699951171875,164.4199981689453,10208900,-0.010293184034235181
2012-12-05,164.22000122070312,164.5,163.1999969482422,164.1199951171875,10646800,-0.0018246141290523266
2012-12-06,163.72000122070312,165.0,163.52999877929688,164.5,7301600,0.00231540881134662
2012-12-07,164.8800048828125,165.22000122070312,164.60000610351562,165.16000366210938,7289500,0.004012180316774305
2012-12-10,166.11000061035156,166.16000366210938,165.7100067138672,165.8000030517578,4646600,0.0038750264922358113
2012-12-11,165.4499969482422,165.66000366210938,165.1199951171875,165.64999389648438,4724000,-0.0009047596653337653
2012-12-12,166.1999969482422,166.94000244140625,165.36000061035156,165.77000427246094,14164700,0.0007244816202742754
2012-12-13,163.8699951171875,164.89999389648438,163.77999877929688,164.3699951171875,9332800,-0.008445491459192933
2012-12-14,164.1699981689453,164.47999572753906,164.02000427246094,164.1300048828125,5351700,-0.0014600610908572786
2012-12-17,164.16000366210938,164.6199951171875,164.1300048828125,164.44000244140625,8173300,0.001888731794135401
2012-12-18,164.35000610351562,164.42999267578125,160.89999389648438,162.0800018310547,23995000,-0.014351742734815875
2012-12-19,161.30999755859375,162.22000122070312,161.11000061035156,161.69000244140625,12991600,-0.002406215358110364
2012-12-20,159.8699951171875,160.1199951171875,158.38999938964844,159.72999572753906,25148400,-0.012122003118760882
2012-12-21,159.82000732421875,160.75999450683594,159.77999877929688,160.3300018310547,13445400,0.003756377133691924
2012-12-24,160.8800048828125,160.9600067138672,160.47000122070312,160.6199951171875,3699400,0.0018087275171267958
2012-12-26,161.36000061035156,161.49000549316406,160.63999938964844,160.77999877929688,4961800,0.0009961627877814738
2012-12-27,160.22999572753906,161.30999755859375,160.0500030517578,161.16000366210938,8937700,0.002363508432004169
2012-12-28,160.94000244140625,160.97000122070312,160.14999389648438,160.5399932861328,6852900,-0.0038471727592938043
2012-12-31,160.89999389648438,162.75,160.77000427246094,162.02000427246094,11786200,0.009218955078005298
2013-01-02,163.49000549316406,164.13999938964844,163.13999938964844,163.1699981689453,10431800,0.007097851290946089
2013-01-03,162.47999572753906,162.8800048828125,160.8300018310547,161.1999969482422,16117500,-0.012073305404241008
2013-01-04,159.52000427246094,160.6300048828125,158.88999938964844,160.44000244140625,19179800,-0.004714606211065564
2013-01-07,159.36000061035156,159.9600067138672,159.14999389648438,159.42999267578125,9361800,-0.006295249004336423
2013-01-08,160.4600067138672,160.99000549316406,160.00999450683594,160.55999755859375,7694800,0.007087781062064646
2013-01-09,160.77000427246094,160.8300018310547,159.89999389648438,160.49000549316406,8334200,-0.0004359246792099425
2013-01-10,161.61000061035156,162.55999755859375,161.61000061035156,161.97999572753906,11432600,0.00928400637657445
2013-01-11,161.86000061035156,161.89999389648438,160.11000061035156,161.05999755859375,13675600,-0.0056797023904903154
2013-01-14,161.8800048828125,161.97000122070312,161.1300048828125,161.5399932861328,7289000,0.002980229323326755
2013-01-15,162.8000030517578,163.1699981689453,162.35000610351562,162.55999755859375,10077800,0.006314252289550515
2013-01-16,162.4199981689453,163.02999877929688,162.14999389648438,162.64999389648438,9214700,0.0005536192128581252
2013-01-17,161.94000244140625,164.39999389648438,161.8300018310547,163.35000610351562,14911400,0.00430379485582244
2013-01-18,163.9499969482422,163.97000122070312,163.02000427246094,163.08999633789062,10038100,-0.0015917340429129068
2013-01-22,163.47999572753906,164.22000122070312,163.3699951171875,163.6699981689453,8587900,0.003556329904214506
2013-01-23,163.9199981689453,163.9499969482422,163.0,163.2100067138672,6697000,-0.00281048121356553
2013-01-24,161.97999572753906,162.27000427246094,161.17999267578125,161.4199981689453,13188300,-0.01096751713306432
2013-01-25,160.55999755859375,161.0399932861328,160.30999755859375,160.64999389648438,9037400,-0.004770191309598659
2013-01-28,160.24000549316406,160.72999572753906,160.02000427246094,160.2899932861328,8491600,-0.0022409002429438774
2013-01-29,161.00999450683594,161.30999755859375,160.69000244140625,160.99000549316406,7364900,0.004367160997889918
2013-01-30,162.67999267578125,163.0399932861328,162.02999877929688,162.19000244140625,12010000,0.0074538599123976645
2013-01-31,161.6199951171875,161.80999755859375,160.47000122070312,161.1999969482422,9334000,-0.006103985931695921
2013-02-01,162.66000366210938,162.77000427246094,160.8699951171875,161.4499969482422,12904300,0.0015508685157126223
2013-02-04,161.19000244140625,162.4199981689453,161.14999389648438,162.0,7354900,0.0034066464054138823
2013-02-05,162.75,162.7899932861328,161.3300018310547,161.9600067138672,8979400,-0.00024687213662233365
2013-02-06,162.1300048828125,162.6300048828125,161.99000549316406,162.38999938964844,6138700,0.0026549312049666263
2013-02-07,161.24000549316406,162.9600067138672,161.1300048828125,161.83999633789062,12827200,-0.003386926866340456
2013-02-08,161.4600067138672,162.02000427246094,161.1999969482422,161.57000732421875,6085900,-0.0016682465384403322
2013-02-11,159.77999877929688,159.97999572753906,159.25,159.6999969482422,12083500,-0.011573994499016527
2013-02-12,159.35000610351562,160.0500030517578,158.8800048828125,159.88999938964844,7632300,0.0011897460553353945
2013-02-13,159.60000610351562,159.63999938964844,158.77000427246094,159.0500030517578,8961300,-0.005253588974277079
2013-02-14,159.30999755859375,159.64999389648438,158.0399932861328,158.35000610351562,12410200,-0.004401112447727451
2013-02-15,156.4199981689453,156.5800018310547,154.55999755859375,155.75999450683594,23374100,-0.016356245638453393
2013-02-19,155.8000030517578,155.83999633789062,154.92999267578125,155.3300018310547,11803900,-0.0027606104965699485
2013-02-20,153.89999389648438,153.92999267578125,150.83999633789062,151.44000244140625,30924000,-0.025043451643549264
2013-02-21,152.0,153.41000366210938,151.89999389648438,152.6199951171875,17964800,0.0077918162754770925
2013-02-22,152.25999450683594,152.99000549316406,151.92999267578125,152.97000122070312,10093200,0.002293317486000923
2013-02-25,153.52000427246094,154.55999755859375,153.30999755859375,154.33999633789062,9488200,0.008955972453781325
2013-02-26,154.38999938964844,156.8000030517578,153.32000732421875,156.22000122070312,18182300,0.012180931238955583
2013-02-27,155.4600067138672,155.60000610351562,154.0800018310547,154.57000732421875,9596100,-0.01056198875682579
2013-02-28,154.08999633789062,154.16000366210938,152.38999938964844,153.0,14864400,-0.010157257228600503
2013-03-01,153.16000366210938,153.61000061035156,152.13999938964844,152.44000244140625,11178800,-0.003660114762050637
2013-03-04,152.4499969482422,152.74000549316406,151.8699951171875,152.3000030517578,6643800,-0.0009183901036885489
2013-03-05,153.10000610351562,153.38999938964844,152.11000061035156,152.3800048828125,10804200,0.0005252910666555533
2013-03-06,152.1699981689453,153.3800048828125,151.64999389648438,153.22999572753906,10856000,0.0055780996028989005
2013-03-07,153.02000427246094,153.2100067138672,152.39999389648438,152.69000244140625,6586700,-0.0035240703595200706
2013-03-08,151.61000061035156,153.2899932861328,151.39999389648438,152.7100067138672,11859500,0.00013101232655099437
2013-03-11,152.82000732421875,153.05999755859375,152.64999389648438,152.99000549316406,4810700,0.0018335326238412275
2013-03-12,154.07000732421875,154.69000244140625,153.89999389648438,154.19000244140625,7265700,0.00784362968269714
2013-03-13,154.25999450683594,154.60000610351562,153.4199981689453,153.66000366210938,7436400,-0.0034373096238732304
2013-03-14,153.02000427246094,154.1699981689453,153.00999450683594,153.67999267578125,11410400,0.0001300859898183404
2013-03-15,154.1199951171875,154.72000122070312,153.97000122070312,154.0,5701300,0.0020822965868685372
2013-03-18,155.6999969482422,155.92999267578125,155.0,155.3800048828125,9302400,0.008961070667613535
2013-03-19,155.22000122070312,156.33999633789062,155.10000610351562,156.0800018310547,11023400,0.00450506452725441
2013-03-20,155.52999877929688,155.8300018310547,154.8800048828125,155.3699951171875,8221500,-0.004548992218975756
2013-03-21,156.1699981689453,156.42999267578125,155.8800048828125,156.25,4992000,0.005663930684613572
2013-03-22,155.4499969482422,155.99000549316406,155.4199981689453,155.5500030517578,4746300,-0.004479980468749978
2013-03-25,154.7100067138672,155.57000732421875,154.36000061035156,155.24000549316406,6819100,-0.0019929125844543316
2013-03-26,154.47000122070312,154.91000366210938,154.27999877929688,154.72000122070312,7388700,-0.003349679554628948
2013-03-27,154.6699981689453,155.6199951171875,154.50999450683594,155.36000061035156,6717000,0.004136500676053423
2013-03-28,154.5,154.8000030517578,154.22000122070312,154.4499969482422,6851200,-0.0058573870914927495
2013-04-01,154.57000732421875,154.92999267578125,154.3000030517578,154.6699981689453,4288100,0.001424417125607702
2013-04-02,153.08999633789062,153.30999755859375,152.25999450683594,152.42999267578125,9398300,-0.014482482185829704
2013-04-03,152.02000427246094,152.52999877929688,149.9199981689453,150.72999572753906,15740800,-0.011152640752650878
2013-04-04,149.64999389648438,150.60000610351562,149.44000244140625,150.2899932861328,12429000,-0.0029191431956356872
2013-04-05,151.5399932861328,152.9600067138672,151.07000732421875,152.80999755859375,14491800,0.016767611850665
2013-04-08,152.38999938964844,152.58999633789062,151.60000610351562,152.16000366210938,6246000,-0.004253608447543744
2013-04-09,152.32000732421875,153.85000610351562,152.27999877929688,153.33999633789062,7042200,0.007754946420753139
2013-04-10,152.6699981689453,152.7100067138672,150.5800018310547,150.75,18507400,-0.016890546496319603
2013-04-11,150.75999450683594,151.7100067138672,150.6300048828125,151.0500030517578,8063200,0.001990069995076782
2013-04-12,148.64999389648438,148.85000610351562,143.42999267578125,143.9499969482422,55601800,-0.04700434266845255
2013-04-15,136.0,136.75,130.50999450683594,131.30999755859375,93804200,-0.0878082643808128
2013-04-16,134.89999389648438,135.11000061035156,131.75999450683594,132.8000030517578,45650800,0.011347235708379255
2013-04-17,133.80999755859375,134.9499969482422,132.32000732421875,132.8699951171875,25444100,0.0005270486733528479
2013-04-18,134.1199951171875,135.30999755859375,133.6199951171875,134.3000030517578,20040500,0.010762459449999096
2013-04-19,136.0,136.02000427246094,134.60000610351562,135.47000122070312,15659300,0.008711825334020373
2013-04-22,138.14999389648438,138.27000427246094,137.22000122070312,137.89999389648438,16568500,0.01793749652236576
2013-04-23,137.22000122070312,137.24000549316406,135.85000610351562,136.8800048828125,14644900,-0.007396584908027859
2013-04-24,138.08999633789062,138.5500030517578,137.4499969482422,138.3699951171875,10369300,0.010885375374223738
2013-04-25,140.0,142.0800018310547,139.7899932861328,141.6300048828125,18886900,0.023560091643163306
2013-04-26,142.3000030517578,143.42999267578125,140.0399932861328,140.91000366210938,19307800,-0.005083677157950217
2013-04-29,142.1300048828125,142.66000366210938,141.49000549316406,142.3000030517578,11004500,0.009864447899536888
2013-04-30,142.27000427246094,142.8300018310547,141.5500030517578,142.77000427246094,11284400,0.003302889744367654
2013-05-01,140.58999633789062,141.5500030517578,139.3000030517578,141.11000061035156,13931100,-0.011627117828906464
2013-05-02,142.0,142.47000122070312,141.63999938964844,141.9199981689453,11502200,0.005740185352492544
2013-05-03,141.6999969482422,142.7100067138672,141.39999389648438,142.08999633789062,11667100,0.0011978450615743874
2013-05-06,142.3300018310547,142.4600067138672,141.6300048828125,142.14999389648438,7730300,0.0004222504056590193
2013-05-07,140.3800048828125,140.63999938964844,139.3699951171875,140.3800048828125,13627400,-0.012451558843968757
2013-05-08,141.77999877929688,142.80999755859375,141.49000549316406,142.4600067138672,11161100,0.014816938016144476
2013-05-09,141.3300018310547,142.36000061035156,140.50999450683594,140.80999755859375,8263000,-0.011582262231585427
2013-05-10,138.22000122070312,139.75,137.25999450683594,139.60000610351562,14650600,-0.008593079156717032
2013-05-13,138.4600067138672,138.97000122070312,138.16000366210938,138.42999267578125,6714100,-0.00838118464598625
2013-05-14,137.9499969482422,139.16000366210938,137.63999938964844,137.80999755859375,9895700,-0.004478762912597967
2013-05-15,136.58999633789062,136.97999572753906,134.22999572753906,134.6300048828125,19062400,-0.02307519579215711
2013-05-16,133.17999267578125,134.47999572753906,133.0,134.08999633789062,12759200,-0.004011056416375558
2013-05-17,133.1699981689453,133.47999572753906,131.02000427246094,131.07000732421875,20346500,-0.02252210527369891
2013-05-20,130.8800048828125,135.32000732421875,130.85000610351562,135.1199951171875,21594000,0.030899424480465454
2013-05-21,132.1699981689453,133.64999389648438,131.4499969482422,132.8800048828125,14542500,-0.01657778504530205
2013-05-22,134.17999267578125,136.77000427246094,130.9499969482422,131.94000244140625,25975200,-0.007074069889109635
2013-05-23,134.50999450683594,134.83999633789062,133.1199951171875,134.61000061035156,10267600,0.02023645687084974
2013-05-24,134.11000061035156,134.50999450683594,133.63999938964844,133.75999450683594,5522600,-0.006314583609401292
2013-05-28,133.67999267578125,135.57000732421875,132.8000030517578,133.49000549316406,12466400,-0.002018458618119001
2013-05-29,134.08999633789062,134.91000366210938,133.63999938964844,134.8300018310547,8762200,0.010038177262336356
2013-05-30,136.6699981689453,137.11000061035156,136.25999450683594,136.6999969482422,8611700,0.013869280514663629
2013-05-31,135.7100067138672,136.0500030517578,133.88999938964844,133.9199981689453,9726600,-0.020336494816085793
2013-06-03,134.77000427246094,136.97999572753906,134.42999267578125,136.50999450683594,9173000,0.01933987733947884
2013-06-04,135.2100067138672,135.44000244140625,134.27000427246094,135.22999572753906,5505200,-0.009376593881796569
2013-06-05,135.47000122070312,136.3699951171875,135.00999450683594,135.52000427246094,7444900,0.002144557820634496
2013-06-06,135.38999938964844,137.6199951171875,134.97999572753906,136.52999877929688,9847700,0.007452733729297778
2013-06-07,134.11000061035156,134.6199951171875,133.17999267578125,133.27999877929688,11054400,-0.023804292309807185
2013-06-10,133.3000030517578,134.27999877929688,132.99000549316406,133.94000244140625,6142800,0.0049520083144831695
2013-06-11,132.30999755859375,133.50999450683594,132.24000549316406,133.25,7199300,-0.005151578533889478
2013-06-12,132.9499969482422,134.8300018310547,132.8300018310547,134.25,6550600,0.007504690431519689
2013-06-13,133.30999755859375,134.1999969482422,132.82000732421875,133.74000549316406,7161800,-0.0037988417641410255
2013-06-14,134.0,134.60000610351562,133.8800048828125,134.42999267578125,4278700,0.005159168194085684
2013-06-17,133.88999938964844,134.05999755859375,133.52000427246094,133.77000427246094,4072300,-0.004909532390677707
2013-06-18,132.72000122070312,132.9600067138672,131.52999877929688,132.1300048828125,7379300,-0.012259844040283574
2013-06-19,132.5800018310547,133.14999389648438,130.3800048828125,130.58999633789062,13017800,-0.011655252312203657
2013-06-20,125.22000122070312,126.37999725341797,123.33000183105469,123.5999984741211,28872100,-0.053526288841325154
2013-06-21,125.16000366210938,125.56999969482422,124.45999908447266,125.05000305175781,16600000,0.011731428766484253
2013-06-24,124.30999755859375,124.69999694824219,123.30999755859375,123.93000030517578,12749300,-0.008956439178321896
2013-06-25,123.6500015258789,123.9000015258789,122.87999725341797,123.47000122070312,9369200,-0.003711765378358045
2013-06-26,119.87999725341797,119.9000015258789,118.05999755859375,118.27999877929688,24748800,-0.04203452166594779
2013-06-27,119.0999984741211,119.51000213623047,115.6500015258789,115.94000244140625,30001900,-0.019783533666219544
2013-06-28,115.22000122070312,119.33000183105469,114.68000030517578,119.11000061035156,32981900,0.02734171211137726
2013-07-01,119.94000244140625,121.94999694824219,119.37999725341797,121.12999725341797,15945200,0.016959085154188536
2013-07-02,121.33999633789062,121.47000122070312,119.77999877929688,120.05000305175781,10550300,-0.00891599295095069
2013-07-03,120.69999694824219,121.7699966430664,120.54000091552734,120.73999786376953,6750300,0.005747561803178369
2013-07-05,118.08000183105469,118.18000030517578,116.73999786376953,118.08999633789062,11592500,-0.021948000437012505
2013-07-08,119.08999633789062,119.66000366210938,118.93000030517578,119.51000213623047,8652200,0.01202477637713506
2013-07-09,120.83999633789062,121.51000213623047,120.05000305175781,120.62000274658203,8201400,0.009287930637690511
2013-07-10,121.1500015258789,122.3499984741211,120.58999633789062,120.94999694824219,14697100,0.0027358165656277134
2013-07-11,124.26000213623047,124.36000061035156,123.47000122070312,124.23999786376953,11279400,0.027201331116488037
2013-07-12,123.5199966430664,124.30000305175781,123.31999969482422,124.12999725341797,6583800,-0.0008853880573321815
2013-07-15,124.08000183105469,124.38999938964844,123.83999633789062,124.18000030517578,4133200,0.0004028281065351358
2013-07-16,124.76000213623047,125.20999908447266,124.33000183105469,124.88999938964844,5577300,0.0057174994582687155
2013-07-17,125.04000091552734,125.69999694824219,122.7300033569336,123.31999969482422,10882400,-0.01257106015291043
2013-07-18,124.11000061035156,124.5199966430664,123.77999877929688,124.01000213623047,6150900,0.0055952192921973065
2013-07-19,124.88999938964844,125.41999816894531,124.6500015258789,125.11000061035156,5767800,0.008870239941716207
2013-07-22,127.6500015258789,129.4600067138672,127.58999633789062,128.83999633789062,10851900,0.029813729592696125
2013-07-23,128.6999969482422,130.13999938964844,128.35000610351562,129.7100067138672,8820100,0.006752642042110235
2013-07-24,129.1699981689453,129.39999389648438,126.87000274658203,127.4800033569336,9979100,-0.017192222970528803
2013-07-25,127.69999694824219,128.8699951171875,127.63999938964844,128.6699981689453,4702400,0.009334756673011979
2013-07-26,128.11000061035156,128.97000122070312,126.77999877929688,128.77999877929688,6148500,0.0008549048878288001
2013-07-29,128.4499969482422,128.77999877929688,128.25,128.47000122070312,3554100,-0.002407187152758228
2013-07-30,127.94999694824219,128.30999755859375,127.22000122070312,128.1199951171875,4487700,-0.0027244189319679535
2013-07-31,127.76000213623047,128.9199981689453,126.12999725341797,127.95999908447266,16015300,-0.0012487983048118378
2013-08-01,127.83999633789062,127.88999938964844,126.33000183105469,126.61000061035156,10564300,-0.010550160079556559
2013-08-02,126.73999786376953,127.25,126.31999969482422,126.36000061035156,6466300,-0.001974567560183438
2013-08-05,126.51000213623047,126.63999938964844,125.33999633789062,125.69999694824219,4003900,-0.005223200846164788
2013-08-06,124.33000183105469,124.55000305175781,123.55000305175781,123.97000122070312,6016200,-0.013762893950199584
2013-08-07,124.0,124.5999984741211,123.8499984741211,124.1500015258789,5304700,0.0014519666322767577
2013-08-08,124.77999877929688,126.98999786376953,124.7699966430664,126.86000061035156,8653600,0.02182842570410881
2013-08-09,126.51000213623047,127.2699966430664,126.30000305175781,126.86000061035156,6192000,0.0
2013-08-12,129.57000732421875,129.7100067138672,128.8800048828125,129.1300048828125,7414300,0.017893774724416334
2013-08-13,128.49000549316406,128.64999389648438,127.37999725341797,127.73999786376953,7336100,-0.010764399957271187
2013-08-14,127.66000366210938,129.07000732421875,127.56999969482422,129.0,8713200,0.009863802703161229
2013-08-15,128.05999755859375,132.36000061035156,127.9800033569336,131.69000244140625,17226300,0.020852732103924465
2013-08-16,132.55999755859375,133.27000427246094,131.38999938964844,132.5800018310547,14447100,0.006758291238125214
2013-08-19,132.3300018310547,132.5,131.58999633789062,132.00999450683594,8118400,-0.004299346178506691
2013-08-20,132.02999877929688,133.1300048828125,132.02000427246094,132.4499969482422,7809100,0.0033330994600069275
2013-08-21,131.74000549316406,133.22999572753906,131.50999450683594,132.07000732421875,10720200,-0.002868928899801504
2013-08-22,132.55999755859375,133.4600067138672,132.27000427246094,132.80999755859375,5741800,0.0056030150173187465
2013-08-23,132.5800018310547,135.24000549316406,132.5,134.89999389648438,11623400,0.01573673952496346
2013-08-26,134.8800048828125,135.60000610351562,134.14999389648438,135.4499969482422,7692100,0.004077116950649051
2013-08-27,136.94000244140625,137.5500030517578,136.52000427246094,136.75,11283300,0.009597660251366102
2013-08-28,137.2100067138672,137.4600067138672,136.66000366210938,136.7100067138672,13650400,-0.0002924554744629937
2013-08-29,136.1199951171875,136.5500030517578,135.4199981689453,135.8699951171875,7939400,-0.0061444777662679195
2013-08-30,134.64999389648438,135.7100067138672,134.44000244140625,134.6199951171875,7680000,-0.009199970890717113
2013-09-03,135.4600067138672,136.7899932861328,135.02999877929688,136.4199981689453,8100700,0.013370993292570743
2013-09-04,134.61000061035156,134.83999633789062,133.72000122070312,134.66000366210938,7785400,-0.012901294021836374
2013-09-05,134.1300048828125,134.35000610351562,131.8000030517578,132.1999969482422,11118600,-0.01826828046165707
2013-09-06,133.4199981689453,134.39999389648438,133.3300018310547,134.14999389648438,8448700,0.014750355470928067
2013-09-09,134.1300048828125,134.32000732421875,133.6699981689453,133.91000366210938,5090500,-0.0017889694021170355
2013-09-10,131.82000732421875,132.0,131.11000061035156,131.74000549316406,8433100,-0.016204899631104497
2013-09-11,131.5800018310547,131.80999755859375,131.25999450683594,131.6999969482422,5046600,-0.00030369320824075174
2013-09-12,128.6199951171875,128.77999877929688,127.61000061035156,127.66999816894531,12944000,-0.030599839579955712
2013-09-13,127.16000366210938,127.95999908447266,126.20999908447266,127.81999969482422,12060400,0.0011749160180953844
2013-09-16,127.4800033569336,128.02000427246094,126.33000183105469,126.44999694824219,9829100,-0.010718218978665095
2013-09-17,126.80999755859375,126.98999786376953,126.11000061035156,126.5,8135500,0.00039543735045155515
2013-09-18,125.31999969482422,132.16000366210938,125.1500015258789,132.00999450683594,24780000,0.04355726882874267
2013-09-19,132.0,132.77999877929688,131.22000122070312,131.75,14353900,-0.0019695062317609535
2013-09-20,130.60000610351562,130.91000366210938,127.9000015258789,127.95999908447266,19558200,-0.028766610364533873
2013-09-23,127.5199966430664,128.44000244140625,127.33000183105469,127.55000305175781,7421800,-0.0032040953082860257
2013-09-24,126.4000015258789,128.2100067138672,126.33999633789062,127.66000366210938,7349700,0.000862411663815621
2013-09-25,127.56999969482422,129.2100067138672,127.5199966430664,128.7899932861328,7519100,0.0088515556290778
2013-09-26,128.61000061035156,128.99000549316406,127.31999969482422,127.79000091552734,9491300,-0.007764519160924133
2013-09-27,128.86000061035156,129.5800018310547,128.83999633789062,128.97000122070312,7430200,0.009233901688096902
2013-09-30,127.94999694824219,129.13999938964844,127.69999694824219,128.17999267578125,8979000,-0.006125521729428818
2013-10-01,125.25,125.26000213623047,123.80999755859375,124.58999633789062,16721100,-0.028007462498232272
2013-10-02,125.37000274658203,127.80999755859375,125.33999633789062,127.05999755859375,11994200,0.019825036466045276
2013-10-03,126.7699966430664,127.69000244140625,126.22000122070312,127.18000030517578,11632900,0.0009444573342345386
2013-10-04,127.05000305175781,127.1500015258789,126.0,126.52999877929688,6923700,-0.005110878473967517
2013-10-07,127.25,128.3300018310547,127.12000274658203,127.63999938964844,6732800,0.008772628001741278
2013-10-08,127.79000091552734,128.4499969482422,127.20999908447266,127.4000015258789,6999700,-0.0018802715834939088
2013-10-09,126.20999908447266,126.88999938964844,124.97000122070312,126.11000061035156,10705100,-0.010125595761985129
2013-10-10,125.33999633789062,125.83000183105469,124.0999984741211,124.2699966430664,10523600,-0.014590468308459559
2013-10-11,122.37000274658203,122.80999755859375,121.8499984741211,122.5999984741211,15972600,-0.013438466355977674
2013-10-14,123.9000015258789,124.23999786376953,122.80999755859375,122.83000183105469,6118200,0.0018760469803933422
2013-10-15,122.27999877929688,124.36000061035156,122.22000122070312,123.7300033569336,8384200,0.007327212508852821
2013-10-16,123.5199966430664,123.88999938964844,122.51000213623047,123.54000091552734,8523400,-0.0015356214034694116
2013-10-17,127.01000213623047,127.86000061035156,126.80999755859375,127.41999816894531,11785100,0.031406809330291274
2013-10-18,126.87000274658203,127.33000183105469,126.5999984741211,126.8499984741211,5350500,-0.004473392740662718
2013-10-21,127.12999725341797,127.33999633789062,126.79000091552734,126.9800033569336,3395200,0.0010248709844409287
2013-10-22,128.25,129.80999755859375,128.22000122070312,129.33999633789062,8849000,0.01858554826403047
2013-10-23,128.5500030517578,129.08999633789062,128.35000610351562,128.69000244140625,5092200,-0.00502546710134677
2013-10-24,129.41000366210938,130.52999877929688,129.41000366210938,129.89999389648438,10221400,0.009402373394382657
2013-10-25,129.52999877929688,130.9199981689453,129.4600067138672,130.4600067138672,8767900,0.004311107341768539
2013-10-28,130.41000366210938,131.44000244140625,130.10000610351562,130.55999755859375,6807800,0.0007664482567892872
2013-10-29,130.16000366210938,130.58999633789062,129.57000732421875,129.77000427246094,5328500,-0.006050806532669206
2013-10-30,130.8300018310547,131.22000122070312,128.80999755859375,129.60000610351562,8896000,-0.0013099958645943488
2013-10-31,128.0399932861328,128.49000549316406,127.30000305175781,127.73999786376953,7753300,-0.014351914754235806
2013-11-01,126.86000061035156,127.16999816894531,126.05000305175781,126.94999694824219,9566200,-0.0061844444084760974
2013-11-04,127.18000030517578,127.5199966430664,126.73999786376953,126.80999755859375,3819300,-0.0011027915952256384
2013-11-05,126.70999908447266,126.86000061035156,126.0,126.55999755859375,4941200,-0.001971453393369016
2013-11-06,127.11000061035156,127.36000061035156,126.91999816894531,127.19999694824219,3544900,0.005056885287565871
2013-11-07,126.13999938964844,126.8499984741211,125.86000061035156,126.16000366210938,7700100,-0.008176048043114226
2013-11-08,124.45999908447266,124.45999908447266,123.62000274658203,124.27999877929688,8427300,-0.014901750382376844
2013-11-11,123.91999816894531,123.97000122070312,123.66000366210938,123.87000274658203,3277700,-0.0032989703632274603
2013-11-12,123.51000213623047,123.87000274658203,121.7300033569336,122.44999694824219,7705600,-0.01146367778198043
2013-11-13,122.97000122070312,123.23999786376953,122.38999938964844,122.8499984741211,5967000,0.003266651987325009
2013-11-14,123.91999816894531,124.91000366210938,123.87999725341797,124.2699966430664,7669700,0.01155879679757943
2013-11-15,124.16000366210938,124.5199966430664,124.06999969482422,124.31999969482422,4660700,0.000402374290726204
2013-11-18,123.69999694824219,123.95999908447266,122.55000305175781,122.9000015258789,6241300,-0.011422121721614165
2013-11-19,122.97000122070312,123.4000015258789,122.83000183105469,122.94999694824219,3666500,0.00040679757316963716
2013-11-20,121.66999816894531,122.44000244140625,119.76000213623047,120.12000274658203,14281000,-0.02301744019441898
2013-11-21,119.80999755859375,120.3499984741211,119.30999755859375,119.94000244140625,7557500,-0.001498504004828649
2013-11-22,120.23999786376953,120.4000015258789,119.81999969482422,119.91999816894531,6774400,-0.00016678565994454608
2013-11-25,119.18000030517578,121.0,119.12999725341797,120.45999908447266,7266300,0.004503009704574623
2013-11-26,119.83999633789062,120.4000015258789,119.58999633789062,119.81999969482422,9053300,-0.005312961933526483
2013-11-27,120.48999786376953,120.69000244140625,119.25,119.45999908447266,6144600,-0.0030045118616964794
2013-11-29,120.66999816894531,121.05000305175781,120.62000274658203,120.69999694824219,2364700,0.010380025726374864
2013-12-02,119.19999694824219,119.29000091552734,117.5,117.58000183105469,10297100,-0.02584917312405066
2013-12-03,117.58000183105469,118.30999755859375,117.2300033569336,117.95999908447266,7004800,0.0032318187404347665
2013-12-04,118.33000183105469,120.76000213623047,118.16000366210938,119.95999908447266,9110700,0.016954900097682968
2013-12-05,118.19999694824219,119.23999786376953,117.41000366210938,118.30000305175781,10254700,-0.013837913015870562
2013-12-06,118.86000061035156,119.26000213623047,118.01000213623047,118.55000305175781,7909500,0.0021132712895250982
2013-12-09,118.98999786376953,119.91999816894531,118.94999694824219,119.72000122070312,5510400,0.009869237780065765
2013-12-10,122.13999938964844,122.31999969482422,121.47000122070312,121.81999969482422,9155600,0.01754091590969642
2013-12-11,121.48999786376953,121.80999755859375,120.76000213623047,120.86000061035156,9934900,-0.007880471900160724
2013-12-12,118.61000061035156,118.81999969482422,118.02999877929688,118.29000091552734,8810800,-0.02126427007980758
2013-12-13,118.88999938964844,119.48999786376953,118.76000213623047,119.37999725341797,6482100,0.009214610951512325
2013-12-16,119.26000213623047,120.7699966430664,118.97000122070312,119.69000244140625,8189500,0.002596793391862917
2013-12-17,118.95999908447266,119.9000015258789,118.37000274658203,118.6500015258789,8589100,-0.008689121015236556
2013-12-18,119.0,120.05000305175781,117.29000091552734,117.61000061035156,16265000,-0.00876528362539053
2013-12-19,115.97000122070312,116.05999755859375,114.5,114.81999969482422,15955400,-0.023722480240186083
2013-12-20,115.37000274658203,116.47000122070312,115.05999755859375,115.94000244140625,14693700,0.00975442213515798
2013-12-23,115.61000061035156,116.12000274658203,115.43000030517578,115.56999969482422,6237300,-0.0031913294703355133
2013-12-24,115.79000091552734,116.29000091552734,115.70999908447266,116.0999984741211,3353900,0.004585954665539571
2013-12-26,117.2300033569336,117.2300033569336,116.6500015258789,116.73999786376953,3868400,0.005512484048749489
2013-12-27,117.30999755859375,117.37999725341797,116.8499984741211,117.12000274658203,4206200,0.0032551386822530226
2013-12-30,116.37000274658203,116.4000015258789,115.18000030517578,115.38999938964844,6703200,-0.014771203179331227
2013-12-31,114.61000061035156,117.12999725341797,114.45999908447266,116.12000274658203,12835900,0.006326400561529777
2014-01-02,117.93000030517578,118.7300033569336,117.75,118.0,7551000,0.0161901240867246
2014-01-03,118.63999938964844,119.62000274658203,118.58999633789062,119.29000091552734,5874400,0.010932211148536819
2014-01-06,119.76000213623047,120.38999938964844,117.11000061035156,119.5,10106500,0.0017604081051298959
2014-01-07,118.45999908447266,118.91999816894531,118.12999725341797,118.81999969482422,6433700,-0.0056903791228098966
2014-01-08,117.98999786376953,118.5199966430664,117.5,118.12000274658203,7428500,-0.005891238428211154
2014-01-09,118.11000061035156,118.69000244140625,117.98999786376953,118.45999908447266,3972800,0.0028783976463331307
2014-01-10,119.72000122070312,120.43000030517578,119.58000183105469,120.26000213623047,7993200,0.015195028411862932
2014-01-13,120.2699966430664,121.04000091552734,120.19999694824219,121.0199966430664,5872700,0.0063195949886565295
2014-01-14,120.54000091552734,121.05999755859375,119.72000122070312,119.88999938964844,7505400,-0.009337277183627424
2014-01-15,119.19000244140625,119.80999755859375,119.11000061035156,119.66000366210938,5474300,-0.0019183895963796882
2014-01-16,119.83999633789062,119.95999908447266,119.56999969482422,119.79000091552734,3949500,0.0010863885127820883
2014-01-17,120.3499984741211,121.0199966430664,120.19999694824219,120.93000030517578,7923400,0.009516648976840125
2014-01-21,119.2300033569336,119.97000122070312,119.2300033569336,119.69999694824219,6763500,-0.0101712011397469
2014-01-22,119.6500015258789,119.7699966430664,119.16999816894531,119.19000244140625,4891800,-0.00426060584660215
2014-01-23,120.97000122070312,122.0199966430664,120.97000122070312,121.79000091552734,11028200,0.021813897314074238
2014-01-24,122.05999755859375,122.5,121.55000305175781,122.29000091552734,8515700,0.00410542734412811
2014-01-27,121.6500015258789,122.05999755859375,120.72000122070312,120.95999908447266,7528600,-0.010875801955168796
2014-01-28,121.31999969482422,121.4000015258789,120.41000366210938,120.94999694824219,5149500,-8.268961893331817e-05
2014-01-29,122.19000244140625,122.51000213623047,121.12999725341797,122.47000122070312,12257500,0.012567212160504493
2014-01-30,119.66999816894531,120.22000122070312,119.5999984741211,119.7699966430664,8746500,-0.02204625255756343
2014-01-31,120.6500015258789,120.86000061035156,119.45999908447266,120.08999633789062,7983100,0.002671785119756409
2014-02-03,120.47000122070312,122.11000061035156,120.31999969482422,121.31999969482422,9267300,0.010242346527122859
2014-02-04,120.41000366210938,121.08999633789062,120.38999938964844,120.98999786376953,7027400,-0.002720094229185621
2014-02-05,121.76000213623047,121.87999725341797,120.7300033569336,121.29000091552734,6800000,0.0024795690309509233
2014-02-06,121.37999725341797,121.51000213623047,120.77999877929688,121.23999786376953,4745800,-0.0004122602966475375
2014-02-07,121.23999786376953,122.23999786376953,121.2300033569336,122.16999816894531,6674700,0.007670738383060538
2014-02-10,122.80000305175781,123.16000366210938,122.72000122070312,122.91999816894531,7931200,0.0061389867499452855
2014-02-11,123.37999725341797,124.75,123.36000061035156,124.36000061035156,11546000,0.011714956580352931
2014-02-12,124.4000015258789,124.9800033569336,124.12999725341797,124.43000030517578,6651900,0.0005628794988796759
2014-02-13,124.69999694824219,125.5999984741211,124.66000366210938,125.48999786376953,9167900,0.008518826295861315
2014-02-14,126.98999786376953,127.37999725341797,126.75,127.1500015258789,11147900,0.01322817507664209
2014-02-18,127.41999816894531,127.75,127.08999633789062,127.4000015258789,7685800,0.0019661816515914587
2014-02-19,127.26000213623047,127.44999694824219,126.16000366210938,126.2699966430664,9384100,-0.00886973994723983
2014-02-20,126.75,127.75,126.4000015258789,127.5999984741211,10572900,0.010532999654813135
2014-02-21,127.56999969482422,128.07000732421875,127.1500015258789,127.58000183105469,7298200,-0.0001567135055292601
2014-02-24,128.50999450683594,129.07000732421875,128.33999633789062,128.99000549316406,12114200,0.011051917556613278
2014-02-25,128.6199951171875,129.52999877929688,128.57000732421875,129.2100067138672,5786000,0.001705567961347132
2014-02-26,128.49000549316406,128.75999450683594,127.41999816894531,128.11000061035156,7052900,-0.008513319761305871
2014-02-27,128.39999389648438,128.8000030517578,127.88999938964844,128.1999969482422,5066500,0.0007024926817724708
2014-02-28,128.27000427246094,128.35000610351562,127.1500015258789,127.62000274658203,10584100,-0.004524135846074251
2014-03-03,130.0,130.58999633789062,129.80999755859375,130.2899932861328,11741100,0.02092141108046075
2014-03-04,128.5399932861328,129.24000549316406,128.32000732421875,128.67999267578125,6341700,-0.012357054979777349
2014-03-05,128.7100067138672,129.33999633789062,128.5800018310547,128.88999938964844,4878500,0.0016320075055982208
2014-03-06,129.7100067138672,130.47000122070312,129.47000122070312,130.1699981689453,5408900,0.009930939447266862
2014-03-07,128.25,129.22999572753906,128.2100067138672,129.08999633789062,7575000,-0.008296856773808758
2014-03-10,128.8800048828125,129.61000061035156,128.77999877929688,129.1300048828125,4169900,0.0003099275393667611
2014-03-11,130.00999450683594,130.14999389648438,128.92999267578125,129.86000061035156,7289800,0.005653184387327759
2014-03-12,131.55999755859375,132.1199951171875,131.38999938964844,131.75999450683594,11094200,0.014631094159512248
2014-03-13,131.69000244140625,132.5399932861328,131.55999755859375,132.2100067138672,8007700,0.003415393334794903
2014-03-14,133.67999267578125,133.69000244140625,132.35000610351562,133.10000610351562,11939600,0.006731709737936908
2014-03-17,132.72999572753906,133.22000122070312,131.22000122070312,131.63999938964844,14626800,-0.010969246032428437
2014-03-18,130.38999938964844,131.27000427246094,130.3300018310547,130.6199951171875,6424400,-0.007748437231769989
2014-03-19,129.5500030517578,129.67999267578125,127.94000244140625,128.08999633789062,12932900,-0.019369153834579822
2014-03-20,127.77999877929688,128.41000366210938,127.58000183105469,127.86000061035156,7690800,-0.0017955791561766743
2014-03-21,129.0399932861328,129.08999633789062,128.41000366210938,128.47000122070312,7237300,0.0047708478604697735
2014-03-24,126.87000274658203,127.13999938964844,126.02999877929688,126.18000030517578,13076500,-0.01782518014920287
2014-03-25,126.44000244140625,126.81999969482422,126.23999786376953,126.41000366210938,6566900,0.001822819435546963
2014-03-26,126.2699966430664,126.37999725341797,125.12999725341797,125.41000366210938,8575400,-0.007910766324103369
2014-03-27,125.05999755859375,125.29000091552734,124.20999908447266,124.58999633789062,7312300,-0.006538611755630641
2014-03-28,124.2300033569336,124.95999908447266,123.87999725341797,124.55999755859375,7253700,-0.00024077999982852205
2014-03-31,124.5199966430664,124.79000091552734,123.56999969482422,123.61000061035156,12379200,-0.0076268221488628996
2014-04-01,123.70999908447266,123.8499984741211,123.11000061035156,123.38999938964844,5992000,-0.0017798011456744423
2014-04-02,124.41000366210938,124.75,124.19000244140625,124.31999969482422,4907800,0.007537080069503599
2014-04-03,123.75,124.26000213623047,123.58999633789062,123.91999816894531,3658800,-0.003217515499202128
2014-04-04,125.19999694824219,125.95999908447266,124.86000061035156,125.56999969482422,7278400,0.0133150544727203
2014-04-07,125.06999969482422,125.47000122070312,124.83999633789062,124.91000366210938,3967200,-0.00525600091039935
2014-04-08,126.33999633789062,126.33999633789062,125.9000015258789,126.08999633789062,6939100,0.009446742784294582
2014-04-09,125.45999908447266,126.72000122070312,125.33000183105469,126.31999969482422,5305600,0.0018241205774742753
2014-04-10,126.94999694824219,127.37000274658203,126.81999969482422,127.01000213623047,5003200,0.0054623372630875355
2014-04-11,127.04000091552734,127.30999755859375,126.7300033569336,126.93000030517578,4697200,-0.0006298860696725139
2014-04-14,127.80000305175781,128.25,127.62000274658203,127.8499984741211,6677400,0.0072480750550174555
2014-04-15,124.79000091552734,125.69999694824219,124.5999984741211,125.48999786376953,9967600,-0.01845913678934663
2014-04-16,125.37000274658203,125.56999969482422,125.02999877929688,125.54000091552734,4071300,0.0003984624480757315
2014-04-17,125.37999725341797,125.52999877929688,124.56999969482422,124.75,5901900,-0.006292822285853816
2014-04-21,124.06999969482422,124.33000183105469,123.76000213623047,124.23999786376953,6579200,-0.004088193476797342
2014-04-22,124.1500015258789,124.16000366210938,122.91999816894531,123.77999877929688,6898100,-0.003702503963152415
2014-04-23,123.69999694824219,123.94000244140625,123.37999725341797,123.76000213623047,3736600,-0.0001615498728680942
2014-04-24,122.87000274658203,125.12000274658203,122.83999633789062,124.55999755859375,8754200,0.006464087011591069
2014-04-25,125.16999816894531,125.70999908447266,125.06999969482422,125.43000030517578,7023700,0.0069846079289843654
2014-04-28,125.30000305175781,125.33999633789062,124.44999694824219,124.87999725341797,4897900,-0.004384940209038013
2014-04-29,124.94999694824219,125.37999725341797,124.6500015258789,124.86000061035156,5241600,-0.00016012686984467894
2014-04-30,124.19000244140625,125.05000305175781,123.81999969482422,124.22000122070312,10352900,-0.005125735916385876
2014-05-01,123.16999816894531,123.83000183105469,123.05999755859375,123.80000305175781,6687300,-0.003381083278200081
2014-05-02,123.69000244140625,125.66999816894531,123.33000183105469,125.05999755859375,9912900,0.01017766135521958
2014-05-05,126.47000122070312,126.62999725341797,126.0,126.22000122070312,5196500,0.009275577200982044
2014-05-06,126.0199966430664,126.11000061035156,125.62999725341797,125.9800033569336,3488000,-0.001901424983746236
2014-05-07,125.5199966430664,125.56999969482422,123.91999816894531,124.16999816894531,8469900,-0.014367400696601584
2014-05-08,124.19000244140625,124.47000122070312,123.88999938964844,124.16999816894531,3695500,0.0
2014-05-09,124.38999938964844,124.47000122070312,123.81999969482422,124.0999984741211,3120000,-0.0005637408058022375
2014-05-12,125.4000015258789,125.41999816894531,124.69000244140625,124.94000244140625,4025500,0.006768766942896631
2014-05-13,124.79000091552734,125.0999984741211,124.5,124.5999984741211,2643500,-0.002721337927335199
2014-05-14,125.80000305175781,125.95999908447266,125.44000244140625,125.80999755859375,4015900,0.009711068212604923
2014-05-15,124.7699966430664,125.51000213623047,124.54000091552734,124.7699966430664,5861100,-0.008266440948327514
2014-05-16,124.3499984741211,124.7699966430664,124.29000091552734,124.5,4052100,-0.0021639548796237307
2014-05-19,125.27999877929688,125.47000122070312,124.4800033569336,124.58000183105469,3902600,0.0006425849883910928
2014-05-20,124.12000274658203,124.91000366210938,124.08999633789062,124.69000244140625,3770800,0.0008829716546379096
2014-05-21,124.25,124.55000305175781,123.52999877929688,124.38999938964844,6846500,-0.0024059912253092675
2014-05-22,125.13999938964844,125.23999786376953,124.54000091552734,124.66999816894531,3458800,0.0022509750033825604
2014-05-23,124.5999984741211,124.66000366210938,124.19000244140625,124.51000213623047,2205900,-0.0012833563412588678
2014-05-27,122.9800033569336,123.06999969482422,121.75,121.8499984741211,10895800,-0.02136377492949504
2014-05-28,121.47000122070312,121.69999694824219,120.91999816894531,121.19999694824219,6736800,-0.005334440164288967
2014-05-29,120.77999877929688,121.45999908447266,120.7699966430664,120.94000244140625,5551900,-0.0021451692523306587
2014-05-30,120.76000213623047,120.80999755859375,119.62000274658203,120.43000030517578,8749600,-0.004216984669547674
2014-06-02,119.93000030517578,120.45999908447266,119.61000061035156,119.69999694824219,5916100,-0.006061640414213421
2014-06-03,119.7300033569336,120.08999633789062,119.41999816894531,120.01000213623047,5008300,0.002589851260583753
2014-06-04,120.0999984741211,120.16000366210938,119.68000030517578,119.76000213623047,3859500,-0.002083159699607484
2014-06-05,120.55000305175781,120.87999725341797,120.43000030517578,120.66000366210938,4180400,0.007515042667209704
2014-06-06,120.68000030517578,120.7699966430664,119.94000244140625,120.61000061035156,4807700,-0.00041441281485321557
2014-06-09,120.79000091552734,120.8499984741211,120.56999969482422,120.6500015258789,2788000,0.0003316550478809077
2014-06-10,121.29000091552734,121.47000122070312,121.20999908447266,121.38999938964844,3556600,0.006133426062251646
2014-06-11,121.51000213623047,121.61000061035156,121.18000030517578,121.41000366210938,3572300,0.00016479341429698202
2014-06-12,121.91999816894531,122.75,121.83000183105469,122.63999938964844,7388500,0.010130925709896266
2014-06-13,122.56999969482422,123.04000091552734,122.51000213623047,122.95999908447266,4026600,0.0026092604078342685
2014-06-16,122.87999725341797,123.01000213623047,122.30000305175781,122.41999816894531,5832800,-0.00439167956691644
2014-06-17,121.8499984741211,122.5,121.81999969482422,122.27999877929688,4032800,-0.001143599017664032
2014-06-18,122.22000122070312,122.80000305175781,122.08999633789062,122.66999816894531,4601700,0.0031893964143092646
2014-06-19,124.33000183105469,127.2300033569336,124.31999969482422,126.94000244140625,24374800,0.034808872064872265
2014-06-20,126.31999969482422,127.06999969482422,126.20999908447266,126.5,9954700,-0.0034662236721584305
2014-06-23,126.6500015258789,126.94000244140625,126.37000274658203,126.8499984741211,5142800,0.0027667863566884776
2014-06-24,127.22000122070312,127.31999969482422,126.7300033569336,126.9800033569336,6350200,0.0010248709844409287
2014-06-25,126.77999877929688,127.55000305175781,126.66000366210938,126.98999786376953,6692300,7.870929730446896e-05
2014-06-26,126.52999877929688,126.91999816894531,126.19999694824219,126.7300033569336,5529800,-0.002047362085279003
2014-06-27,126.87999725341797,127.16999816894531,126.6500015258789,126.66000366210938,4200300,-0.0005523529785370629
2014-06-30,126.52999877929688,128.0399932861328,126.37000274658203,128.0399932861328,18123400,0.010895228044559557
2014-07-01,127.98999786376953,128.1199951171875,127.48999786376953,127.69999694824219,8145900,-0.0026553917191390886
2014-07-02,127.76000213623047,128.24000549316406,127.63999938964844,127.69999694824219,5738900,0.0
2014-07-03,126.79000091552734,127.29000091552734,126.61000061035156,127.16000366210938,4922500,-0.0042286084497846765
2014-07-07,126.62999725341797,127.02999877929688,126.2300033569336,127.0199966430664,4630200,-0.001101030316222662
2014-07-08,127.29000091552734,127.52999877929688,126.43000030517578,127.06999969482422,6216600,0.0003936628332492642
2014-07-09,127.54000091552734,128.25999450683594,127.18000030517578,127.83999633789062,8362700,0.0060596257567928635
2014-07-10,129.11000061035156,129.2100067138672,128.49000549316406,128.5399932861328,6313300,0.005475570778272321
2014-07-11,128.41000366210938,128.8300018310547,128.3800048828125,128.77999877929688,4322100,0.0018671659071103353
2014-07-14,125.5,126.0999984741211,125.44999694824219,125.72000122070312,11465500,-0.02376143490914273
2014-07-15,125.88999938964844,126.31999969482422,124.36000061035156,124.52999877929688,10541700,-0.009465498169358044
2014-07-16,125.0199966430664,125.47000122070312,124.77999877929688,124.97000122070312,4099800,0.0035333047917720517
2014-07-17,125.5199966430664,127.55000305175781,125.11000061035156,127.08999633789062,11423900,0.016964032139549223
2014-07-18,125.79000091552734,126.20999908447266,125.66999816894531,126.12999725341797,6460900,-0.007553695114762116
2014-07-21,126.52999877929688,126.55000305175781,126.11000061035156,126.33999633789062,3296300,0.0016649416399394656
2014-07-22,126.33000183105469,126.43000030517578,125.47000122070312,125.73999786376953,3882000,-0.004749077817894021
2014-07-23,125.72000122070312,126.04000091552734,125.4000015258789,125.62000274658203,3041400,-0.0009543114301425737
2014-07-24,124.8499984741211,124.87000274658203,123.9000015258789,124.3499984741211,8111600,-0.010109888908559905
2014-07-25,124.4800033569336,125.93000030517578,124.43000030517578,125.79000091552734,5638800,0.011580236904513708
2014-07-28,125.44000244140625,125.66999816894531,125.30000305175781,125.58000183105469,3212900,-0.0016694417914320248
2014-07-29,125.79000091552734,125.87999725341797,124.72000122070312,125.19999694824219,5267700,-0.003025998385664419
2014-07-30,124.88999938964844,124.93000030517578,124.41000366210938,124.83000183105469,5614800,-0.0029552326374293614
2014-07-31,123.8499984741211,124.06999969482422,123.2300033569336,123.38999938964844,9896500,-0.011535707925047989
2014-08-01,124.54000091552734,124.80999755859375,124.2300033569336,124.37999725341797,7397000,0.008023323354133804
2014-08-04,124.36000061035156,124.47000122070312,123.7300033569336,123.98999786376953,6499400,-0.003135547501692204
2014-08-05,123.73999786376953,124.5199966430664,123.4000015258789,123.87000274658203,8342500,-0.0009677806214606344
2014-08-06,125.70999908447266,126.0,125.5199966430664,125.66999816894531,9327800,0.014531326248904408
2014-08-07,125.47000122070312,126.51000213623047,125.37000274658203,126.18000030517578,7298900,0.0040582648496965135
2014-08-08,126.08000183105469,126.41000366210938,125.88999938964844,126.19000244140625,5728200,7.92687922512858e-05
2014-08-11,125.83999633789062,126.04000091552734,125.63999938964844,125.95999908447266,3163500,-0.0018226749543046594
2014-08-12,126.41999816894531,126.80999755859375,125.87000274658203,125.98999786376953,4609700,0.00023816115842256735
2014-08-13,126.3499984741211,126.52999877929688,125.9000015258789,126.19999694824219,3967500,0.0016667917138923904
2014-08-14,126.23999786376953,126.52999877929688,126.12999725341797,126.30999755859375,3348500,0.0008716371870964856
2014-08-15,124.5199966430664,126.06999969482422,124.41000366210938,125.4800033569336,13070500,-0.006571088731714414
2014-08-18,124.77999877929688,125.08000183105469,124.6500015258789,124.95999908447266,4952500,-0.004144120645117932
2014-08-19,125.0,125.0,124.4800033569336,124.68000030517578,4878400,-0.002240707277115117
2014-08-20,124.81999969482422,124.81999969482422,123.87999725341797,124.22000122070312,4395600,-0.003689437627099168
2014-08-21,122.72000122070312,123.23999786376953,122.44999694824219,122.87999725341797,8008800,-0.010787344663637177
2014-08-22,123.08999633789062,123.33000183105469,122.56999969482422,123.19000244140625,4739200,0.002522828734679683
2014-08-25,122.91999816894531,123.04000091552734,122.72000122070312,122.73999786376953,5012400,-0.003652930990489689
2014-08-26,123.91999816894531,123.97000122070312,123.27999877929688,123.3499984741211,3882300,0.004969860037219664
2014-08-27,123.5999984741211,123.70999908447266,123.25,123.31999969482422,2576800,-0.00024320048372894476
2014-08-28,124.1500015258789,124.33000183105469,123.80999755859375,124.0,3296700,0.0055141121217852085
2014-08-29,123.75,124.22000122070312,123.62000274658203,123.86000061035156,3683500,-0.0011290273358744995
2014-09-02,121.97000122070312,122.08000183105469,121.43000030517578,121.6500015258789,10128600,-0.01784271817844607
2014-09-03,121.69999694824219,122.19999694824219,121.66000366210938,122.1500015258789,3414600,0.004110152024072278
2014-09-04,122.4800033569336,122.66000366210938,121.25,121.4800033569336,7310600,-0.005485044294521457
2014-09-05,121.83000183105469,122.05999755859375,121.62999725341797,122.05999755859375,3490100,0.004774400606131213
2014-09-08,121.58000183105469,121.61000061035156,120.37000274658203,120.7300033569336,7506500,-0.010896233231708075
2014-09-09,120.56999969482422,120.94000244140625,120.0,120.87000274658203,6157300,0.0011596072704027627
2014-09-10,120.12999725341797,120.54000091552734,119.63999938964844,120.26000213623047,7021500,-0.0050467493711445766
2014-09-11,119.61000061035156,119.69999694824219,118.7699966430664,119.47000122070312,7612000,-0.006569107778930827
2014-09-12,118.62999725341797,118.9000015258789,118.06999969482422,118.37999725341797,8126500,-0.009123662477173111
2014-09-15,118.79000091552734,118.86000061035156,118.45999908447266,118.63999938964844,4775400,0.002196335041923403
2014-09-16,118.8499984741211,119.43000030517578,118.44000244140625,118.83000183105469,6544500,0.0016015040659451696
2014-09-17,118.94999694824219,119.23999786376953,117.5,117.54000091552734,8328700,-0.010855852020951628
2014-09-18,117.41000366210938,118.08999633789062,117.19000244140625,117.77999877929688,5368700,0.002041839900460918
2014-09-19,117.51000213623047,117.56999969482422,116.72000122070312,117.08999633789062,10930200,-0.00585840081981337
2014-09-22,116.72000122070312,117.37000274658203,116.58000183105469,116.8499984741211,7601600,-0.002049687174615289
2014-09-23,117.98999786376953,117.98999786376953,117.30999755859375,117.5999984741211,4664800,0.006418485321299405
2014-09-24,117.12000274658203,117.72000122070312,116.9000015258789,117.05000305175781,5515000,-0.004676831883499655
2014-09-25,116.30000305175781,117.76000213623047,116.19999694824219,117.38999938964844,7631700,0.0029047102009922554
2014-09-26,117.0199966430664,117.0999984741211,116.58000183105469,117.05999755859375,4185200,-0.0028111579586888036
2014-09-29,117.2699966430664,117.4000015258789,116.9000015258789,117.02999877929688,4049500,-0.0002562684087009659
2014-09-30,116.54000091552734,117.3499984741211,115.8499984741211,116.20999908447266,10170100,-0.007006747871292629
2014-10-01,116.61000061035156,117.26000213623047,116.58999633789062,116.7699966430664,7018800,0.004818841433659182
2014-10-02,116.86000061035156,117.20999908447266,116.33000183105469,116.73999786376953,6349900,-0.00025690485706331145
2014-10-03,115.16999816894531,115.51000213623047,114.41999816894531,114.61000061035156,11301300,-0.018245650954213488
2014-10-06,115.16000366210938,116.30999755859375,114.94000244140625,116.02999877929688,7644100,0.012389827775788786
2014-10-07,116.30999755859375,116.62999725341797,116.08999633789062,116.36000061035156,5274700,0.0028441078559553468
2014-10-08,117.02999877929688,117.70999908447266,115.8499984741211,117.47000122070312,10670900,0.009539365800353972
2014-10-09,117.86000061035156,118.26000213623047,117.48999786376953,117.63999938964844,6610500,0.0014471624004321892
2014-10-10,117.69999694824219,117.73999786376953,117.19000244140625,117.58999633789062,4651400,-0.0004250514452333043
2014-10-13,118.13999938964844,118.66999816894531,117.93000030517578,118.5199966430664,5396300,0.007908838626913939
2014-10-14,118.58000183105469,118.81999969482422,118.3499984741211,118.58999633789062,5174800,0.0005906150591197257
2014-10-15,119.2300033569336,120.18000030517578,118.58999633789062,118.98999786376953,9453800,0.0033729786510761084
2014-10-16,119.0199966430664,119.6500015258789,118.87999725341797,119.22000122070312,6545400,0.001932963787401043
2014-10-17,119.05999755859375,119.2300033569336,118.41999816894531,118.98999786376953,8059000,-0.001929234646691591
2014-10-20,119.68000030517578,119.86000061035156,119.54000091552734,119.80000305175781,3033700,0.006807338453066025
2014-10-21,120.2699966430664,120.5,119.91000366210938,120.0199966430664,4566100,0.0018363404482848456
2014-10-22,119.69000244140625,119.79000091552734,119.25,119.33999633789062,3740200,-0.005665725080780226
2014-10-23,118.70999908447266,118.81999969482422,117.87999725341797,118.5199966430664,6417500,-0.006871122171836941
2014-10-24,118.62000274658203,118.62999725341797,118.12000274658203,118.3499984741211,3610600,-0.0014343416618317617
2014-10-27,118.18000030517578,118.37000274658203,118.01000213623047,118.05999755859375,2443600,-0.0024503668717051896
2014-10-28,118.4800033569336,118.4800033569336,118.01000213623047,118.0999984741211,3260100,0.00033881853595230105
2014-10-29,117.6500015258789,117.91000366210938,116.13999938964844,116.41000366210938,7900800,-0.0143098631147065
2014-10-30,115.80000305175781,115.83000183105469,114.94000244140625,115.19000244140625,7852200,-0.010480209452138567
2014-10-31,111.83000183105469,112.87999725341797,111.66000366210938,112.66000366210938,18208200,-0.021963701064975805
2014-11-03,112.38999938964844,112.68000030517578,112.0,112.1500015258789,6589800,-0.004526913897145546
2014-11-04,112.12000274658203,112.70999908447266,112.08000183105469,112.22000122070312,6430100,0.0006241613363515697
2014-11-05,109.91999816894531,110.83999633789062,109.66999816894531,109.79000091552734,13560100,-0.021653896620413504
2014-11-06,109.91999816894531,110.48999786376953,109.75,109.87999725341797,7019900,0.0008197134269072315
2014-11-07,110.77999877929688,113.1500015258789,110.7300033569336,112.97000122070312,10916500,0.02812162399457141
2014-11-10,112.23999786376953,112.23999786376953,110.27999877929688,110.45999908447266,8548500,-0.02221830671070646
2014-11-11,111.08000183105469,112.76000213623047,110.87000274658203,112.04000091552734,8603200,0.014303837082656479
2014-11-12,112.05000305175781,112.16999816894531,111.2300033569336,111.5,5133300,-0.004819715379460576
2014-11-13,111.88999938964844,112.26000213623047,111.22000122070312,111.66999816894531,4874600,0.0015246472551149193
2014-11-14,110.76000213623047,114.72000122070312,110.6500015258789,114.47000122070312,14173600,0.025073906131185764
2014-11-17,113.97000122070312,114.2699966430664,113.55999755859375,114.05000305175781,5441000,-0.0036690675676288587
2014-11-18,114.86000061035156,115.16999816894531,114.55000305175781,115.05000305175781,5586700,0.008768083938990978
2014-11-19,114.93000030517578,115.3499984741211,112.87999725341797,113.68000030517578,11997700,-0.011907889702234109
2014-11-20,114.56999969482422,115.0199966430664,114.08999633789062,114.86000061035156,5607800,0.010380016731246
2014-11-21,115.58000183105469,115.95999908447266,114.47000122070312,115.38999938964844,6564300,0.0046143024245213216
2014-11-24,115.1500015258789,115.37000274658203,114.79000091552734,115.11000061035156,4695000,-0.0024265428614084206
2014-11-25,115.0999984741211,115.47000122070312,114.9000015258789,115.37999725341797,9051800,0.002345553311048576
2014-11-26,115.25,115.33999633789062,114.9800033569336,115.16000366210938,3184000,-0.0019066874375581744
2014-11-28,113.52999877929688,113.83000183105469,111.94999694824219,112.11000061035156,9616300,-0.02648491624493876
2014-12-01,113.80000305175781,117.36000061035156,113.73999786376953,116.58000183105469,15644000,0.03987156539441128
2014-12-02,115.12999725341797,115.70999908447266,114.72000122070312,115.13999938964844,6378100,-0.012352053686644049
2014-12-03,115.68000030517578,116.76000213623047,115.55999755859375,116.33000183105469,5758800,0.010335265309313835
2014-12-04,116.01000213623047,116.33999633789062,115.61000061035156,115.87999725341797,3623600,-0.003868344971663107
2014-12-05,115.16000366210938,115.18000030517578,114.23999786376953,114.43000030517578,6331000,-0.012512918386347494
2014-12-08,114.97000122070312,116.16000366210938,114.45999908447266,115.77999877929688,5224500,0.011797592156958414
2014-12-09,117.04000091552734,118.98999786376953,116.9800033569336,118.19000244140625,10467200,0.020815371286221795
2014-12-10,118.1500015258789,118.47000122070312,117.80999755859375,117.95999908447266,4277400,-0.00194604748441074
2014-12-11,116.9800033569336,118.37999725341797,116.81999969482422,117.69000244140625,5214500,-0.0022888830549503414
2014-12-12,117.38999938964844,117.80000305175781,116.68000030517578,117.41000366210938,4736500,-0.002379121195415723
2014-12-15,116.22000122070312,116.97000122070312,114.36000061035156,114.38999938964844,8796000,-0.025721865073372374
2014-12-16,116.27999877929688,116.5,114.06999969482422,114.94999694824219,9174000,0.004895511509587669
2014-12-17,115.0999984741211,115.4800033569336,113.58000183105469,114.2699966430664,9097300,-0.005915618296901348
2014-12-18,115.58999633789062,115.80999755859375,114.58000183105469,115.1500015258789,5258100,0.007701101852319869
2014-12-19,115.05999755859375,115.22000122070312,114.7699966430664,114.7699966430664,4652300,-0.003300085781823392
2014-12-22,114.80999755859375,114.97000122070312,112.41000366210938,112.55000305175781,7483200,-0.019342978620211615
2014-12-23,112.87999725341797,113.31999969482422,112.61000061035156,112.73999786376953,7763300,0.0016880924643276618
2014-12-24,112.83000183105469,112.91999816894531,112.66000366210938,112.7699966430664,1501600,0.00026608816627016196
2014-12-26,114.81999969482422,114.9800033569336,114.52999877929688,114.83000183105469,3765600,0.018267316212737805
2014-12-29,114.61000061035156,114.63999938964844,113.2300033569336,113.66999816894531,12963700,-0.010101921480555665
2014-12-30,114.98999786376953,116.26000213623047,114.9000015258789,115.19999694824219,7987300,0.013460005313124634
2014-12-31,114.88999938964844,115.0,113.27999877929688,113.58000183105469,7624200,-0.014062457987002785
2015-01-02,112.48999786376953,114.80000305175781,112.31999969482422,114.08000183105469,7109600,0.004402183412038685
2015-01-05,114.77999877929688,116.0,114.7300033569336,115.80000305175781,8177400,0.015077149308345472
2015-01-06,116.22000122070312,117.5,115.80000305175781,117.12000274658203,11238300,0.011398960794795743
2015-01-07,116.47000122070312,116.87999725341797,116.16999816894531,116.43000030517578,6434200,-0.005891414149803653
2015-01-08,116.44999694824219,116.87000274658203,115.8499984741211,115.94000244140625,7033700,-0.00420851895976293
2015-01-09,116.51000213623047,117.33999633789062,116.5,117.26000213623047,7962900,0.011385196369055883
2015-01-12,117.45999908447266,118.70999908447266,117.31999969482422,118.55999755859375,8318200,0.011086435260788896
2015-01-13,118.95999908447266,119.19000244140625,117.87000274658203,118.16000366210938,7693200,-0.003373767752371082
2015-01-14,119.08000183105469,119.31999969482422,117.9000015258789,117.97000122070312,7727400,-0.0016080097792615655
2015-01-15,120.41000366210938,121.69999694824219,120.33999633789062,120.94000244140625,17692500,0.025175902263040006
2015-01-16,121.7300033569336,123.1500015258789,121.70999908447266,122.5199966430664,14428200,0.013064281211881523
2015-01-20,123.62999725341797,124.5999984741211,123.48999786376953,124.19999694824219,14968600,0.013712049879254229
2015-01-21,125.18000030517578,125.33999633789062,123.37000274658203,124.2300033569336,11082700,0.00024159749942587183
2015-01-22,125.06999969482422,125.58000183105469,124.1500015258789,125.2300033569336,10518400,0.008049585228834255
2015-01-23,124.43000030517578,124.5,123.3499984741211,124.2300033569336,6270900,-0.007985306821000182
2015-01-26,123.33000183105469,123.33999633789062,122.5199966430664,122.98999786376953,6768600,-0.00998152990144674
2015-01-27,123.55999755859375,124.63999938964844,123.51000213623047,124.4000015258789,9584800,0.011464376669647391
2015-01-28,123.5199966430664,123.88999938964844,122.94000244140625,123.41999816894531,8470600,-0.00787784039319106
2015-01-29,121.98999786376953,122.29000091552734,120.26000213623047,120.76000213623047,11998000,-0.021552390797103027
2015-01-30,121.30000305175781,123.55000305175781,120.91999816894531,123.44999694824219,14555900,0.022275544587827323
2015-02-02,121.83999633789062,123.16000366210938,121.81999969482422,122.41999816894531,8885200,-0.008343449208254805
2015-02-03,121.73999786376953,121.76000213623047,120.55999755859375,121.05000305175781,8255900,-0.011190942147351168
2015-02-04,121.62999725341797,122.22000122070312,120.91999816894531,121.58000183105469,5386700,0.0043783458565487265
2015-02-05,120.9800033569336,121.83000183105469,120.61000061035156,121.79000091552734,6879900,0.0017272502164005221
2015-02-06,119.1500015258789,119.5199966430664,117.94999694824219,118.63999938964844,13206900,-0.025864204796777424
2015-02-09,118.83000183105469,119.4000015258789,118.7699966430664,119.16999816894531,5237200,0.004467285755423989
2015-02-10,118.62999725341797,119.05999755859375,118.20999908447266,118.47000122070312,4086300,-0.005873936049321848
2015-02-11,118.48999786376953,118.56999969482422,117.0,117.06999969482422,6784400,-0.011817350480741395
2015-02-12,117.68000030517578,117.81999969482422,117.08999633789062,117.33999633789062,4344400,0.0023062837940568404
2015-02-13,118.05000305175781,118.58000183105469,117.79000091552734,117.9800033569336,4108900,0.005454295543013465
2015-02-17,116.4000015258789,116.54000091552734,115.58000183105469,116.01000213623047,7225200,-0.01669775525216033
2015-02-18,115.98999786376953,116.52999877929688,114.98999786376953,116.33999633789062,8336000,0.002844532329830063
2015-02-19,116.4000015258789,116.54000091552734,115.73999786376953,115.94000244140625,6528700,-0.0034381460295276334
2015-02-20,116.0999984741211,116.45999908447266,115.05000305175781,115.27999877929688,6681700,-0.005692631086866906
2015-02-23,115.11000061035156,116.22000122070312,115.06999969482422,115.43000030517578,4812400,0.0013011929863573357
2015-02-24,115.0,115.55000305175781,114.29000091552734,115.26000213623047,7612900,-0.0014727381832787545
2015-02-25,115.83000183105469,115.88999938964844,115.33000183105469,115.69999694824219,5032500,0.0038174111040851777
2015-02-26,116.54000091552734,116.55000305175781,115.83000183105469,116.06999969482422,4025400,0.0031979494930112207
2015-02-27,116.73999786376953,117.06999969482422,116.16000366210938,116.16000366210938,8255600,0.0007754283408443197
2015-03-02,116.5,116.63999938964844,115.62000274658203,115.68000030517578,7993300,-0.004132260173905
2015-03-03,116.04000091552734,116.61000061035156,115.3499984741211,115.47000122070312,4738300,-0.0018153447779967191
2015-03-04,115.69999694824219,115.79000091552734,115.0199966430664,115.11000061035156,4762400,-0.0031176981600916642
2015-03-05,115.43000030517578,116.12000274658203,114.83999633789062,115.0,5872200,-0.0009556129768769628
2015-03-06,113.16999816894531,113.26000213623047,111.69999694824219,111.86000061035156,11190800,-0.02730434251868208
2015-03-09,112.41999816894531,112.62000274658203,111.94999694824219,111.97000122070312,5534000,0.000983377523255502
2015-03-10,112.08999633789062,112.3499984741211,111.22000122070312,111.41999816894531,7019800,-0.004912057209624399
2015-03-11,111.2300033569336,111.25,110.16000366210938,110.75,6550400,-0.006013266738071565
2015-03-12,111.1500015258789,111.19999694824219,110.25,110.72000122070312,6631500,-0.0002708693390236494
2015-03-13,111.0999984741211,111.27999877929688,110.51000213623047,110.87999725341797,4557600,0.001445050857576513
2015-03-16,111.08999633789062,111.20999908447266,110.41999816894531,110.80999755859375,3265300,-0.0006313103946443688
2015-03-17,109.91999816894531,111.3499984741211,109.7699966430664,110.20999908447266,8923300,-0.005414660114975933
2015-03-18,110.33000183105469,112.87000274658203,110.08999633789062,112.37000274658203,12448000,0.019598980855210835
2015-03-19,111.8499984741211,112.58000183105469,111.58000183105469,112.29000091552734,6537700,-0.0007119500676271429
2015-03-20,112.70999908447266,114.0,112.66999816894531,113.56999969482422,8033400,0.011399045051747603
2015-03-23,113.69999694824219,114.37000274658203,113.48999786376953,114.29000091552734,4240300,0.006339713151693793
2015-03-24,114.3499984741211,114.6500015258789,113.81999969482422,114.56999969482422,2979300,0.002449897428068226
2015-03-25,115.11000061035156,115.13999938964844,114.6500015258789,114.7300033569336,3021400,0.001396558108890389
2015-03-26,115.7300033569336,115.83999633789062,115.33999633789062,115.4800033569336,5495200,0.00653708688272836
2015-03-27,115.13999938964844,115.36000061035156,114.44999694824219,115.05999755859375,4921700,-0.0036370435238182175
2015-03-30,113.9000015258789,114.01000213623047,113.54000091552734,113.75,4383900,-0.01138534318086215
2015-03-31,113.83999633789062,114.27999877929688,113.41000366210938,113.66000366210938,4383300,-0.0007911765968406925
2015-04-01,114.55999755859375,115.98999786376953,114.54000091552734,115.5999984741211,7324000,0.017068403567705115
2015-04-02,115.47000122070312,115.72000122070312,114.68000030517578,115.27999877929688,3884100,-0.0027681634865752702
2015-04-06,117.31999969482422,117.47000122070312,116.5199966430664,116.69000244140625,5914200,0.012231121417765056
2015-04-07,116.2699966430664,116.51000213623047,115.94000244140625,116.11000061035156,2468500,-0.004970450072155241
2015-04-08,115.9800033569336,116.02999877929688,114.9000015258789,115.47000122070312,5568500,-0.00551200918339656
2015-04-09,114.80000305175781,114.8499984741211,114.4800033569336,114.66999816894531,4707000,-0.006928232816320268
2015-04-10,116.0,116.19000244140625,115.5,115.97000122070312,3932400,0.011336906536289382
2015-04-13,115.3499984741211,115.38999938964844,114.80000305175781,115.13999938964844,3190100,-0.007157039081814864
2015-04-14,114.69000244140625,115.06999969482422,114.38999938964844,114.44000244140625,3651500,-0.006079528851422933
2015-04-15,114.80000305175781,115.5999984741211,114.47000122070312,115.43000030517578,3656000,0.008650802539753588
2015-04-16,115.55000305175781,115.66000366210938,114.63999938964844,115.02999877929688,3132300,-0.0034653168571547877
2015-04-17,115.37999725341797,115.79000091552734,115.2300033569336,115.5999984741211,3496300,0.004955226470251928
2015-04-20,114.81999969482422,114.94999694824219,114.31999969482422,114.72000122070312,3932800,-0.007612433088526105
2015-04-21,114.72000122070312,115.55999755859375,114.6500015258789,115.37999725341797,3317700,0.005753103431764384
2015-04-22,114.83000183105469,114.95999908447266,113.7699966430664,113.83000183105469,5696000,-0.013433831333510171
2015-04-23,113.9000015258789,114.95999908447266,113.80999755859375,114.66000366210938,3459500,0.007291591124513719
2015-04-24,113.95999908447266,114.06999969482422,112.7699966430664,113.05000305175781,7152900,-0.01404151891618688
2015-04-27,113.87000274658203,115.81999969482422,113.66999816894531,115.33000183105469,7487600,0.02016805588455428
2015-04-28,115.36000061035156,116.62000274658203,115.33999633789062,116.33000183105469,8054400,0.008670770693864016
2015-04-29,116.05999755859375,116.38999938964844,115.27999877929688,115.51000213623047,7170500,-0.007048909841977813
2015-04-30,113.87999725341797,113.87999725341797,112.95999908447266,113.47000122070312,9440300,-0.017660816187341055
2015-05-01,112.41999816894531,113.30999755859375,112.27999877929688,113.08000183105469,7597000,-0.0034370263986326366
2015-05-04,114.18000030517578,114.44000244140625,113.87999725341797,114.0999984741211,3648100,0.009020132884241638
2015-05-05,114.88999938964844,115.11000061035156,114.38999938964844,114.41999816894531,3856500,0.0028045547686559313
2015-05-06,114.58999633789062,114.75,114.0199966430664,114.36000061035156,3280700,-0.0005243625201353241
2015-05-07,113.83999633789062,114.01000213623047,113.31999969482422,113.41999816894531,5455100,-0.00821967852736405
2015-05-08,114.33999633789062,114.43000030517578,113.58999633789062,113.97000122070312,9964100,0.004849259924502469
2015-05-11,114.08999633789062,114.30999755859375,113.08000183105469,113.52999877929688,2916700,-0.0038606864674344266
2015-05-12,114.0999984741211,114.66999816894531,114.05999755859375,114.5,3256700,0.00854400802548061
2015-05-13,115.73999786376953,116.93000030517578,115.68000030517578,116.55000305175781,11768200,0.01790395678391099
2015-05-14,117.27999877929688,117.75,117.02999877929688,117.18000030517578,6923000,0.005405381698172951
2015-05-15,116.80000305175781,117.62999725341797,116.68000030517578,117.52999877929688,4447300,0.002986844796122101
2015-05-18,117.77999877929688,117.87999725341797,117.2699966430664,117.5199966430664,5079900,-8.510283616403047e-05
2015-05-19,116.55000305175781,116.7300033569336,115.6500015258789,115.88999938964844,5052100,-0.013869956602948319
2015-05-20,116.02999877929688,116.37999725341797,115.76000213623047,116.08000183105469,4432600,0.0016395067944336983
2015-05-21,115.52999877929688,116.0,115.47000122070312,115.69000244140625,2514700,-0.003359746584222556
2015-05-22,115.51000213623047,115.93000030517578,115.31999969482422,115.5999984741211,1780200,-0.0007779753253159827
2015-05-26,113.83999633789062,114.2300033569336,113.69999694824219,113.91000366210938,5769600,-0.014619332476808355
2015-05-27,113.77999877929688,114.01000213623047,113.62999725341797,113.88999938964844,2681100,-0.00017561471177085508
2015-05-28,113.8499984741211,114.16000366210938,113.20999908447266,114.0199966430664,5266000,0.0011414281685366845
2015-05-29,114.13999938964844,114.4800033569336,114.0,114.0999984741211,3407500,0.0007016473724792416
2015-06-01,115.0199966430664,115.5,113.9000015258789,114.0,8254000,-0.0008764108278561666
2015-06-02,114.36000061035156,114.6500015258789,114.16999816894531,114.45999908447266,3988600,0.004035079688356591
2015-06-03,114.12999725341797,114.37000274658203,113.08000183105469,113.63999938964844,4885200,-0.007164072177032299
2015-06-04,112.9800033569336,113.1500015258789,112.4800033569336,112.83999633789062,5566600,-0.007039801619628361
2015-06-05,111.5999984741211,112.38999938964844,111.56999969482422,112.23999786376953,5561300,-0.005317250031845466
2015-06-08,112.38999938964844,112.66000366210938,112.12999725341797,112.56999969482422,3122100,0.002940144666210953
2015-06-09,113.1500015258789,113.2300033569336,112.70999908447266,112.81999969482422,3529900,0.002220840372015198
2015-06-10,114.13999938964844,114.13999938964844,113.69000244140625,113.77999877929688,5452900,0.008509121495031247
2015-06-11,113.2699966430664,113.41000366210938,112.91999816894531,113.26000213623047,4434700,-0.004570193783136389
2015-06-12,113.05999755859375,113.5,112.95999908447266,113.2300033569336,2998500,-0.0002648664906503839
2015-06-15,113.27999877929688,114.1500015258789,113.20999908447266,113.7300033569336,5055100,0.004415790737229308
2015-06-16,113.08000183105469,113.44999694824219,112.79000091552734,113.31999969482422,4033300,-0.003605061549348698
2015-06-17,113.06999969482422,114.04000091552734,112.62999725341797,113.8499984741211,6456000,0.004677010066397758
2015-06-18,115.19000244140625,115.61000061035156,114.88999938964844,115.31999969482422,8041300,0.012911736850284239
2015-06-19,115.33999633789062,115.45999908447266,114.94999694824219,115.12000274658203,4611600,-0.0017342780850801987
2015-06-22,113.79000091552734,113.94000244140625,113.33999633789062,113.63999938964844,5763700,-0.01285617895780966
2015-06-23,112.95999908447266,113.16999816894531,112.79000091552734,112.88999938964844,4522800,-0.006599788842205134
2015-06-24,112.4800033569336,112.73999786376953,112.30999755859375,112.58999633789062,2975500,-0.0026574812063053788
2015-06-25,112.43000030517578,112.70999908447266,112.31999969482422,112.44000244140625,2904700,-0.0013322133525454083
2015-06-26,112.19999694824219,112.68000030517578,112.12999725341797,112.55999755859375,4392600,0.001067192410014739
2015-06-29,112.80999755859375,113.2300033569336,112.52999877929688,113.06999969482422,5820200,0.0045309359212182265
2015-06-30,112.23999786376953,113.05000305175781,111.83999633789062,112.37000274658203,7897000,-0.006190828249150737
2015-07-01,112.12000274658203,112.51000213623047,111.94000244140625,111.9800033569336,4409000,-0.0034706717105629226
2015-07-02,111.66000366210938,111.83999633789062,111.41000366210938,111.76000213623047,3838600,-0.0019646473844252554
2015-07-06,111.70999908447266,112.58000183105469,111.62999725341797,112.05999755859375,4259800,0.002684282539629823
2015-07-07,111.08000183105469,111.13999938964844,110.05000305175781,110.76000213623047,9073400,-0.011600887477117294
2015-07-08,111.37999725341797,111.6500015258789,111.08000183105469,111.08999633789062,5694900,0.002979362543296782
2015-07-09,111.80000305175781,111.93000030517578,111.1500015258789,111.36000061035156,3802900,0.0024305003273175085
2015-07-10,111.18000030517578,111.70999908447266,111.02999877929688,111.48999786376953,3594900,0.0011673603870820948
2015-07-13,110.43000030517578,111.13999938964844,110.36000061035156,110.98999786376953,4279300,-0.00448470723455352
2015-07-14,111.0,111.08000183105469,110.62999725341797,110.73999786376953,2601000,-0.002252455219495131
2015-07-15,110.0,110.19000244140625,109.58000183105469,110.16000366210938,9286200,-0.005237440968471563
2015-07-16,109.66999816894531,110.01000213623047,109.5999984741211,109.76000213623047,4629700,-0.0036310957932229604
2015-07-17,109.11000061035156,109.16000366210938,108.4000015258789,108.6500015258789,14858300,-0.010112979124889843
2015-07-20,106.5999984741211,106.6500015258789,105.62000274658203,105.69999694824219,15751700,-0.027151445340146352
2015-07-21,105.80999755859375,106.31999969482422,105.25,105.37000274658203,10519800,-0.003121988752958438
2015-07-22,104.38999938964844,105.08999633789062,104.18000030517578,104.80000305175781,8349200,-0.005409506310776968
2015-07-23,104.9800033569336,105.30000305175781,104.19999694824219,104.33000183105469,5779300,-0.004484744341763047
2015-07-24,103.61000061035156,105.58999633789062,103.43000030517578,105.3499984741211,11572700,0.009776637833459612
2015-07-27,104.94000244140625,105.68000030517578,104.66000366210938,104.86000061035156,10690100,-0.00465114258060384
2015-07-28,105.08999633789062,105.33000183105469,104.83000183105469,105.0199966430664,5549200,0.0015258061394580746
2015-07-29,104.93000030517578,105.62999725341797,104.48999786376953,105.16999816894531,5616900,0.0014283139466164663
2015-07-30,104.02999877929688,104.97000122070312,103.86000061035156,104.2699966430664,6652000,-0.008557588110186587
2015-07-31,105.41000366210938,105.75,104.69000244140625,104.93000030517578,6689200,0.006329756242044127
2015-08-03,104.58999633789062,104.81999969482422,104.05000305175781,104.0999984741211,3528600,-0.007910052688847147
2015-08-04,104.55999755859375,104.75,103.94999694824219,104.30999755859375,3241000,0.0020172823011603835
2015-08-05,104.41999816894531,104.5,103.77999877929688,103.93000030517578,5041000,-0.0036429610038530846
2015-08-06,104.1500015258789,104.86000061035156,104.13999938964844,104.38999938964844,3908100,0.004426047177157111
2015-08-07,104.55999755859375,105.37999725341797,104.55000305175781,104.6500015258789,4400900,0.002490680503407061
2015-08-10,105.02999877929688,106.2699966430664,104.91999816894531,105.72000122070312,5892600,0.010224554985406531
2015-08-11,106.48999786376953,106.62999725341797,105.7699966430664,106.26000213623047,4060900,0.005107840610028225
2015-08-12,106.98999786376953,107.91000366210938,106.93000030517578,107.75,10022500,0.014022189288677822
2015-08-13,106.94999694824219,107.18000030517578,106.70999908447266,106.86000061035156,4761700,-0.00825985512434746
2015-08-14,107.06999969482422,107.41000366210938,106.54000091552734,106.8499984741211,3509200,-9.360037594363657e-05
2015-08-17,107.37000274658203,107.51000213623047,107.0,107.12999725341797,5769100,0.0026204846354274114
2015-08-18,106.66999816894531,107.33000183105469,106.30999755859375,107.11000061035156,4121800,-0.00018665773900006233
2015-08-19,107.62999725341797,108.66999816894531,107.62999725341797,108.55000305175781,7035100,0.013444145581183786
2015-08-20,109.80999755859375,110.61000061035156,109.69999694824219,110.44000244140625,12549000,0.017411325071518213
2015-08-21,110.93000030517578,111.33000183105469,110.12000274658203,111.12999725341797,13917600,0.006247689213677798
2015-08-24,111.54000091552734,112.12000274658203,109.7699966430664,110.52999877929688,18388700,-0.005399068558895714
2015-08-25,110.01000213623047,110.05000305175781,108.72000122070312,109.16000366210938,9974200,-0.01239478089494117
2015-08-26,107.72000122070312,108.05999755859375,107.08000183105469,107.66999816894531,10856600,-0.013649738394807875
2015-08-27,107.33000183105469,108.04000091552734,107.11000061035156,107.7300033569336,8102100,0.0005573064828525709
2015-08-28,108.16999816894531,109.30000305175781,108.12000274658203,108.69999694824219,7558900,0.009003931691107248
2015-08-31,108.19000244140625,108.91999816894531,108.02999877929688,108.81999969482422,4532100,0.001103981140304633
2015-09-01,109.62999725341797,109.7699966430664,108.94000244140625,109.19999694824219,7077800,0.0034919799162251852
2015-09-02,109.01000213623047,109.33999633789062,108.45999908447266,108.62000274658203,4115700,-0.005311302361437398
2015-09-03,107.7699966430664,108.31999969482422,107.55999755859375,107.83999633789062,3913100,-0.00718105679403469
2015-09-04,107.13999938964844,107.55999755859375,107.06999969482422,107.48999786376953,4025000,-0.0032455349221680585
2015-09-08,107.5999984741211,107.94000244140625,107.30999755859375,107.5199966430664,5982100,0.000279084378947525
2015-09-09,106.63999938964844,106.70999908447266,105.4800033569336,106.12999725341797,8855100,-0.012927822107945297
2015-09-10,106.61000061035156,106.69999694824219,106.18000030517578,106.37999725341797,6204000,0.0023556016816155267
2015-09-11,105.6500015258789,106.19999694824219,105.2699966430664,106.16000366210938,4023900,-0.002067997715628156
2015-09-14,105.86000061035156,106.38999938964844,105.77999877929688,106.22000122070312,2350800,0.0005651616100608159
2015-09-15,105.83000183105469,106.05999755859375,105.68000030517578,105.9000015258789,2905000,-0.0030126124190049675
2015-09-16,106.5999984741211,107.70999908447266,106.55999755859375,107.30999755859375,5315600,0.013314409937664529
2015-09-17,107.06999969482422,108.58000183105469,106.95999908447266,108.41000366210938,8403800,0.010250732723341871
2015-09-18,109.0999984741211,109.37999725341797,108.81999969482422,109.20999908447266,6794300,0.007379350570420495
2015-09-21,108.48999786376953,108.66000366210938,108.33000183105469,108.52999877929688,4104800,-0.0062265388780913256
2015-09-22,107.58000183105469,107.95999908447266,107.44000244140625,107.79000091552734,5483300,-0.00681837162160448
2015-09-23,108.54000091552734,108.63999938964844,108.19999694824219,108.22000122070312,2744200,0.003989241131120869
2015-09-24,109.66999816894531,110.81999969482422,109.62999725341797,110.48999786376953,11024300,0.020975758801157207
2015-09-25,109.87000274658203,110.02999877929688,109.55000305175781,109.80999755859375,5209500,-0.006154405994415857
2015-09-28,108.37000274658203,108.91000366210938,108.2699966430664,108.41999816894531,3809600,-0.012658222571280353
2015-09-29,108.23999786376953,108.69000244140625,107.87999725341797,107.9800033569336,4043600,-0.004058244045771819
2015-09-30,106.77999877929688,107.08000183105469,106.47000122070312,106.86000061035156,7405600,-0.010372316278596583
2015-10-01,106.9800033569336,107.20999908447266,106.62999725341797,106.7300033569336,4278600,-0.001216519302596475
2015-10-02,108.54000091552734,109.31999969482422,108.54000091552734,108.98999786376953,7730600,0.021174875253005654
2015-10-05,109.13999938964844,109.37999725341797,108.45999908447266,108.7699966430664,5490200,-0.002018545050144094
2015-10-06,109.80000305175781,110.26000213623047,109.62999725341797,109.86000061035156,7513900,0.010021182319808863
2015-10-07,109.75,110.13999938964844,109.33999633789062,109.69999694824219,5355500,-0.0014564323795780432
2015-10-08,109.16000366210938,110.2699966430664,109.05999755859375,109.13999938964844,5038200,-0.005104809244962594
2015-10-09,110.54000091552734,111.05000305175781,110.2300033569336,110.87000274658203,7907300,0.015851231139897504
2015-10-12,111.66999816894531,111.7300033569336,111.01000213623047,111.30999755859375,6257900,0.00396856499604703
2015-10-13,111.36000061035156,111.87000274658203,111.27999877929688,111.86000061035156,5149600,0.00494118285707712
2015-10-14,112.62999725341797,113.94999694824219,112.30000305175781,113.80999755859375,10207800,0.017432477539802038
2015-10-15,113.19999694824219,113.98999786376953,112.94000244140625,113.29000091552734,14083900,-0.004568989141737645
2015-10-16,113.23999786376953,113.44000244140625,112.43000030517578,112.48999786376953,7328000,-0.0070615504042084165
2015-10-19,112.63999938964844,112.69000244140625,111.88999938964844,112.0199966430664,3959400,-0.004178160099818973
2015-10-20,112.37999725341797,113.08999633789062,112.37999725341797,112.7300033569336,4903200,0.006338214025568112
2015-10-21,112.37000274658203,112.37000274658203,111.41000366210938,111.7300033569336,3908800,-0.008870752862782494
2015-10-22,111.5199966430664,112.20999908447266,111.43000030517578,111.69000244140625,3436400,-0.0003580140904458906
2015-10-23,111.80999755859375,111.83999633789062,110.95999908447266,111.5,4868400,-0.0017011588974217284
2015-10-26,111.7300033569336,111.9800033569336,111.33000183105469,111.43000030517578,2573500,-0.0006277999535804213
2015-10-27,111.30999755859375,111.80999755859375,111.29000091552734,111.68000030517578,2646100,0.0022435609738429285
2015-10-28,112.68000030517578,113.25,110.30999755859375,110.77999877929688,8201200,-0.008058752895948817
2015-10-29,110.2300033569336,110.5999984741211,109.66000366210938,109.72000122070312,5150800,-0.009568492239339532
2015-10-30,109.5,109.58000183105469,109.05999755859375,109.30000305175781,5543200,-0.0038279088978543374
2015-11-02,108.63999938964844,108.83999633789062,108.45999908447266,108.58999633789062,5843300,-0.00649594413580179
2015-11-03,107.79000091552734,107.80999755859375,106.68000030517578,106.9800033569336,7145300,-0.014826347133739204
2015-11-04,107.0199966430664,107.08999633789062,105.91999816894531,105.97000122070312,7617800,-0.009441036684777915
2015-11-05,106.01000213623047,106.0999984741211,105.58000183105469,105.63999938964844,5931100,-0.0031141061362016664
2015-11-06,104.16999816894531,104.41999816894531,104.0199966430664,104.0999984741211,8831900,-0.014577820185771806
2015-11-09,104.29000091552734,104.58000183105469,104.19000244140625,104.4000015258789,4129200,0.0028818737382825255
2015-11-10,104.08999633789062,104.6500015258789,103.87000274658203,104.18000030517578,4450800,-0.0021072913552456773
2015-11-11,104.08999633789062,104.2300033569336,103.77999877929688,103.83000183105469,3527600,-0.0033595553186392957
2015-11-12,103.08999633789062,104.31999969482422,103.04000091552734,103.8499984741211,6300500,0.00019259022164841433
2015-11-13,103.54000091552734,103.73999786376953,103.44999694824219,103.55999755859375,3224200,-0.0027924980239610875
2015-11-16,103.9800033569336,104.02999877929688,103.5199966430664,103.70999908447266,2951200,0.001448450457852024
2015-11-17,103.37999725341797,103.4000015258789,101.9800033569336,102.33999633789062,8593100,-0.013209938855231806
2015-11-18,102.38999938964844,102.94999694824219,102.04000091552734,102.43000030517578,5043800,0.0008794603332600293
2015-11-19,103.06999969482422,104.08999633789062,103.06999969482422,103.55999755859375,5087600,0.011031897393842582
2015-11-20,103.58000183105469,103.66000366210938,102.97000122070312,103.08999633789062,5971600,-0.004538443721352925
2015-11-23,102.4800033569336,102.75,102.16000366210938,102.26000213623047,4042500,-0.008051161423458963
2015-11-24,103.12000274658203,103.25,102.69000244140625,102.94000244140625,3479600,0.0066497192545516
2015-11-25,102.47000122070312,102.69000244140625,102.20999908447266,102.45999908447266,2931300,-0.004662942933256753
2015-11-27,101.01000213623047,101.62000274658203,100.98999786376953,101.25,4993600,-0.011809477798990442
2015-11-30,101.52999877929688,102.37999725341797,101.5199966430664,101.91999816894531,6773000,0.006617265866126543
2015-12-01,102.30000305175781,102.43000030517578,101.80999755859375,102.27999877929688,4645900,0.003532188155604299
2015-12-02,101.3499984741211,101.3499984741211,100.52999877929688,100.69000244140625,10223500,-0.015545525585325515
2015-12-03,101.2300033569336,101.97000122070312,100.8499984741211,101.76000213623047,6499900,0.010626672647533919
2015-12-04,102.73999786376953,104.20999908447266,102.6500015258789,104.0199966430664,10670200,0.022209065049059173
2015-12-07,103.31999969482422,103.37000274658203,102.5,102.66999816894531,4393500,-0.012978259158702654
2015-12-08,103.12999725341797,103.26000213623047,102.52999877929688,102.83999633789062,3412300,0.0016557725915762322
2015-12-09,103.62999725341797,103.66000366210938,102.31999969482422,102.63999938964844,6026300,-0.00194473896697811
2015-12-10,102.51000213623047,102.83000183105469,102.33999633789062,102.55000305175781,3853500,-0.0008768154562138752
2015-12-11,101.91000366210938,103.31999969482422,101.8499984741211,103.11000061035156,6798400,0.005460726883753653
2015-12-14,102.58000183105469,102.72000122070312,101.73999786376953,101.79000091552734,5563800,-0.012801859053540698
2015-12-15,101.70999908447266,102.05999755859375,101.41000366210938,101.5199966430664,6831100,-0.002652561843328849
2015-12-16,102.58999633789062,103.19999694824219,101.66000366210938,102.75,8292200,0.012115872710852793
2015-12-17,100.91999816894531,100.98999786376953,100.2300033569336,100.5,10156200,-0.021897810218978075
2015-12-18,101.3499984741211,102.52999877929688,101.30000305175781,102.04000091552734,8345900,0.0153233921943019
2015-12-21,102.94999694824219,103.5199966430664,102.83000183105469,103.1500015258789,6378900,0.010878092908588544
2015-12-22,103.08999633789062,103.19999694824219,102.55999755859375,102.61000061035156,4123500,-0.005235103320787249
2015-12-23,102.4000015258789,102.58999633789062,102.20999908447266,102.30999755859375,2821400,-0.0029237213719258692
2015-12-24,102.81999969482422,103.05000305175781,102.7699966430664,103.05000305175781,1710200,0.007232973422174549
2015-12-28,102.4800033569336,102.5999984741211,102.02999877929688,102.2699966430664,3356200,-0.0075692031595538944
2015-12-29,102.5199966430664,102.58000183105469,102.11000061035156,102.19999694824219,2832200,-0.000684459735229348
2015-12-30,101.47000122070312,101.5999984741211,101.3499984741211,101.41999816894531,3745000,-0.007632082217105096
2015-12-31,101.4800033569336,101.72000122070312,101.30999755859375,101.45999908447266,3823600,0.0003944085609299819
2016-01-04,103.12999725341797,103.66999816894531,102.48999786376953,102.88999938964844,6440000,0.014094227459880093
2016-01-05,103.12999725341797,103.45999908447266,102.93000030517578,103.18000030517578,3500300,0.0028185529910356166
2016-01-06,104.37000274658203,104.80000305175781,103.93000030517578,104.66999816894531,9316600,0.014440762350867997
2016-01-07,105.83000183105469,106.23999786376953,105.19000244140625,106.1500015258789,11730400,0.014139709399294764
2016-01-08,105.4800033569336,105.80000305175781,105.04000091552734,105.68000030517578,7678200,-0.004427708091822691
2016-01-11,105.47000122070312,105.56999969482422,104.70999908447266,104.73999786376953,6272400,-0.008894799760520211
2016-01-12,104.08999633789062,104.58999633789062,103.6500015258789,104.20999908447266,5540200,-0.005060137388834152
2016-01-13,103.88999938964844,104.81999969482422,103.77999877929688,104.72000122070312,7324200,0.004893984653210337
2016-01-14,103.75,104.18000030517578,102.5,103.0199966430664,9989100,-0.016233809757639994
2016-01-15,104.91999816894531,104.95999908447266,103.97000122070312,104.08000183105469,10052700,0.010289314914859515
2016-01-19,104.05999755859375,104.44999694824219,103.6500015258789,103.9800033569336,4588400,-0.000960784707550344
2016-01-20,105.16999816894531,106.16000366210938,104.94000244140625,105.37000274658203,10120900,0.013367949074563512
2016-01-21,104.98999786376953,105.48999786376953,104.5199966430664,105.48999786376953,5425000,0.001138797703897687
2016-01-22,104.93000030517578,105.51000213623047,104.76000213623047,105.0,4185300,-0.004644969889963546
2016-01-25,105.76000213623047,106.08999633789062,105.5999984741211,106.08000183105469,6819400,0.010285731724330338
2016-01-26,106.31999969482422,107.43000030517578,106.26000213623047,107.29000091552734,8443400,0.011406476843766722
2016-01-27,106.86000061035156,107.93000030517578,106.6500015258789,107.69000244140625,8273400,0.0037282274439893737
2016-01-28,106.55000305175781,106.86000061035156,106.4800033569336,106.54000091552734,5914200,-0.010678814187088714
2016-01-29,106.61000061035156,107.0,106.26000213623047,106.94999694824219,8098700,0.0038482826092700595
2016-02-01,107.54000091552734,108.1500015258789,107.52999877929688,108.05000305175781,10471800,0.01028523735300313
2016-02-02,107.91999816894531,108.18000030517578,107.3499984741211,108.08999633789062,6656000,0.00037013683482878257
2016-02-03,107.91000366210938,109.58000183105469,107.9000015258789,109.25,15785200,0.010731831819877025
2016-02-04,110.44999694824219,110.69999694824219,109.91999816894531,110.56999969482422,13213700,0.012082377069329242
2016-02-05,109.79000091552734,112.3499984741211,109.58000183105469,112.31999969482422,14777300,0.015827077912906162
2016-02-08,113.66999816894531,114.87000274658203,113.38999938964844,113.83000183105469,28341200,0.013443751249405
2016-02-09,114.43000030517578,114.69000244140625,113.55000305175781,113.58000183105469,18156700,-0.002196257541759894
2016-02-10,113.91999816894531,114.5199966430664,112.9800033569336,114.45999908447266,13311100,0.007747818623272451
2016-02-11,118.58999633789062,120.83999633789062,117.7699966430664,119.05999755859375,49139000,0.0401886992042193
2016-02-12,118.12000274658203,118.73999786376953,117.87999725341797,118.36000061035156,16981200,-0.005879363032051943
2016-02-16,116.0,116.30999755859375,114.73999786376953,114.7699966430664,14601700,-0.030331226332987904
2016-02-17,115.47000122070312,116.06999969482422,114.88999938964844,115.4800033569336,10582400,0.00618634429410414
2016-02-18,115.30000305175781,118.5999984741211,115.29000091552734,118.29000091552734,13586500,0.02433319602449635
2016-02-19,117.26000213623047,117.97000122070312,117.0999984741211,117.58000183105469,15192000,-0.006002190201855551
2016-02-22,115.44000244140625,116.19000244140625,115.41000366210938,115.48999786376953,10677800,-0.01777516528948675
2016-02-23,116.68000030517578,117.41999816894531,116.5199966430664,117.22000122070312,9033400,0.014979681261872324
2016-02-24,119.0,119.86000061035156,117.3499984741211,117.61000061035156,17938800,0.003327072049028157
2016-02-25,117.62000274658203,118.91000366210938,117.54000091552734,117.91999816894531,12500300,0.0026358095143692584
2016-02-26,117.43000030517578,117.72000122070312,115.86000061035156,117.11000061035156,12505100,-0.006869043174790868
2016-02-29,117.58999633789062,118.69999694824219,117.52999877929688,118.63999938964844,11517500,0.013064629590324062
2016-03-01,118.73999786376953,119.11000061035156,117.33999633789062,117.7699966430664,14139300,-0.0073331317520045625
2016-03-02,118.33999633789062,118.97000122070312,118.06999969482422,118.68000030517578,8903000,0.007726956678680841
2016-03-03,118.86000061035156,121.30000305175781,118.80999755859375,120.7300033569336,18724100,0.017273365743903035
2016-03-04,121.12999725341797,122.37000274658203,120.22000122070312,120.54000091552734,16261100,-0.0015737798071993048
2016-03-07,121.18000030517578,121.58000183105469,120.41000366210938,121.13999938964844,9358600,0.004977588099916774
2016-03-08,121.79000091552734,121.87999725341797,120.47000122070312,120.58000183105469,11531000,-0.0046227304062674834
2016-03-09,119.19999694824219,120.38999938964844,118.83999633789062,119.58000183105469,8672900,-0.00829324916913754
2016-03-10,120.5,121.76000213623047,120.41999816894531,121.5,18104900,0.016056181130168712
2016-03-11,121.19000244140625,121.38999938964844,119.36000061035156,119.41000366210938,10812300,-0.01720161594971703
2016-03-14,120.2699966430664,120.30999755859375,117.5,117.87000274658203,14236200,-0.012896749587957723
2016-03-15,117.77999877929688,118.04000091552734,117.36000061035156,117.95999908447266,9941800,0.000763521980092996
2016-03-16,117.41999816894531,120.76000213623047,117.33999633789062,120.58999633789062,17334000,0.02229567034444102
2016-03-17,121.16000366210938,121.18000030517578,120.02999877929688,120.12999725341797,9914300,-0.003814570847019083
2016-03-18,119.58999633789062,120.33999633789062,119.51000213623047,119.80000305175781,16965900,-0.002746975852867317
2016-03-21,119.0,119.33000183105469,118.7300033569336,118.95999908447266,7240600,-0.007011719080860512
2016-03-22,119.7300033569336,120.16000366210938,118.95999908447266,119.30999755859375,6786800,0.0029421526295789757
2016-03-23,116.73999786376953,117.12000274658203,116.16000366210938,116.61000061035156,15993700,-0.02263009809313088
2016-03-24,116.7699966430664,116.94000244140625,116.30000305175781,116.33000183105469,6280900,-0.0024011557999427113
2016-03-28,116.7300033569336,116.91000366210938,116.2699966430664,116.5999984741211,3879100,0.0023209545157449885
2016-03-29,117.36000061035156,118.80999755859375,116.80000305175781,118.76000213623047,14472400,0.01852490300494103
2016-03-30,117.87999725341797,118.19999694824219,116.91000366210938,117.0999984741211,10769100,-0.013977800877817192
2016-03-31,118.16000366210938,118.38999938964844,117.5999984741211,117.63999938964844,9348200,0.004611451089358232
2016-04-01,116.08000183105469,116.9800033569336,115.55000305175781,116.93000030517578,10405400,-0.006035354370591106
2016-04-04,116.66999816894531,116.7300033569336,116.06999969482422,116.1500015258789,7643700,-0.006670647201412416
2016-04-05,117.76000213623047,117.93000030517578,117.1500015258789,117.66000366210938,8865900,0.013000448699038714
2016-04-06,116.69999694824219,117.38999938964844,116.26000213623047,116.94000244140625,7549400,-0.006119337058417829
2016-04-07,118.6500015258789,118.8499984741211,115.0,118.61000061035156,11900500,0.01428081181871077
2016-04-08,118.06999969482422,118.7699966430664,117.9800033569336,118.43000030517578,9078900,-0.0015175811841288134
2016-04-11,119.47000122070312,120.30000305175781,119.41999816894531,120.02999877929688,9846000,0.013510077429689682
2016-04-12,120.2300033569336,120.3499984741211,119.55000305175781,120.05000305175781,9689500,0.0001666606070513943
2016-04-13,119.37000274658203,119.43000030517578,118.55999755859375,118.7699966430664,8841500,-0.010662277185778612
2016-04-14,118.08999633789062,118.19000244140625,116.94999694824219,117.11000061035156,13165800,-0.01397656040779005
2016-04-15,117.33000183105469,118.12000274658203,117.19000244140625,117.91999816894531,7838100,0.006916553277877435
2016-04-18,118.52999877929688,118.55999755859375,117.62999725341797,117.73999786376953,5809800,-0.0015264612277036127
2016-04-19,119.87000274658203,120.08999633789062,119.37000274658203,119.58000183105469,21031500,0.015627688132066497
2016-04-20,119.66999816894531,120.08000183105469,118.72000122070312,118.97000122070312,10233200,-0.005101192515562847
2016-04-21,120.41999816894531,120.55000305175781,119.12999725341797,119.41999816894531,14612800,0.0037824404776409803
2016-04-22,118.70999908447266,119.0199966430664,117.27999877929688,117.88999938964844,10047000,-0.012811914275298819
2016-04-25,118.13999938964844,118.70999908447266,118.11000061035156,118.2300033569336,4369400,0.0028840781155776707
2016-04-26,118.79000091552734,118.88999938964844,118.44999694824219,118.69999694824219,9906800,0.003975248058563308
2016-04-27,118.97000122070312,119.69999694824219,118.43000030517578,119.04000091552734,7976400,0.002864397439145794
2016-04-28,119.91999816894531,121.41999816894531,119.7300033569336,121.29000091552734,15133600,0.018901209532051544
2016-04-29,122.43000030517578,123.93000030517578,122.33999633789062,123.6500015258789,19043900,0.01945750344247421
2016-05-02,123.77999877929688,123.95999908447266,123.05000305175781,123.23999786376953,12137500,-0.0033158403319838436
2016-05-03,123.7300033569336,123.81999969482422,122.51000213623047,122.95999908447266,9063600,-0.002271979748055375
2016-05-04,122.8499984741211,123.2300033569336,121.51000213623047,122.20999908447266,9398200,-0.006099544612754526
2016-05-05,122.62999725341797,122.7300033569336,121.25,122.06999969482422,8846900,-0.0011455641166617792
2016-05-06,122.83000183105469,123.80999755859375,122.58999633789062,123.18000030517578,11366800,0.009093148301192455
2016-05-09,121.19999694824219,121.29000091552734,120.58999633789062,120.6500015258789,9236200,-0.020539038586043668
2016-05-10,120.73999786376953,121.37999725341797,120.08000183105469,120.9800033569336,9845000,0.0027351995597273415
2016-05-11,121.8499984741211,122.16000366210938,121.37999725341797,122.12000274658203,7590100,0.009423039824896007
2016-05-12,122.0199966430664,122.38999938964844,121.0,121.16000366210938,7447100,-0.0078611125358784
2016-05-13,121.08999633789062,121.86000061035156,120.66000366210938,121.70999908447266,7672800,0.0045394140453900444
2016-05-16,122.93000030517578,122.97000122070312,121.37999725341797,121.80000305175781,7103000,0.0007394952589121484
2016-05-17,121.58000183105469,122.5199966430664,121.4800033569336,122.22000122070312,8619800,0.0034482607423813594
2016-05-18,121.22000122070312,121.91999816894531,119.87999725341797,120.0999984741211,13381700,-0.01734579222228738
2016-05-19,119.0,119.9800033569336,118.91999816894531,119.87000274658203,14339700,-0.0019150352244893254
2016-05-20,120.19000244140625,120.31999969482422,119.30999755859375,119.70999908447266,10379400,-0.0013348098643798378
2016-05-23,118.86000061035156,119.5999984741211,118.75,119.37000274658203,8628200,-0.002840166573309433
2016-05-24,118.16999816894531,118.2300033569336,117.25,117.30000305175781,12772000,-0.017341037506874768
2016-05-25,116.58999633789062,117.05999755859375,116.31999969482422,116.9800033569336,10487300,-0.002728045068191687
2016-05-26,117.56999969482422,117.62999725341797,116.38999938964844,116.58000183105469,5893500,-0.003419400875365075
2016-05-27,116.2699966430664,116.36000061035156,115.29000091552734,115.62000274658203,8686700,-0.008234680643287917
2016-05-31,115.76000213623047,116.4000015258789,115.5,116.05999755859375,8187600,0.003805525009163979
2016-06-01,115.97000122070312,116.13999938964844,115.19999694824219,115.94000244140625,8399600,-0.0010339059082515867
2016-06-02,115.77999877929688,115.97000122070312,115.58000183105469,115.66999816894531,4591600,-0.0023288275554194104
2016-06-03,118.25,118.88999938964844,118.2300033569336,118.87999725341797,14605100,0.027751354156539287
2016-06-06,118.88999938964844,119.16999816894531,118.45999908447266,118.91999816894531,9887900,0.0003364814640942626
2016-06-07,118.5,119.0199966430664,118.41000366210938,118.81999969482422,4602900,-0.0008408886281601191
2016-06-08,120.30000305175781,120.77999877929688,120.2300033569336,120.58000183105469,11661700,0.014812339174809175
2016-06-09,120.61000061035156,121.4800033569336,120.55000305175781,121.25,12174000,0.005556461757929343
2016-06-10,121.55000305175781,122.0999984741211,121.18000030517578,121.73999786376953,13940000,0.004041219495006354
2016-06-13,122.80000305175781,122.83000183105469,122.02999877929688,122.63999938964844,12594200,0.007392817000752894
2016-06-14,123.0,123.05999755859375,122.30000305175781,122.7699966430664,11651700,0.0010599906561068462
2016-06-15,122.5199966430664,123.87000274658203,122.37999725341797,123.68000030517578,15053000,0.007412264290884263
2016-06-16,125.16999816894531,125.66999816894531,122.2300033569336,122.37999725341797,26635000,-0.010511020767707824
2016-06-17,123.26000213623047,124.0999984741211,122.69000244140625,123.94999694824219,15573800,0.01282889140431287
2016-06-20,122.26000213623047,123.33000183105469,122.12999725341797,123.20999908447266,11866200,-0.005970132166106756
2016-06-21,121.6500015258789,121.86000061035156,120.7699966430664,120.83999633789062,14585600,-0.019235474102691663
2016-06-22,120.83000183105469,121.25,120.68000030517578,120.9000015258789,7861000,0.0004965672774475127
2016-06-23,120.48999786376953,121.02999877929688,120.05999755859375,120.11000061035156,10704900,-0.0065343333792947655
2016-06-24,126.62000274658203,126.81999969482422,125.0,126.0,35782900,0.049038376152841456
2016-06-27,126.44000244140625,127.05000305175781,125.83000183105469,126.68000030517578,21228800,0.005396827818855421
2016-06-28,125.55999755859375,126.0199966430664,125.05999755859375,125.31999969482422,16001500,-0.010735716822507735
2016-06-29,125.91000366210938,126.80999755859375,125.69999694824219,125.83999633789062,12218400,0.004149350816571085
2016-06-30,125.94999694824219,126.5199966430664,125.5,126.47000122070312,15981600,0.00500639622652943
2016-07-01,127.66000366210938,128.4199981689453,127.44000244140625,128.41000366210938,14940700,0.015339625386899147
2016-07-05,128.8000030517578,129.58999633789062,128.1699981689453,129.47000122070312,19026200,0.008254789567508913
2016-07-06,130.5,131.14999389648438,129.82000732421875,130.22999572753906,17376700,0.005870043250717272
2016-07-07,129.82000732421875,130.1199951171875,128.97999572753906,129.74000549316406,16508500,-0.003762499043616141
2016-07-08,129.85000610351562,130.52000427246094,128.97000122070312,130.52000427246094,17634200,0.0060120143847071095
2016-07-11,129.49000549316406,129.89999389648438,129.16000366210938,129.2899932861328,10855600,-0.009423926954219786
2016-07-12,128.52000427246094,128.5399932861328,126.98999786376953,127.1500015258789,26459600,-0.016551874633622066
2016-07-13,128.0,128.42999267578125,127.61000061035156,128.32000732421875,7377700,0.00920177573180525
2016-07-14,126.30999755859375,127.37000274658203,126.02999877929688,127.33000183105469,12132400,-0.007715129649756625
2016-07-15,126.37999725341797,127.19000244140625,126.33000183105469,126.83999633789062,13892100,-0.003848311365095336
2016-07-18,127.0199966430664,127.5,126.62999725341797,127.04000091552734,8489700,0.001576825791636871
2016-07-19,126.94999694824219,127.3499984741211,126.81999969482422,127.20999908447266,5170700,0.0013381467862105811
2016-07-20,125.5,126.12000274658203,125.30999755859375,125.38999938964844,11777700,-0.014307049036417885
2016-07-21,125.66000366210938,127.37000274658203,125.5999984741211,127.30000305175781,9399200,0.015232503958900745
2016-07-22,126.43000030517578,126.5199966430664,126.01000213623047,126.3499984741211,7716000,-0.007462722347700734
2016-07-25,125.52999877929688,126.20999908447266,125.11000061035156,125.47000122070312,13139400,-0.006964758718206121
2016-07-26,126.08999633789062,126.13999938964844,125.75,126.0,7613200,0.0042241075487405855
2016-07-27,126.79000091552734,128.1199951171875,126.04000091552734,128.02999877929688,17066400,0.016111101422991103
2016-07-28,128.08999633789062,128.1999969482422,127.20999908447266,127.66000366210938,9261800,-0.002889909558035031
2016-07-29,128.4199981689453,129.41000366210938,127.87999725341797,128.97999572753906,13708200,0.010339903082906332
2016-08-01,128.57000732421875,129.33999633789062,128.55999755859375,129.22000122070312,7109900,0.0018607962561190128
2016-08-02,130.0399932861328,130.5500030517578,129.94000244140625,130.27000427246094,7652800,0.00812570067976126
2016-08-03,129.9499969482422,129.9600067138672,129.27000427246094,129.64999389648438,5010700,-0.004759425467430023
2016-08-04,130.00999450683594,130.27999877929688,129.82000732421875,129.8699951171875,4908100,0.0016968857004249216
2016-08-05,128.4600067138672,128.5500030517578,127.38999938964844,127.55000305175781,16205100,-0.01786395743940894
2016-08-08,127.29000091552734,127.69999694824219,127.2699966430664,127.44000244140625,6773800,-0.000862411663815732
2016-08-09,127.94000244140625,128.13999938964844,127.75,127.95999908447266,7500400,0.004080325118523742
2016-08-10,129.1199951171875,129.1999969482422,128.14999389648438,128.55999755859375,6196200,0.004688953410549868
2016-08-11,128.61000061035156,129.19000244140625,127.4800033569336,127.66999816894531,9763800,-0.006922832969429749
2016-08-12,127.66999816894531,129.25999450683594,127.19999694824219,127.4000015258789,15395800,-0.002114801025602908
2016-08-15,127.62000274658203,128.25,127.5999984741211,127.83999633789062,4530800,0.0034536484045673
2016-08-16,128.1199951171875,129.0399932861328,128.0,128.47000122070312,8678100,0.0049280733796905896
2016-08-17,128.1699981689453,128.99000549316406,127.45999908447266,128.5,12034800,0.0002335080486637331
2016-08-18,128.88999938964844,129.1699981689453,128.5800018310547,129.11000061035156,9500600,0.004747086461879935
2016-08-19,128.0800018310547,128.6699981689453,127.86000061035156,127.97000122070312,10660100,-0.008829675348611454
2016-08-22,127.62999725341797,127.91999816894531,127.44999694824219,127.77999877929688,8627200,-0.00148474204574367
2016-08-23,128.13999938964844,128.22000122070312,127.61000061035156,127.76000213623047,9038500,-0.00015649274735829444
2016-08-24,126.91999816894531,126.97000122070312,126.30000305175781,126.33999633789062,13539700,-0.011114635054762179
2016-08-25,125.9800033569336,126.30999755859375,125.95999908447266,126.2300033569336,5926300,-0.0008706109240564919
2016-08-26,126.87999725341797,128.11000061035156,125.81999969482422,126.05000305175781,17967700,-0.0014259708499476664
2016-08-29,126.0,126.4800033569336,125.93000030517578,126.30000305175781,5562400,0.0019833398964483884
2016-08-30,125.7300033569336,125.94999694824219,124.87999725341797,125.02999877929688,9877000,-0.010055457179525829
2016-08-31,124.7300033569336,125.11000061035156,124.63999938964844,124.77999877929688,13324100,-0.001999520134694288
2016-09-01,124.66999816894531,125.51000213623047,124.55000305175781,125.29000091552734,12877700,0.0040872106204499214
2016-09-02,126.29000091552734,126.56999969482422,125.58000183105469,126.56999969482422,11318600,0.010216288370529014
2016-09-06,127.4000015258789,129.0800018310547,127.2699966430664,128.7100067138672,15115300,0.016907695537669243
2016-09-07,128.7899932861328,128.86000061035156,128.1199951171875,128.27000427246094,8859800,-0.003418556588101307
2016-09-08,128.16000366210938,128.52000427246094,127.4000015258789,127.58999633789062,10561800,-0.0053013792150961025
2016-09-09,127.23999786376953,127.51000213623047,126.69999694824219,126.75,12485600,-0.00658355954228651
2016-09-12,126.30999755859375,126.91999816894531,125.97000122070312,126.58999633789062,11140300,-0.0012623563085552014
2016-09-13,126.47000122070312,126.5999984741211,125.52999877929688,125.75,8866400,-0.0066355664917512325
2016-09-14,126.0999984741211,126.54000091552734,126.02999877929688,126.18000030517578,5820700,0.0034194855282367875
2016-09-15,125.7300033569336,126.0999984741211,124.91000366210938,125.37000274658203,12790400,-0.006419381491795106
2016-09-16,124.80999755859375,125.25,124.66999816894531,125.05999755859375,18995100,-0.00247272219188599
2016-09-19,125.61000061035156,125.62000274658203,125.25,125.31999969482422,4959600,0.00207901920123299
2016-09-20,125.30999755859375,125.58999633789062,125.16999816894531,125.44000244140625,5672000,0.0009575705942728163
2016-09-21,126.33000183105469,127.41999816894531,125.95999908447266,127.2699966430664,13646400,0.014588601451239303
2016-09-22,127.56999969482422,128.1999969482422,127.5,127.56999969482422,15188000,0.00235721740921524
2016-09-23,127.5999984741211,127.86000061035156,127.43000030517578,127.6500015258789,7702300,0.0006271210413582029
2016-09-26,127.95999908447266,128.0399932861328,127.41999816894531,127.55000305175781,5842700,-0.0007833801247610905
2016-09-27,126.86000061035156,126.9000015258789,126.33999633789062,126.62000274658203,6220700,-0.007291260548213385
2016-09-28,126.25,126.4000015258789,125.7300033569336,126.22000122070312,6757700,-0.003159070582864132
2016-09-29,125.83999633789062,126.33999633789062,125.54000091552734,126.06999969482422,7448400,-0.0011884132817953086
2016-09-30,126.5199966430664,126.55000305175781,125.23999786376953,125.63999938964844,11204300,-0.003410805950794571
2016-10-03,125.31999969482422,125.45999908447266,124.9000015258789,125.31999969482422,9044100,-0.0025469571504198596
2016-10-04,123.16000366210938,123.18000030517578,120.86000061035156,120.97000122070312,24372700,-0.03471112739159021
2016-10-05,121.33000183105469,121.58999633789062,120.4000015258789,120.77999877929688,14718100,-0.0015706575141682944
2016-10-06,119.69000244140625,119.9800033569336,119.23999786376953,119.66000366210938,17917700,-0.009273018119780652
2016-10-07,120.48999786376953,120.58000183105469,118.41999816894531,119.73999786376953,17907300,0.000668512445361813
2016-10-10,119.73999786376953,120.41999816894531,119.73999786376953,120.16000366210938,4514400,0.0035076482865623593
2016-10-11,119.91999816894531,120.16000366210938,119.52999877929688,119.55000305175781,6065300,-0.005076569505331308
2016-10-12,119.72000122070312,120.06999969482422,119.29000091552734,119.73999786376953,4848600,0.0015892497462293154
2016-10-13,120.0,120.41999816894531,119.80000305175781,120.02999877929688,7184600,0.002421921836488483
2016-10-14,119.37000274658203,120.16000366210938,119.29000091552734,119.36000061035156,6577300,-0.0055819226506638175
2016-10-17,119.69999694824219,119.91999816894531,119.58000183105469,119.68000030517578,4777900,0.0026809625769763645
2016-10-18,120.08000183105469,120.63999938964844,119.81999969482422,120.41999816894531,4919700,0.006183137214928136
2016-10-19,121.12999725341797,121.45999908447266,120.88999938964844,121.11000061035156,6019800,0.0057299655530487215
2016-10-20,121.38999938964844,121.58999633789062,120.62999725341797,120.73999786376953,6496700,-0.0030550965627722526
2016-10-21,120.9000015258789,120.93000030517578,120.55000305175781,120.83000183105469,6707800,0.0007454362173064943
2016-10-24,121.27999877929688,121.30000305175781,120.16000366210938,120.55999755859375,5481100,-0.0022345797266349887
2016-10-25,120.88999938964844,121.76000213623047,120.86000061035156,121.47000122070312,6141100,0.007548139354159433
2016-10-26,121.37000274658203,121.52999877929688,120.61000061035156,120.79000091552734,3905900,-0.00559809251948773
2016-10-27,121.11000061035156,121.18000030517578,120.75,121.01000213623047,4336000,0.0018213529185828747
2016-10-28,121.19999694824219,122.4800033569336,120.80999755859375,121.58000183105469,11639900,0.0047103519110967
2016-10-31,121.51000213623047,122.0,121.2300033569336,121.94000244140625,7722100,0.0029610183001298473
2016-11-01,122.80000305175781,123.20999908447266,122.56999969482422,122.7300033569336,13384300,0.006478603409139305
2016-11-02,123.76000213623047,124.76000213623047,123.55999755859375,123.63999938964844,15692400,0.007414617516698918
2016-11-03,123.36000061035156,124.33000183105469,123.3499984741211,124.30000305175781,10093100,0.005338107937297831
2016-11-04,124.4000015258789,124.54000091552734,124.04000091552734,124.38999938964844,8594600,0.0007240252267182168
2016-11-07,122.66000366210938,122.70999908447266,121.87999725341797,122.1500015258789,10015000,-0.018007861361529542
2016-11-08,122.12000274658203,123.08999633789062,121.36000061035156,121.63999938964844,9480600,-0.004175211869501427
2016-11-09,124.30000305175781,124.3499984741211,121.11000061035156,121.55999755859375,18236500,-0.0006576934516286936
2016-11-10,121.5199966430664,121.54000091552734,119.37999725341797,119.75,22268000,-0.01488974658560116
2016-11-11,119.6500015258789,119.69000244140625,116.2300033569336,117.0999984741211,20381800,-0.02212944906788228
2016-11-14,116.12000274658203,117.13999938964844,115.48999786376953,116.11000061035156,20729400,-0.008454294420749409
2016-11-15,116.45999908447266,117.23999786376953,116.29000091552734,117.12000274658203,9348600,0.00869866618655779
2016-11-16,117.2699966430664,117.2699966430664,116.58000183105469,116.7699966430664,5486100,-0.002988440021410743
2016-11-17,116.91000366210938,117.22000122070312,115.44000244140625,116.16999816894531,10342300,-0.005138293152093909
2016-11-18,115.5199966430664,115.7699966430664,114.95999908447266,115.1500015258789,10444300,-0.008780207102896176
2016-11-21,115.72000122070312,115.94000244140625,115.29000091552734,115.58000183105469,6654200,0.0037342622620732957
2016-11-22,115.72000122070312,115.79000091552734,114.9800033569336,115.54000091552734,6391900,-0.00034608855246265335
2016-11-23,113.87000274658203,113.87999725341797,112.6500015258789,113.25,20982100,-0.019819983532816443
2016-11-25,113.41999816894531,113.51000213623047,112.3499984741211,112.61000061035156,5345900,-0.005651208738617575
2016-11-28,113.2300033569336,113.83999633789062,112.7699966430664,113.80000305175781,5655400,0.010567466787642088
2016-11-29,112.76000213623047,113.4800033569336,112.69000244140625,113.2699966430664,7438600,-0.004657349687858581
2016-11-30,112.69000244140625,112.79000091552734,111.5,111.75,10925500,-0.013419234467324848
2016-12-01,111.11000061035156,111.98999786376953,110.62999725341797,111.54000091552734,10237000,-0.0018791864382340373
2016-12-02,111.88999938964844,112.31999969482422,111.77999877929688,112.13999938964844,7416500,0.005379222424209074
2016-12-05,111.1500015258789,112.11000061035156,110.30999755859375,111.54000091552734,10187900,-0.005350441210868029
2016-12-06,111.69000244140625,112.02999877929688,111.19000244140625,111.43000030517578,5533700,-0.0009861987578327902
2016-12-07,112.12999725341797,112.5,111.7699966430664,111.83000183105469,4901800,0.003589711251758221
2016-12-08,111.72000122070312,111.87000274658203,111.45999908447266,111.56999969482422,5977800,-0.0023249765892274787
2016-12-09,111.18000030517578,111.25,110.19000244140625,110.4000015258789,10507700,-0.010486673587394413
2016-12-12,110.58999633789062,111.11000061035156,110.2699966430664,110.81999969482422,6156700,0.003804331187865717
2016-12-13,110.56999969482422,110.79000091552734,110.05999755859375,110.44999694824219,7961600,-0.0033387723118656343
2016-12-14,110.94999694824219,110.9800033569336,108.5199966430664,108.83000183105469,12933600,-0.014667226454941784
2016-12-15,107.8499984741211,107.98999786376953,107.0,107.33999633789062,14427500,-0.01369112807217554
2016-12-16,107.94999694824219,108.77999877929688,107.4800033569336,108.05000305175781,10602800,0.006614558767378709
2016-12-19,108.5999984741211,108.87999725341797,108.33999633789062,108.58999633789062,5339100,0.004997623978540311
2016-12-20,107.47000122070312,108.0,107.29000091552734,107.79000091552734,7321100,-0.007367118973593101
2016-12-21,108.25,108.30999755859375,107.68000030517578,107.8499984741211,5188700,0.0005566152526592649
2016-12-22,107.68000030517578,108.0999984741211,107.48999786376953,107.58999633789062,4942800,-0.0024107755207141146
2016-12-23,107.83999633789062,108.25,107.80000305175781,107.93000030517578,5012200,0.0031601819765598727
2016-12-27,108.61000061035156,108.66999816894531,108.23999786376953,108.55999755859375,3685500,0.005837091185366683
2016-12-28,108.4000015258789,108.91000366210938,108.29000091552734,108.86000061035156,5091200,0.0027634769574851337
2016-12-29,109.2300033569336,110.52999877929688,109.16000366210938,110.29000091552734,7563900,0.01313614088883086
2016-12-30,110.37999725341797,110.62000274658203,109.52999877929688,109.61000061035156,8873700,-0.006165566230220687
2017-01-03,109.62000274658203,111.0,109.37000274658203,110.47000122070312,7527400,0.00784600497730814
2017-01-04,111.05999755859375,111.22000122070312,110.61000061035156,110.86000061035156,4904100,0.0035303646722089077
2017-01-05,112.16000366210938,112.94000244140625,112.06999969482422,112.58000183105469,9606800,0.015515074970534615
2017-01-06,111.80999755859375,112.37999725341797,111.56999969482422,111.75,7686100,-0.00737255123072611
2017-01-09,112.38999938964844,113.04000091552734,112.18000030517578,112.66999816894531,5674600,0.008232645807116912
2017-01-10,112.94000244140625,113.44999694824219,112.63999938964844,113.1500015258789,6093400,0.0042602588509306205
2017-01-11,112.87000274658203,114.19000244140625,112.16999816894531,113.5,9918700,0.0030932255360247574
2017-01-12,114.5199966430664,114.93000030517578,113.80999755859375,113.91000366210938,8457300,0.003612367067042932
2017-01-13,113.6500015258789,114.30999755859375,113.19000244140625,114.20999908447266,7261500,0.0026336178800692167
2017-01-17,115.88999938964844,115.95999908447266,115.5,115.8499984741211,9142400,0.01435950794847174
2017-01-18,115.73999786376953,115.91999816894531,114.55999755859375,114.87000274658203,6498100,-0.008459177733679324
2017-01-19,114.31999969482422,114.95999908447266,113.94000244140625,114.7699966430664,6437000,-0.0008706024299159898
2017-01-20,114.6500015258789,115.76000213623047,114.31999969482422,115.05000305175781,12261500,0.0024397178433508415
2017-01-23,115.51000213623047,116.16999816894531,115.19999694824219,115.79000091552734,6373100,0.006431967354547874
2017-01-24,115.69000244140625,116.0199966430664,114.94000244140625,115.2699966430664,5798800,-0.004490925540628465
2017-01-25,114.13999938964844,114.44000244140625,113.68000030517578,114.31999969482422,6697500,-0.008241493674922662
2017-01-26,113.23999786376953,113.51000213623047,112.83000183105469,113.26000213623047,5390500,-0.009272197003353688
2017-01-27,112.93000030517578,113.55000305175781,112.80999755859375,113.48999786376953,6706600,0.0020306880028346797
2017-01-30,113.61000061035156,114.30000305175781,113.54000091552734,113.97000122070312,7687800,0.004229477187141839
2017-01-31,115.2699966430664,115.81999969482422,115.18000030517578,115.55000305175781,10421900,0.01386331327657886
2017-02-01,114.66000366210938,115.44999694824219,114.13999938964844,115.19999694824219,6932900,-0.0030290445198764004
2017-02-02,116.26000213623047,116.56999969482422,115.62999725341797,115.83999633789062,7189500,0.005555550404536813
2017-02-03,115.7300033569336,116.37000274658203,115.70999908447266,116.12999725341797,9455500,0.0025034610211955854
2017-02-06,117.06999969482422,117.73999786376953,116.73999786376953,117.69999694824219,8547800,0.013519329475210284
2017-02-07,117.30999755859375,117.73999786376953,117.19999694824219,117.45999908447266,8621000,-0.0020390643159919897
2017-02-08,118.08999633789062,118.58999633789062,117.80999755859375,118.19000244140625,9633400,0.00621491028966048
2017-02-09,118.19000244140625,118.58000183105469,117.19999694824219,117.29000091552734,8177200,-0.00761487018603868
2017-02-10,116.68000030517578,117.86000061035156,116.66999816894531,117.5999984741211,9072100,0.0026430007347089113
2017-02-13,116.7300033569336,116.94999694824219,116.1500015258789,116.80000305175781,7354900,-0.006802682251218939
2017-02-14,117.51000213623047,117.55999755859375,116.37999725341797,116.93000030517578,6927800,0.0011129901542927811
2017-02-15,116.33000183105469,117.4800033569336,116.25,117.44999694824219,7088400,0.004447076385095894
2017-02-16,117.93000030517578,118.3499984741211,117.83000183105469,118.08000183105469,6378700,0.0053640263872474225
2017-02-17,118.19000244140625,118.4000015258789,117.62000274658203,117.68000030517578,7338100,-0.0033875467452245678
2017-02-21,117.04000091552734,118.0,116.7699966430664,117.75,6166900,0.000594830851824435
2017-02-22,117.86000061035156,118.0199966430664,117.23999786376953,117.91000366210938,6057200,0.0013588421410561935
2017-02-23,118.76000213623047,119.16000366210938,118.68000030517578,118.94000244140625,7523300,0.008735465586520608
2017-02-24,119.73999786376953,119.87999725341797,119.25,119.69999694824219,9809000,0.00638973004234078
2017-02-27,119.7300033569336,120.4000015258789,119.12000274658203,119.12000274658203,9263500,-0.004845398633643638
2017-02-28,119.70999908447266,119.83999633789062,118.81999969482422,119.2300033569336,8727800,0.0009234436519076628
2017-03-01,117.9800033569336,119.12000274658203,117.94999694824219,119.05999755859375,8679600,-0.0014258642418293332
2017-03-02,117.76000213623047,118.33999633789062,117.2300033569336,117.58000183105469,10986300,-0.01243067157641009
2017-03-03,116.94999694824219,117.7300033569336,116.44000244140625,117.51000213623047,10665800,-0.0005953367386810626
2017-03-06,117.3499984741211,117.3499984741211,116.62999725341797,116.72000122070312,4883500,-0.006722839768239397
2017-03-07,116.12999725341797,116.25,115.62000274658203,115.77999877929688,6846300,-0.008053482107396648
2017-03-08,114.98999786376953,115.36000061035156,114.94999694824219,115.05999755859375,7620900,-0.0062187012290060295
2017-03-09,114.77999877929688,115.02999877929688,114.41000366210938,114.47000122070312,6410900,-0.005127727710842134
2017-03-10,114.44999694824219,114.7300033569336,114.12999725341797,114.72000122070312,7929500,0.002183978311645074
2017-03-13,114.62999725341797,114.91000366210938,114.51000213623047,114.73999786376953,5807400,0.0001743082536056484
2017-03-14,114.54000091552734,115.01000213623047,114.02999877929688,114.12000274658203,5301800,-0.005403478549159679
2017-03-15,114.29000091552734,116.25,114.0199966430664,116.25,13524100,0.018664539100545774
2017-03-16,117.2699966430664,117.29000091552734,116.69000244140625,116.7300033569336,9322000,0.004129061134912737
2017-03-17,117.04000091552734,117.2699966430664,116.91000366210938,116.98999786376953,4683000,0.0022273151662723922
2017-03-20,117.30999755859375,117.5999984741211,117.20999908447266,117.51000213623047,4000200,0.004444860945005402
2017-03-21,117.7699966430664,118.80000305175781,117.76000213623047,118.54000091552734,9567900,0.008765200923941618
2017-03-22,118.87000274658203,119.1500015258789,118.68000030517578,118.83000183105469,7287400,0.0024464392887426634
2017-03-23,119.1500015258789,119.25,118.31999969482422,118.66999816894531,6201100,-0.001346492128619703
2017-03-24,118.5,119.20999908447266,118.38999938964844,118.86000061035156,6879600,0.001601099219161961
2017-03-27,119.93000030517578,120.08000183105469,119.2699966430664,119.52999877929688,8519600,0.005636868294673025
2017-03-28,119.73999786376953,119.83000183105469,118.77999877929688,119.04000091552734,7112800,-0.004099371444605038
2017-03-29,119.22000122070312,119.44999694824219,119.05000305175781,119.33000183105469,4911000,0.002436163586164053
2017-03-30,118.7699966430664,119.12000274658203,118.31999969482422,118.47000122070312,6894600,-0.007206910225050822
2017-03-31,118.61000061035156,119.08000183105469,118.45999908447266,118.72000122070312,8520800,0.0021102388572973307
2017-04-03,118.69000244140625,119.37000274658203,118.66999816894531,119.3499984741211,6105700,0.005306580584065079
2017-04-04,119.58999633789062,119.7699966430664,119.37999725341797,119.62000274658203,4687300,0.002262289701825848
2017-04-05,118.62000274658203,119.62999725341797,118.4000015258789,119.62000274658203,8106000,0.0
2017-04-06,119.22000122070312,119.41999816894531,118.9800033569336,119.18000030517578,4633500,-0.003678334988324705
2017-04-07,120.30000305175781,120.66999816894531,119.13999938964844,119.45999908447266,12351100,0.0023493772325884343
2017-04-10,119.04000091552734,119.69000244140625,118.8499984741211,119.45999908447266,4623700,0.0
2017-04-11,120.33000183105469,121.4000015258789,120.29000091552734,121.19000244140625,12455300,0.014481863135711759
2017-04-12,121.37999725341797,122.22000122070312,121.13999938964844,122.0199966430664,9502500,0.006848701913851674
2017-04-13,122.54000091552734,122.6500015258789,122.02999877929688,122.5999984741211,9892600,0.004753334264967268
2017-04-17,122.55000305175781,123.06999969482422,121.98999786376953,122.23999786376953,8469600,-0.0029363834815018253
2017-04-18,122.43000030517578,123.02999877929688,121.7300033569336,122.81999969482422,10903700,0.004744779460001958
2017-04-19,122.25,122.26000213623047,121.27999877929688,121.7300033569336,8472700,-0.008874746300268521
2017-04-20,121.81999969482422,122.16999816894531,121.5,121.95999908447266,11787300,0.0018893922713916211
2017-04-21,122.13999938964844,122.61000061035156,121.7300033569336,122.30999755859375,15608000,0.002869780885113693
2017-04-24,120.7699966430664,121.51000213623047,120.66000366210938,121.4800033569336,11053600,-0.006785988212145488
2017-04-25,120.52999877929688,120.87000274658203,120.05000305175781,120.25,10344800,-0.010125150830952667
2017-04-26,120.20999908447266,120.95999908447266,119.87000274658203,120.83999633789062,9758800,0.0049064144523129904
2017-04-27,120.41999816894531,120.5999984741211,119.97000122070312,120.38999938964844,8267000,-0.003723907331012466
2017-04-28,120.33999633789062,120.7699966430664,120.2699966430664,120.7699966430664,9134200,0.0031563855415273068
2017-05-01,120.20999908447266,120.75,119.3499984741211,119.66999816894531,9331800,-0.009108209859209682
2017-05-02,119.30000305175781,119.6500015258789,119.23999786376953,119.6500015258789,4900800,-0.00016709821486060594
2017-05-03,119.18000030517578,119.33999633789062,117.91999816894531,117.9800033569336,10811100,-0.013957360197643709
2017-05-04,116.80999755859375,117.27999877929688,116.62999725341797,116.79000091552734,12406900,-0.010086475737808298
2017-05-05,116.86000061035156,117.06999969482422,116.68000030517578,117.01000213623047,7127200,0.0018837333588364036
2017-05-08,117.02999877929688,117.13999938964844,116.68000030517578,116.75,5438400,-0.002222050521183294
2017-05-09,116.18000030517578,116.23999786376953,115.55999755859375,116.05000305175781,6801300,-0.005995691205500586
2017-05-10,116.41999816894531,116.5,115.86000061035156,116.04000091552734,4290500,-8.618815999517082e-05
2017-05-11,116.20999908447266,116.8499984741211,116.19000244140625,116.5,6274400,0.003964142371969848
2017-05-12,117.06999969482422,117.16000366210938,116.7300033569336,116.83000183105469,5434500,0.0028326337429587234
2017-05-15,117.5199966430664,117.54000091552734,116.98999786376953,117.13999938964844,5019600,0.0026534071191921527
2017-05-16,117.44999694824219,117.91000366210938,117.4000015258789,117.6500015258789,4942800,0.0043537829852127174
2017-05-17,119.36000061035156,120.0199966430664,119.2699966430664,119.79000091552734,13936900,0.018189539837597968
2017-05-18,119.7699966430664,119.83999633789062,118.55999755859375,118.80999755859375,10341100,-0.008181011348557088
2017-05-19,119.38999938964844,119.55000305175781,118.87999725341797,119.4000015258789,6787300,0.0049659454541624015
2017-05-22,119.62999725341797,120.13999938964844,119.58000183105469,119.9000015258789,5132500,0.004187604636601616
2017-05-23,120.12999725341797,120.19000244140625,118.9800033569336,119.13999938964844,8305400,-0.006338633249028169
2017-05-24,119.06999969482422,119.73999786376953,118.91999816894531,119.61000061035156,7025000,0.003944948993712671
2017-05-25,119.5199966430664,119.69999694824219,119.29000091552734,119.4800033569336,4105100,-0.0010868426783263718
2017-05-26,120.48999786376953,120.79000091552734,120.33000183105469,120.54000091552734,6791600,0.00887175702052101
2017-05-30,120.23999786376953,120.33000183105469,119.94999694824219,120.13999938964844,4507500,-0.003318413164433487
2017-05-31,120.30999755859375,121.2300033569336,120.26000213623047,120.62000274658203,10360700,0.003995366733579031
2017-06-01,120.16999816894531,120.73999786376953,120.05999755859375,120.72000122070312,8702500,0.0008290372396291268
2017-06-02,121.30999755859375,121.70999908447266,121.19000244140625,121.61000061035156,7268100,0.0073724269437449585
2017-06-05,121.91000366210938,121.94000244140625,121.58000183105469,121.7300033569336,3979200,0.0009867835373715828
2017-06-06,123.08999633789062,123.30999755859375,122.7699966430664,123.0999984741211,10798500,0.011254375087548674
2017-06-07,122.79000091552734,123.16000366210938,122.0199966430664,122.44999694824219,9039200,-0.005280272412152454
2017-06-08,122.06999969482422,122.08000183105469,120.94999694824219,121.6500015258789,8169800,-0.006533241668445489
2017-06-09,120.45999908447266,120.91000366210938,120.4000015258789,120.54000091552734,7054700,-0.00912454251071615
2017-06-12,120.33000183105469,120.69000244140625,120.2699966430664,120.36000061035156,4927400,-0.0014932827593217013
2017-06-13,119.94999694824219,120.70999908447266,119.91999816894531,120.4800033569336,3786600,0.0009970317877492363
2017-06-14,121.51000213623047,121.87999725341797,119.56999969482422,119.81999969482422,21124800,-0.00547811789275976
2017-06-15,119.22000122070312,119.5,119.12999725341797,119.31999969482422,6796700,-0.004172926066378535
2017-06-16,119.3499984741211,119.5,119.23999786376953,119.33999633789062,6435700,0.00016758836001962152
2017-06-19,118.73999786376953,118.83999633789062,118.33000183105469,118.43000030517578,6787000,-0.007625239321596311
2017-06-20,118.41999816894531,118.45999908447266,118.06999969482422,118.18000030517578,4617400,-0.0021109516115493943
2017-06-21,118.1500015258789,118.66000366210938,118.1500015258789,118.5199966430664,4723700,0.0028769363429739236
2017-06-22,119.12999725341797,119.19999694824219,118.5999984741211,118.91999816894531,5811900,0.0033749707830614817
2017-06-23,119.6500015258789,119.66000366210938,119.30999755859375,119.43000030517578,9258600,0.004288615406013774
2017-06-26,118.29000091552734,118.54000091552734,118.16999816894531,118.36000061035156,6593400,-0.008959220397639522
2017-06-27,118.87000274658203,119.05000305175781,118.4800033569336,118.80999755859375,5759300,0.0038019343183648413
2017-06-28,119.05999755859375,119.05999755859375,118.69000244140625,118.9000015258789,4220100,0.0007575454013519778
2017-06-29,117.97000122070312,118.63999938964844,117.91000366210938,118.31999969482422,7705200,-0.00487806411784153
2017-06-30,118.08000183105469,118.41000366210938,117.94999694824219,118.0199966430664,7272600,-0.00253552275635216
2017-07-03,116.54000091552734,116.8499984741211,115.94000244140625,116.08999633789062,12145000,-0.016353163532217163
2017-07-05,115.91000366210938,116.66999816894531,115.87000274658203,116.5199966430664,7223300,0.003704025486608087
2017-07-06,116.58000183105469,116.61000061035156,116.23999786376953,116.47000122070312,4443400,-0.00042907160833882685
2017-07-07,115.77999877929688,115.79000091552734,114.80000305175781,115.27999877929688,11153600,-0.010217244173899132
2017-07-10,115.0199966430664,115.56999969482422,114.83000183105469,115.47000122070312,4970900,0.0016481821948142183
2017-07-11,115.26000213623047,115.7699966430664,114.87999725341797,115.62000274658203,6637900,0.0012990519121256483
2017-07-12,116.20999908447266,116.33000183105469,115.87000274658203,116.02999877929688,4654400,0.0035460648934033667
2017-07-13,116.04000091552734,116.04000091552734,115.66999816894531,115.81999969482422,4148900,-0.0018098688846157618
2017-07-14,117.04000091552734,117.25,116.63999938964844,116.7699966430664,5788200,0.008202356680584888
2017-07-17,117.41999816894531,117.52999877929688,117.2300033569336,117.29000091552734,5170800,0.004453235312239068
2017-07-18,117.98999786376953,118.33000183105469,117.87999725341797,118.11000061035156,7158600,0.006991215691223296
2017-07-19,118.18000030517578,118.2699966430664,117.83999633789062,118.08000183105469,3205100,-0.0002539901713813908
2017-07-20,117.91999816894531,118.62000274658203,117.66000366210938,118.23999786376953,5571600,0.001354979930841882
2017-07-21,119.0,119.38999938964844,118.75,119.26000213623047,10135900,0.008626558617128355
2017-07-24,119.5199966430664,119.58000183105469,119.18000030517578,119.30999755859375,3654300,0.00041921366315400554
2017-07-25,118.98999786376953,119.31999969482422,118.79000091552734,118.91999816894531,6203000,-0.0032687905257637873
2017-07-26,118.56999969482422,120.1500015258789,118.55000305175781,119.87999725341797,8527900,0.008072646310579579
2017-07-27,120.0999984741211,120.13999938964844,119.27999877929688,119.79000091552734,6385200,-0.0007507202198243634
2017-07-28,120.1500015258789,120.86000061035156,120.13999938964844,120.69000244140625,7393600,0.00751316068954333
2017-07-31,120.5,120.80999755859375,120.44999694824219,120.75,3944600,0.0004971211979458712
2017-08-01,120.44000244140625,121.13999938964844,120.44000244140625,120.6500015258789,7365100,-0.0008281447132181263
2017-08-02,120.51000213623047,121.0199966430664,120.33999633789062,120.4000015258789,5945300,-0.002072109381170417
2017-08-03,120.30999755859375,120.83000183105469,120.30999755859375,120.58999633789062,4275600,0.0015780299800982611
2017-08-04,119.97000122070312,120.04000091552734,119.22000122070312,119.6500015258789,8644800,-0.007794965092940864
2017-08-07,119.43000030517578,119.79000091552734,119.43000030517578,119.51000213623047,3010100,-0.0011700742821817434
2017-08-08,120.0199966430664,120.12000274658203,118.97000122070312,119.86000061035156,7227200,0.0029286123995055924
2017-08-09,121.0199966430664,121.55000305175781,120.76000213623047,121.30999755859375,9186200,0.012097421498902916
2017-08-10,122.08000183105469,122.44000244140625,122.02999877929688,122.20999908447266,9817900,0.007419021877765664
2017-08-11,122.23999786376953,122.83000183105469,122.02999877929688,122.79000091552734,8019500,0.004745944156777204
2017-08-14,121.9800033569336,122.23999786376953,121.68000030517578,121.91999816894531,6035300,-0.007085289845225606
2017-08-15,120.5999984741211,121.2300033569336,120.58000183105469,120.9800033569336,6731300,-0.007709931316675078
2017-08-16,120.66000366210938,122.05999755859375,120.66000366210938,121.87000274658203,8267300,0.007356582616572016
2017-08-17,122.29000091552734,122.61000061035156,121.76000213623047,122.48999786376953,8183800,0.00508734802014188
2017-08-18,123.37000274658203,123.54000091552734,122.0,122.30000305175781,13654200,-0.0015511047050799087
2017-08-21,122.54000091552734,122.9800033569336,122.5,122.76000213623047,5549700,0.0037612352656932746
2017-08-22,122.55999755859375,122.55999755859375,121.8499984741211,122.20999908447266,6493900,-0.00448031151993189
2017-08-23,122.58000183105469,122.69000244140625,122.30999755859375,122.66999816894531,5038400,0.003764005301683193
2017-08-24,122.38999938964844,122.63999938964844,122.12999725341797,122.29000091552734,4193400,-0.003097719565419932
2017-08-25,122.7699966430664,123.0199966430664,121.29000091552734,122.73999786376953,12398200,0.003679752595251218
2017-08-28,123.33000183105469,124.7300033569336,123.33000183105469,124.69000244140625,11578300,0.015887278895027057
2017-08-29,125.80999755859375,125.87000274658203,124.05000305175781,124.41999816894531,9861500,-0.0021654043401579948
2017-08-30,124.33000183105469,124.62000274658203,124.16000366210938,124.36000061035156,6328400,-0.00048221796718150856
2017-08-31,124.58000183105469,125.83999633789062,124.55000305175781,125.81999969482422,11775500,0.011740101940391323
2017-09-01,126.01000213623047,126.16999816894531,125.12000274658203,126.05999755859375,11567400,0.0019074699121892635
2017-09-05,126.6500015258789,127.77999877929688,126.56999969482422,127.45999908447266,11813100,0.011105834943620163
2017-09-06,127.33999633789062,127.44000244140625,126.55000305175781,126.80999755859375,10059300,-0.005099651110527015
2017-09-07,127.55999755859375,128.32000732421875,127.38999938964844,128.1300048828125,10219700,0.010409331674411826
2017-09-08,128.2100067138672,128.3000030517578,127.58999633789062,127.97000122070312,9020000,-0.0012487602904230899
2017-09-11,126.73999786376953,126.94000244140625,126.05000305175781,126.19000244140625,9126600,-0.01390950036975469
2017-09-12,126.02999877929688,126.58999633789062,125.94000244140625,126.55999755859375,8349000,0.0029320477853171933
2017-09-13,126.4000015258789,126.44999694824219,125.5,125.61000061035156,8491000,-0.007506297144185381
2017-09-14,125.66000366210938,126.44000244140625,125.62000274658203,126.16000366210938,5330700,0.004378656548724491
2017-09-15,125.98999786376953,125.98999786376953,125.41000366210938,125.52999877929688,8375100,-0.004993697404288455
2017-09-18,124.70999908447266,124.76000213623047,123.97000122070312,124.36000061035156,8859800,-0.009320466663927607
2017-09-19,124.48999786376953,124.6500015258789,124.02999877929688,124.62000274658203,5826500,0.0020907215740946228
2017-09-20,124.68000030517578,125.05999755859375,123.1500015258789,123.62000274658203,11415400,-0.008024393981386213
2017-09-21,122.55999755859375,123.06999969482422,122.48999786376953,122.68000030517578,7757900,-0.007603967161635139
2017-09-22,123.02999877929688,123.38999938964844,122.93000030517578,123.23999786376953,6011900,0.004564701313993336
2017-09-25,122.77999877929688,124.66000366210938,122.70999908447266,124.52999877929688,10257200,0.010467388330802407
2017-09-26,123.56999969482422,123.80999755859375,122.9000015258789,123.13999938964844,8673600,-0.01116196421162674
2017-09-27,122.04000091552734,122.51000213623047,121.87999725341797,121.9800033569336,6903900,-0.009420139990778287
2017-09-28,122.04000091552734,122.4800033569336,121.83000183105469,122.20999908447266,5968200,0.001885519931214219
2017-09-29,122.29000091552734,122.30000305175781,121.55000305175781,121.58000183105469,10208000,-0.005155038524977895
2017-10-02,121.16999816894531,121.33999633789062,120.73999786376953,120.7699966430664,11755400,-0.006662322551317712
2017-10-03,120.72000122070312,121.0999984741211,120.69999694824219,120.83000183105469,3728700,0.0004968550936175209
2017-10-04,121.20999908447266,121.2699966430664,120.70999908447266,121.16999816894531,6475200,0.002813840376879373
2017-10-05,121.1500015258789,121.23999786376953,120.4000015258789,120.5199966430664,6205400,-0.0053643767904709705
2017-10-06,120.26000213623047,121.20999908447266,119.77999877929688,121.08999633789062,10013300,0.004729503075844965
2017-10-09,121.63999938964844,122.11000061035156,121.55000305175781,122.08000183105469,5264100,0.0081757826666502
2017-10-10,122.62000274658203,122.97000122070312,122.36000061035156,122.4000015258789,9315500,0.002621229439913275
2017-10-11,122.56999969482422,122.87999725341797,122.02999877929688,122.79000091552734,5649400,0.0031862694835504968
2017-10-12,122.83999633789062,123.04000091552734,122.5,122.88999938964844,3037600,0.000814386133850542
2017-10-13,123.66000366210938,123.86000061035156,123.33999633789062,123.81999969482422,6820300,0.0075677460313676725
2017-10-16,123.81999969482422,123.97000122070312,122.56999969482422,122.97000122070312,8202000,-0.006864791440930884
2017-10-17,122.02999877929688,122.31999969482422,121.7300033569336,122.12999725341797,7041300,-0.006830966568647456
2017-10-18,121.70999908447266,121.94000244140625,121.55000305175781,121.66999816894531,3666400,-0.003766470931119148
2017-10-19,122.19999694824219,122.55000305175781,122.11000061035156,122.38999938964844,5567300,0.005917656213846323
2017-10-20,121.68000030517578,121.9800033569336,121.38999938964844,121.61000061035156,8481100,-0.006373059753138954
2017-10-23,120.9800033569336,121.9000015258789,120.95999908447266,121.80000305175781,5069700,0.0015623915833617996
2017-10-24,121.26000213623047,121.70999908447266,120.9800033569336,121.33000183105469,5114100,-0.003858794818776823
2017-10-25,121.30999755859375,121.58999633789062,120.83999633789062,121.3499984741211,4282400,0.0001648120231156902
2017-10-26,121.16000366210938,121.16000366210938,120.22000122070312,120.33000183105469,6438800,-0.00840541125580585
2017-10-27,120.37999725341797,120.98999786376953,120.20999908447266,120.9000015258789,6664200,0.004736970715121469
2017-10-30,120.37999725341797,121.47000122070312,120.37999725341797,121.12999725341797,5119200,0.0019023633137824625
2017-10-31,120.81999969482422,120.83999633789062,120.37999725341797,120.66999816894531,3910500,-0.003797565383496959
2017-11-01,120.9800033569336,121.55000305175781,120.83999633789062,121.11000061035156,4647800,0.003646328400454868
2017-11-02,121.29000091552734,121.95999908447266,121.05000305175781,121.19000244140625,5369500,0.0006605716344769696
2017-11-03,121.36000061035156,121.43000030517578,120.18000030517578,120.62000274658203,6330600,-0.004703355749991034
2017-11-06,120.72000122070312,121.8499984741211,120.68000030517578,121.6500015258789,6953800,0.008539203746006141
2017-11-07,121.51000213623047,121.55999755859375,120.77999877929688,121.20999908447266,4165900,-0.003616953850285376
2017-11-08,121.94999694824219,122.25,121.58999633789062,121.62999725341797,5565200,0.0034650455582678763
2017-11-09,121.8499984741211,122.41000366210938,121.7300033569336,122.12999725341797,6072400,0.004110828013571766
2017-11-10,121.98999786376953,122.11000061035156,120.94000244140625,121.12999725341797,7116200,-0.008187996581421442
2017-11-13,121.43000030517578,121.55000305175781,121.2699966430664,121.30999755859375,6249300,0.0014860093226882753
2017-11-14,120.9000015258789,121.91000366210938,120.7699966430664,121.55999755859375,6189000,0.0020608359165059653
2017-11-15,122.12999725341797,122.36000061035156,121.25,121.41000366210938,4984800,-0.0012339083538733808
2017-11-16,121.44999694824219,121.70999908447266,121.29000091552734,121.4000015258789,2796500,-8.23831309511025e-05
2017-11-17,122.1500015258789,123.16999816894531,121.94999694824219,122.86000061035156,10614000,0.012026351450757033
2017-11-20,122.30000305175781,122.41000366210938,121.04000091552734,121.30999755859375,8356700,-0.012616010451388715
2017-11-21,121.66999816894531,122.0,121.5,121.51000213623047,4956500,0.0016487064682373376
2017-11-22,122.26000213623047,122.94999694824219,122.16999816894531,122.62999725341797,5211800,0.009217308019892956
2017-11-24,122.36000061035156,122.61000061035156,122.22000122070312,122.31999969482422,1779700,-0.002527909692056296
2017-11-27,123.26000213623047,123.33000183105469,122.66999816894531,122.83000183105469,4961200,0.004169409233999888
2017-11-28,123.05000305175781,123.16999816894531,122.52999877929688,122.80999755859375,5603100,-0.0001628614521104188
2017-11-29,122.23999786376953,122.33000183105469,121.73999786376953,122.04000091552734,6138900,-0.0062698205225436565
2017-11-30,121.44000244140625,121.69999694824219,120.63999938964844,121.0999984741211,7936300,-0.007702412605330111
2017-12-01,120.94000244140625,122.43000030517578,120.73999786376953,121.58999633789062,13080100,0.004046225185331043
2017-12-04,121.1500015258789,121.19999694824219,120.83999633789062,121.18000030517578,6943700,-0.00337195530112111
2017-12-05,120.0999984741211,120.51000213623047,119.72000122070312,120.31999969482422,10041200,-0.007096885692240984
2017-12-06,120.04000091552734,120.44000244140625,119.87000274658203,120.06999969482422,6643000,-0.002077792558461522
2017-12-07,119.01000213623047,119.23999786376953,118.0999984741211,118.48999786376953,12900200,-0.01315900587216201
2017-12-08,118.48999786376953,118.91999816894531,118.33000183105469,118.4800033569336,5231300,-8.434894941455884e-05
2017-12-11,118.37000274658203,118.54000091552734,117.80000305175781,118.01000213623047,4522200,-0.003966924437765251
2017-12-12,117.6500015258789,118.16999816894531,117.4000015258789,118.1500015258789,8020100,0.0011863349471583629
2017-12-13,118.19000244140625,119.3499984741211,118.01000213623047,119.16999816894531,10086700,0.008633065001213636
2017-12-14,119.0999984741211,119.29000091552734,118.70999908447266,118.93000030517578,6993600,-0.002013911785324396
2017-12-15,119.41000366210938,119.5,118.97000122070312,119.18000030517578,7532000,0.0021020768465358497
2017-12-18,119.62999725341797,119.98999786376953,119.5999984741211,119.7300033569336,5452200,0.004614893860962033
2017-12-19,119.66999816894531,119.9000015258789,119.52999877929688,119.81999969482422,4018900,0.0007516606979649509
2017-12-20,119.9800033569336,120.36000061035156,119.80999755859375,120.13999938964844,5734600,0.002670670135530351
2017-12-21,120.06999969482422,120.44999694824219,120.0,120.30999755859375,4823700,0.0014150005810633637
2017-12-22,120.66999816894531,121.13999938964844,120.56999969482422,120.94000244140625,5791300,0.005236513137702126
2017-12-26,121.55000305175781,121.87000274658203,121.51000213623047,121.7699966430664,8224400,0.006862859144246114
2017-12-27,122.0,122.33999633789062,121.87999725341797,122.2300033569336,6232700,0.0037776687734956127
2017-12-28,122.81999969482422,122.91999816894531,122.55999755859375,122.8499984741211,5732700,0.005072364396301321
2017-12-29,123.69999694824219,124.08999633789062,123.45999908447266,123.6500015258789,7852100,0.006512031434223742
2018-01-02,124.66000366210938,125.18000030517578,124.38999938964844,125.1500015258789,11762500,0.012131014811884722
2018-01-03,125.05000305175781,125.08999633789062,124.0999984741211,124.81999969482422,7904300,-0.002636850395774437
2018-01-04,124.88999938964844,125.8499984741211,124.73999786376953,125.45999908447266,7329700,0.00512737855482448
2018-01-05,124.93000030517578,125.4800033569336,124.83000183105469,125.33000183105469,5739900,-0.0010361649479244672
2018-01-08,125.19999694824219,125.31999969482422,124.9000015258789,125.30999755859375,3566700,-0.00015961279955856167
2018-01-09,124.48999786376953,124.86000061035156,124.2300033569336,124.7300033569336,9153600,-0.0046284750854691525
2018-01-10,125.16999816894531,125.30999755859375,124.72000122070312,125.02999877929688,14809300,0.002405158456580736
2018-01-11,125.37000274658203,125.66000366210938,125.25,125.44000244140625,5994700,0.003279242310744168
2018-01-12,126.01000213623047,127.12999725341797,125.80999755859375,126.95999908447266,9258600,0.012117319941670202
2018-01-16,126.5999984741211,127.18000030517578,126.4000015258789,127.16999816894531,8083900,0.0016540570729914883
2018-01-17,126.7699966430664,127.22000122070312,125.9000015258789,126.13999938964844,10130500,-0.008099385028916384
2018-01-18,126.12999725341797,126.5199966430664,125.80000305175781,125.86000061035156,6289300,-0.002219746160232239
2018-01-19,126.56999969482422,126.7300033569336,126.41000366210938,126.41999816894531,8773800,0.004449368789751107
2018-01-22,126.51000213623047,126.75,126.27999877929688,126.6500015258789,4893500,0.0018193589642852004
2018-01-23,126.52999877929688,127.3499984741211,126.33999633789062,127.27999877929688,6190400,0.004974316982453653
2018-01-24,128.38999938964844,129.25999450683594,128.22999572753906,128.8300018310547,11827600,0.012177899643490031
2018-01-25,128.69000244140625,129.50999450683594,127.36000061035156,127.97000122070312,15219700,-0.006675468432262743
2018-01-26,128.24000549316406,128.52000427246094,127.97000122070312,128.07000732421875,7828700,0.0007814808358339587
2018-01-29,127.58000183105469,127.62999725341797,126.91999816894531,127.3499984741211,6956400,-0.005621994291566623
2018-01-30,127.91000366210938,127.91999816894531,126.73999786376953,126.80000305175781,9736100,-0.004318770545372663
2018-01-31,127.44999694824219,127.8499984741211,126.4000015258789,127.6500015258789,13418900,0.006703457836465088
2018-02-01,127.18000030517578,128.14999389648438,127.08000183105469,128.07000732421875,10854600,0.003290292152912322
2018-02-02,126.80999755859375,126.8499984741211,125.95999908447266,126.38999938964844,16789200,-0.013117887393550687
2018-02-05,126.81999969482422,127.30999755859375,126.44000244140625,126.70999908447266,13596300,0.002531843471552664
2018-02-06,126.54000091552734,126.55000305175781,125.22000122070312,125.37999725341797,17672500,-0.010496423649786535
2018-02-07,125.4800033569336,125.7699966430664,124.41000366210938,124.79000091552734,8558500,-0.004705665583148222
2018-02-08,124.91999816894531,125.44000244140625,124.51000213623047,124.9800033569336,7343600,0.0015225774502147793
2018-02-09,124.6500015258789,125.13999938964844,124.38999938964844,124.7699966430664,14140700,-0.0016803225174144565
2018-02-12,125.19000244140625,125.81999969482422,125.11000061035156,125.37000274658203,6984900,0.004808897328354433
2018-02-13,125.66999816894531,126.18000030517578,125.5199966430664,126.08000183105469,5321300,0.0056632293923437604
2018-02-14,126.47000122070312,128.58999633789062,126.29000091552734,128.22999572753906,16416400,0.017052616317100977
2018-02-15,128.42999267578125,128.57000732421875,127.94000244140625,128.3800048828125,7276500,0.001169844500285011
2018-02-16,128.3000030517578,128.6999969482422,127.56999969482422,127.95999908447266,7956900,-0.003271582663696204
2018-02-20,127.27999877929688,127.4000015258789,126.04000091552734,126.23999786376953,11148700,-0.013441710167313103
2018-02-21,126.36000061035156,126.76000213623047,125.44000244140625,125.66000366210938,7908800,-0.004594377467322608
2018-02-22,125.91999816894531,126.37000274658203,125.87999725341797,126.30000305175781,5346300,0.005093103382117992
2018-02-23,126.05999755859375,126.30000305175781,125.8499984741211,126.13999938964844,4239700,-0.0012668539845070992
2018-02-26,126.44999694824219,126.62000274658203,126.18000030517578,126.44999694824219,3194300,0.0024575674654647717
2018-02-27,126.05999755859375,126.1500015258789,124.58999633789062,125.12999725341797,7082300,-0.01043890649807222
2018-02-28,125.08999633789062,125.45999908447266,124.80999755859375,125.0,4534900,-0.0010388975966705294
2018-03-01,124.1500015258789,125.30999755859375,123.58000183105469,124.72000122070312,12910100,-0.0022399902343750444
2018-03-02,125.66999816894531,125.69000244140625,124.97000122070312,125.38999938964844,9994300,0.005372018620811936
2018-03-05,125.3499984741211,125.4800033569336,124.95999908447266,125.18000030517578,5778300,-0.0016747674096407872
2018-03-06,126.19999694824219,126.95999908447266,126.12999725341797,126.52999877929688,8676800,0.010784458146907872
2018-03-07,126.22000122070312,126.29000091552734,125.41999816894531,125.72000122070312,5158700,-0.006401624645603676
2018-03-08,125.69000244140625,125.69999694824219,125.12999725341797,125.41999816894531,3474900,-0.0023862794212923255
2018-03-09,124.94000244140625,125.69000244140625,124.77999877929688,125.54000091552734,5066800,0.0009568071147663115
2018-03-12,125.04000091552734,125.56999969482422,124.83999633789062,125.54000091552734,2884300,0.0
2018-03-13,125.66999816894531,125.98999786376953,125.05000305175781,125.77999877929688,4798300,0.0019117242474055995
2018-03-14,125.48999786376953,125.76000213623047,125.33999633789062,125.69999694824219,3777000,-0.0006360457292980959
2018-03-15,125.12000274658203,125.20999908447266,124.72000122070312,124.9000015258789,6130100,-0.006364323323672649
2018-03-16,124.83999633789062,124.87000274658203,124.20999908447266,124.5999984741211,7402200,-0.0024019459414951205
2018-03-19,124.56999969482422,125.16000366210938,124.41999816894531,124.87000274658203,4335400,0.0021669685053569143
2018-03-20,124.41000366210938,124.55000305175781,123.95999908447266,124.30999755859375,3399400,-0.004484705499084418
2018-03-21,125.4000015258789,126.76000213623047,125.02999877929688,126.4800033569336,12532000,0.01745640608927701
2018-03-22,126.08999633789062,126.33999633789062,125.63999938964844,125.9800033569336,5298700,-0.003953194075975608
2018-03-23,127.81999969482422,128.05999755859375,127.61000061035156,127.61000061035156,12025900,0.012938539529958382
2018-03-26,128.0500030517578,128.5800018310547,128.00999450683594,128.27999877929688,6169800,0.005250357853935794
2018-03-27,127.2300033569336,127.62000274658203,127.05000305175781,127.48999786376953,6180700,-0.0061584106879087885
2018-03-28,126.4800033569336,126.61000061035156,125.51000213623047,125.7300033569336,10254900,-0.01380496145836152
2018-03-29,125.41999816894531,125.80999755859375,125.30999755859375,125.79000091552734,7102000,0.0004771936450476133
2018-04-02,126.6500015258789,127.54000091552734,126.37999725341797,127.26000213623047,11421100,0.011686153191860393
2018-04-03,126.54000091552734,126.58999633789062,126.01000213623047,126.30000305175781,6083700,-0.007543604183229413
2018-04-04,127.5,127.52999877929688,126.31999969482422,126.44999694824219,7488300,0.0011876001018218396
2018-04-05,125.44999694824219,126.08000183105469,125.43000030517578,125.80000305175781,5333000,-0.005140323544257752
2018-04-06,126.56999969482422,126.5999984741211,126.12999725341797,126.38999938964844,6121200,0.004689954877408642
2018-04-09,126.44999694824219,126.86000061035156,126.2300033569336,126.81999969482422,4189900,0.0034021703240154633
2018-04-10,127.0199966430664,127.30999755859375,126.66999816894531,127.12000274658203,5268800,0.0023655815524343815
2018-04-11,128.08999633789062,129.47000122070312,127.77999877929688,128.11000061035156,12348600,0.007787899955785216
2018-04-12,127.25,127.33999633789062,126.47000122070312,126.62000274658203,8141300,-0.011630613197024187
2018-04-13,127.06999969482422,127.75,127.02999877929688,127.44999694824219,6821300,0.006555000660688037
2018-04-16,127.73999786376953,128.0500030517578,127.56999969482422,127.62999725341797,4600000,0.0014123209845888773
2018-04-17,127.0199966430664,127.77999877929688,127.0,127.75,4184100,0.0009402393572395251
2018-04-18,128.32000732421875,128.5399932861328,127.75,127.8499984741211,6755600,0.0007827669207129961
2018-04-19,127.80999755859375,127.87999725341797,127.12999725341797,127.5999984741211,8736100,-0.001955416527053
2018-04-20,126.69000244140625,126.97000122070312,126.55000305175781,126.62999725341797,10403100,-0.007601890535287481
2018-04-23,125.62000274658203,125.76000213623047,125.33999633789062,125.62000274658203,6921500,-0.007975949843974872
2018-04-24,125.77999877929688,126.33999633789062,125.66999816894531,126.2300033569336,4733100,0.004855919415812648
2018-04-25,125.2300033569336,125.51000213623047,125.05999755859375,125.41000366210938,5985700,-0.006496075996334616
2018-04-26,125.54000091552734,125.56999969482422,124.69000244140625,124.97000122070312,7517100,-0.0035085115107064135
2018-04-27,125.19999694824219,125.62000274658203,125.16999816894531,125.5,5654000,0.004241008034887361
2018-04-30,124.41000366210938,125.19999694824219,124.19000244140625,124.58999633789062,9830600,-0.007251025196090666
2018-05-01,123.9000015258789,123.9800033569336,123.38999938964844,123.70999908447266,7551600,-0.007063145351023148
2018-05-02,123.9000015258789,124.54000091552734,123.58000183105469,123.6500015258789,7614000,-0.0004849855228984401
2018-05-03,124.66000366210938,124.76000213623047,124.23999786376953,124.27999877929688,4857400,0.005095004008440096
2018-05-04,124.0999984741211,124.6500015258789,124.0,124.54000091552734,5883600,0.002092067418605348
2018-05-07,124.5,124.69999694824219,124.30000305175781,124.56999969482422,3397500,0.0002408766587147504
2018-05-08,124.13999938964844,124.94999694824219,123.79000091552734,124.58999633789062,5551100,0.00016052535213439967
2018-05-09,124.44999694824219,124.87000274658203,124.23999786376953,124.33000183105469,4405600,-0.0020868008225221057
2018-05-10,125.22000122070312,125.37000274658203,124.75,125.18000030517578,5218400,0.0068366320405601755
2018-05-11,125.56999969482422,125.58999633789062,124.94000244140625,125.0,4299200,-0.0014379318160805399
2018-05-14,125.16000366210938,125.20999908447266,124.44000244140625,124.48999786376953,3753200,-0.004080017089843735
2018-05-15,122.81999969482422,122.81999969482422,122.12999725341797,122.4800033569336,10911900,-0.01614583132241265
2018-05-16,122.37999725341797,122.61000061035156,122.02999877929688,122.29000091552734,4943300,-0.0015512935679184991
2018-05-17,122.2300033569336,122.43000030517578,122.04000091552734,122.36000061035156,7781300,0.0005724073456552237
2018-05-18,122.05000305175781,122.6500015258789,122.01000213623047,122.41000366210938,6837100,0.0004086552101045804
2018-05-21,122.16000366210938,122.52999877929688,121.97000122070312,122.4800033569336,4126700,0.0005718461950008358
2018-05-22,122.69999694824219,122.73999786376953,122.33999633789062,122.41000366210938,4579600,-0.0005715193738216051
2018-05-23,122.13999938964844,122.73999786376953,122.11000061035156,122.54000091552734,7007300,0.001061982268841355
2018-05-24,123.0999984741211,123.81999969482422,123.08000183105469,123.58999633789062,8850100,0.00856859323093273
2018-05-25,123.66000366210938,123.69999694824219,123.20999908447266,123.20999908447266,7920700,-0.003074660285441455
2018-05-29,122.83999633789062,123.63999938964844,122.66000366210938,123.19000244140625,9013200,-0.000162297242228715
2018-05-30,123.16999816894531,123.61000061035156,123.16999816894531,123.37000274658203,4573700,0.001461160009810003
2018-05-31,123.26000213623047,123.77999877929688,123.0999984741211,123.0999984741211,7862500,-0.00218857312515075
2018-06-01,122.58000183105469,123.08999633789062,122.44000244140625,122.48999786376953,8059100,-0.004955325896935703
2018-06-04,122.8499984741211,122.93000030517578,122.37000274658203,122.37000274658203,4345400,-0.000979631964080463
2018-06-05,122.55000305175781,123.2300033569336,122.27999877929688,122.8499984741211,6864200,0.003922495029546447
2018-06-06,123.08000183105469,123.3499984741211,122.62999725341797,122.91999816894531,4083700,0.0005697980927446
2018-06-07,122.95999908447266,123.1500015258789,122.69000244140625,122.86000061035156,3700700,-0.00048810250152531154
2018-06-08,123.08000183105469,123.12000274658203,122.91000366210938,123.01000213623047,3865700,0.0012209142530825723
2018-06-11,123.0999984741211,123.41999816894531,123.0199966430664,123.2300033569336,3201200,0.0017884823744616085
2018-06-12,122.94999694824219,123.18000030517578,122.63999938964844,122.81999969482422,7279600,-0.0033271415316106223
2018-06-13,122.83999633789062,123.33999633789062,122.47000122070312,123.19000244140625,5867700,0.003012561044629436
2018-06-14,123.62999725341797,123.86000061035156,123.31999969482422,123.37999725341797,8015400,0.0015422908372948463
2018-06-15,122.18000030517578,122.19999694824219,120.83000183105469,121.33999633789062,14537000,-0.01653429211330959
2018-06-18,121.3499984741211,121.44000244140625,120.98999786376953,121.11000061035156,3846000,-0.0018954650937899054
2018-06-19,120.80999755859375,121.02999877929688,120.58000183105469,120.80000305175781,4925800,-0.0025596363391253707
2018-06-20,120.79000091552734,120.80999755859375,120.16000366210938,120.26000213623047,4548500,-0.004470206141435118
2018-06-21,119.91999816894531,120.31999969482422,119.81999969482422,120.05000305175781,5681900,-0.001746208886931222
2018-06-22,120.20999908447266,120.4000015258789,120.0999984741211,120.33999633789062,4489400,0.0024156041546103957
2018-06-25,120.0,120.2300033569336,119.83000183105469,119.88999938964844,9300200,-0.0037393797734436296
2018-06-26,119.27999877929688,119.58999633789062,119.08999633789062,119.26000213623047,8674500,-0.0052547940330739396
2018-06-27,118.95999908447266,119.05000305175781,118.4800033569336,118.58000183105469,6480100,-0.005701830395735019
2018-06-28,118.58999633789062,118.66999816894531,118.01000213623047,118.22000122070312,7760500,-0.00303593021413906
2018-06-29,118.43000030517578,118.94000244140625,118.26000213623047,118.6500015258789,8002800,0.003637288959023266
2018-07-02,118.18000030517578,118.20999908447266,117.4000015258789,117.45999908447266,12021900,-0.010029518972628937
2018-07-03,118.41000366210938,119.08000183105469,118.37999725341797,118.6500015258789,8901000,0.01013112932642235
2018-07-05,118.91999816894531,119.33000183105469,118.7699966430664,119.05000305175781,4951900,0.003371272825408722
2018-07-06,118.97000122070312,119.02999877929688,118.7300033569336,118.86000061035156,2946900,-0.0015959885471287238
2018-07-09,119.6500015258789,119.7300033569336,119.13999938964844,119.1500015258789,4074900,0.0024398528860691826
2018-07-10,118.88999938964844,119.0,118.61000061035156,118.93000030517578,3754800,-0.001846422307055895
2018-07-11,118.44999694824219,118.52999877929688,117.62000274658203,117.63999938964844,6974500,-0.010846724226159843
2018-07-12,118.0,118.26000213623047,117.94000244140625,118.12999725341797,4585300,0.004165231777556899
2018-07-13,117.62000274658203,117.75,117.44999694824219,117.61000061035156,5444300,-0.004401901762097649
2018-07-16,117.51000213623047,117.62999725341797,117.27999877929688,117.55000305175781,3670700,-0.0005101399394812356
2018-07-17,116.72000122070312,116.93000030517578,116.12000274658203,116.27999877929688,7939600,-0.01080394929383155
2018-07-18,116.02999877929688,116.3499984741211,115.83000183105469,116.30999755859375,5391800,0.00025798744076199753
2018-07-19,115.12999725341797,116.47000122070312,115.12000274658203,115.80999755859375,14227600,-0.004298856594405098
2018-07-20,116.4000015258789,116.70999908447266,116.23999786376953,116.55999755859375,7892000,0.006476124823511453
2018-07-23,116.25,116.30999755859375,115.76000213623047,116.0,6247100,-0.004804371742649027
2018-07-24,116.22000122070312,116.43000030517578,115.91000366210938,116.04000091552734,4801000,0.0003448354786839136
2018-07-25,116.79000091552734,116.83999633789062,116.2699966430664,116.68000030517578,5479600,0.005515334234738045
2018-07-26,116.23999786376953,116.51000213623047,115.7699966430664,115.7699966430664,6382700,-0.0077991400388178755
2018-07-27,115.91999816894531,116.23999786376953,115.7699966430664,115.83000183105469,5242000,0.0005183138095208317
2018-07-30,115.80000305175781,116.0199966430664,115.63999938964844,115.6500015258789,4157400,-0.0015540041641225466
2018-07-31,115.47000122070312,116.3499984741211,115.38999938964844,115.98999786376953,5508500,0.002939873181190933
2018-08-01,115.62999725341797,115.69999694824219,115.12999725341797,115.13999938964844,7941700,-0.007328204929526905
2018-08-02,115.16999816894531,115.2300033569336,114.41999816894531,114.5199966430664,6204200,-0.005384772884042377
2018-08-03,115.08999633789062,115.52999877929688,114.86000061035156,114.91999816894531,5953200,0.003492853105171001
2018-08-06,114.55999755859375,114.72000122070312,114.30999755859375,114.33000183105469,5811600,-0.0051339744804317355
2018-08-07,114.8499984741211,114.94000244140625,114.41999816894531,114.58999633789062,5188000,0.0022740706959851753
2018-08-08,114.75,114.94999694824219,114.41000366210938,114.91000366210938,3808000,0.002792628802213759
2018-08-09,115.0199966430664,115.12000274658203,114.69000244140625,114.73999786376953,4253000,-0.0014794690881722028
2018-08-10,114.80999755859375,115.2300033569336,114.61000061035156,114.69000244140625,6757900,-0.0004357279352805721
2018-08-13,113.80999755859375,113.80999755859375,112.83000183105469,112.95999908447266,9150900,-0.01508416880379293
2018-08-14,113.25,113.4800033569336,112.83999633789062,113.06999969482422,7085900,0.0009738014451408095
2018-08-15,112.16999816894531,112.18000030517578,111.05999755859375,111.19000244140625,12398400,-0.016626844065553037
2018-08-16,111.45999908447266,111.87999725341797,111.0999984741211,111.0999984741211,7484600,-0.0008094609704913935
2018-08-17,111.69000244140625,112.1500015258789,111.37999725341797,112.12999725341797,8471000,0.009270916232611892
2018-08-20,112.37999725341797,112.73999786376953,112.16000366210938,112.69000244140625,5313400,0.0049942495470025605
2018-08-21,112.7699966430664,113.0999984741211,112.44000244140625,113.0199966430664,5042400,0.002928336094692563
2018-08-22,113.38999938964844,113.48999786376953,113.06999969482422,113.2699966430664,6215600,0.002211997942183075
2018-08-23,112.68000030517578,112.87999725341797,112.05999755859375,112.19999694824219,5500100,-0.009446452957847074
2018-08-24,113.25,114.41999816894531,113.20999908447266,114.16000366210938,9214700,0.01746886601762876
2018-08-27,114.12000274658203,114.77999877929688,114.12000274658203,114.58999633789062,4364000,0.00376657902932398
2018-08-28,114.76000213623047,114.87000274658203,113.55000305175781,113.68000030517578,6101400,-0.007941321771505638
2018-08-29,114.16000366210938,114.20999908447266,113.8499984741211,114.19999694824219,5616300,0.004574213948543848
2018-08-30,113.91999816894531,113.93000030517578,113.23999786376953,113.63999938964844,5431600,-0.004903656511020316
2018-08-31,113.72000122070312,114.05999755859375,113.44000244140625,113.51000213623047,5048700,-0.0011439392301669793
2018-09-04,112.75,113.06999969482422,112.61000061035156,112.93000030517578,6617500,-0.005109698001402485
2018-09-05,113.36000061035156,113.44000244140625,113.12000274658203,113.31999969482422,4459200,0.0034534613352918964
2018-09-06,113.88999938964844,114.26000213623047,113.27999877929688,113.54000091552734,4784700,0.0019414156485668688
2018-09-07,113.26000213623047,113.5999984741211,112.97000122070312,113.2300033569336,3714000,-0.0027302937827557994
2018-09-10,113.26000213623047,113.43000030517578,113.0,113.1500015258789,2316500,-0.000706542689065337
2018-09-11,112.6500015258789,113.37000274658203,112.41999816894531,113.22000122070312,3791300,0.0006186451072049959
2018-09-12,113.12000274658203,114.38999938964844,113.05999755859375,114.16999816894531,6315900,0.008390716640166218
2018-09-13,114.72000122070312,114.77999877929688,113.58000183105469,113.76000213623047,5635900,-0.003591101333891067
2018-09-14,113.79000091552734,113.9000015258789,112.91000366210938,113.0199966430664,5375600,-0.006504970809317334
2018-09-17,113.5999984741211,114.02999877929688,113.55000305175781,113.61000061035156,4727300,0.005220350246058381
2018-09-18,113.79000091552734,113.91000366210938,113.27999877929688,113.44000244140625,4737800,-0.0014963310274801467
2018-09-19,113.94000244140625,114.1500015258789,113.68000030517578,113.87999725341797,4223200,0.0038786565809445506
2018-09-20,114.20999908447266,114.37000274658203,113.86000061035156,114.2699966430664,4384200,0.0034246522572403126
2018-09-21,112.87000274658203,113.68000030517578,112.79000091552734,113.48999786376953,6831400,-0.006825928084458366
2018-09-24,113.68000030517578,113.95999908447266,113.43000030517578,113.47000122070312,4435300,-0.00017619740455376842
2018-09-25,113.75,113.88999938964844,113.56999969482422,113.6500015258789,3004800,0.0015863250483771907
2018-09-26,113.11000061035156,113.5999984741211,112.66000366210938,113.05000305175781,8297300,-0.005279352979018381
2018-09-27,112.0999984741211,112.41999816894531,111.8499984741211,112.05000305175781,7683400,-0.008845643281780058
2018-09-28,112.16000366210938,113.0,112.06999969482422,112.76000213623047,6020600,0.006336448595585464
2018-10-01,112.4000015258789,112.62000274658203,112.1500015258789,112.56999969482422,3892600,-0.001685016298391906
2018-10-02,113.69999694824219,114.33000183105469,113.61000061035156,113.87000274658203,10776700,0.011548397044346626
2018-10-03,113.87000274658203,114.05000305175781,113.26000213623047,113.41999816894531,6674500,-0.003951915050342092
2018-10-04,113.83000183105469,114.19000244140625,113.26000213623047,113.4800033569336,6616200,0.0005290529796950771
2018-10-05,113.80999755859375,114.0999984741211,113.56999969482422,113.80000305175781,7994400,0.002819877382429281
2018-10-08,112.25,112.58999633789062,111.9000015258789,112.54000091552734,12111600,-0.011072074713894375
2018-10-09,112.37000274658203,112.66999816894531,111.97000122070312,112.5999984741211,8352300,0.0005331220730910857
2018-10-10,112.47000122070312,112.95999908447266,112.25,112.87999725341797,10571300,0.00248666770063255
2018-10-11,114.19999694824219,116.04000091552734,114.08999633789062,115.77999877929688,26810900,0.025691013434101517
2018-10-12,115.58000183105469,115.70999908447266,115.08000183105469,115.2300033569336,12939300,-0.004750349180877911
2018-10-15,116.12000274658203,116.52999877929688,115.88999938964844,116.0,11828400,0.006682258271583086
2018-10-16,116.48999786376953,116.5999984741211,115.80000305175781,115.80000305175781,9531800,-0.0017241116227775244
2018-10-17,115.88999938964844,116.33000183105469,115.68000030517578,115.79000091552734,7078600,-8.63742311474347e-05
2018-10-18,115.83000183105469,116.41000366210938,115.62999725341797,115.91999816894531,7964100,0.001122698440194414
2018-10-19,116.2300033569336,116.23999786376953,115.95999908447266,116.01000213623047,7453900,0.0007764317521294917
2018-10-22,115.56999969482422,115.77999877929688,115.43000030517578,115.70999908447266,5200500,-0.002586010225269386
2018-10-23,117.16000366210938,117.25,116.33000183105469,116.38999938964844,12704200,0.005876763551604158
2018-10-24,116.37999725341797,116.72000122070312,116.11000061035156,116.66000366210938,8563300,0.0023198236435848507
2018-10-25,116.58000183105469,116.7300033569336,116.19000244140625,116.4000015258789,8303500,-0.002228717024418514
2018-10-26,116.83000183105469,117.6500015258789,116.45999908447266,116.7699966430664,15733100,0.0031786521678458524
2018-10-29,116.41000366210938,116.54000091552734,115.83999633789062,116.30999755859375,8732500,-0.003939360261170033
2018-10-30,115.8499984741211,116.04000091552734,115.63999938964844,115.80000305175781,7233300,-0.0043847864976440665
2018-10-31,114.88999938964844,115.16999816894531,114.66000366210938,115.1500015258789,11409300,-0.005613139108367582
2018-11-01,116.33000183105469,117.06999969482422,116.18000030517578,116.62999725341797,13662900,0.01285276342099273
2018-11-02,116.61000061035156,116.9800033569336,116.38999938964844,116.6500015258789,8796900,0.00017151910256396619
2018-11-05,116.27999877929688,116.66999816894531,116.2300033569336,116.37000274658203,6291500,-0.0024003324100665413
2018-11-06,116.44000244140625,116.52999877929688,115.73999786376953,116.04000091552734,7270800,-0.002835798085983776
2018-11-07,116.26000213623047,116.3499984741211,115.9000015258789,116.02999877929688,8392100,-8.619558903444346e-05
2018-11-08,115.7699966430664,116.1500015258789,115.5,115.77999877929688,7638800,-0.0021546152083956605
2018-11-09,114.5999984741211,114.75,114.13999938964844,114.4800033569336,14159200,-0.011228151978489587
2018-11-12,114.01000213623047,114.05000305175781,113.58000183105469,113.66000366210938,7498600,-0.007162820324765118
2018-11-13,113.72000122070312,113.93000030517578,113.41999816894531,113.69999694824219,9309000,0.0003518677181439944
2018-11-14,113.52999877929688,115.05999755859375,113.45999908447266,114.63999938964844,13950200,0.008267391966898296
2018-11-15,114.83000183105469,114.98999786376953,114.55999755859375,114.7699966430664,8910600,0.0011339606953078007
2018-11-16,115.83000183105469,115.87999725341797,115.37000274658203,115.62000274658203,8577000,0.00740616997802257
2018-11-19,115.44999694824219,115.91999816894531,115.37000274658203,115.66999816894531,8508300,0.0004324115306661991
2018-11-20,115.94000244140625,115.94999694824219,115.37000274658203,115.66999816894531,9075100,0.0
2018-11-21,115.94000244140625,116.3499984741211,115.86000061035156,115.86000061035156,8834200,0.0016426250921932617
2018-11-23,115.76000213623047,115.87999725341797,115.58999633789062,115.7699966430664,3726600,-0.0007768338236752159
2018-11-26,115.83999633789062,115.87000274658203,115.52999877929688,115.63999938964844,4018600,-0.0011228924348919422
2018-11-27,115.55000305175781,115.62999725341797,114.5999984741211,114.94999694824219,9671100,-0.00596681464067883
2018-11-28,114.76000213623047,116.06999969482422,114.58999633789062,115.37999725341797,13788800,0.0037407596049732206
2018-11-29,115.97000122070312,116.23999786376953,115.55999755859375,115.73999786376953,6479300,0.0031201301691909933
2018-11-30,115.41999816894531,115.66000366210938,115.04000091552734,115.54000091552734,8169600,-0.0017279847238081958
2018-12-03,116.5999984741211,116.7699966430664,116.30000305175781,116.41000366210938,8469500,0.007529883500850154
2018-12-04,117.37000274658203,117.38999938964844,116.93000030517578,117.12000274658203,7186100,0.00609912432039339
2018-12-06,117.37999725341797,117.69000244140625,116.91999816894531,117.13999938964844,9267600,0.0001707363609755319
2018-12-07,117.62000274658203,118.2300033569336,117.54000091552734,118.08999633789062,10402900,0.00810992789134457
2018-12-10,117.69999694824219,117.94000244140625,117.41999816894531,117.68000030517578,8117900,-0.003471894702593792
2018-12-11,117.66999816894531,117.88999938964844,117.3499984741211,117.54000091552734,6395400,-0.001189661703648759
2018-12-12,117.69999694824219,117.94999694824219,117.61000061035156,117.79000091552734,4136800,0.0021269354947484054
2018-12-13,117.54000091552734,117.62000274658203,117.26000213623047,117.52999877929688,4131800,-0.002207336227265433
2018-12-14,116.62999725341797,117.30000305175781,116.58000183105469,117.05999755859375,7501700,-0.0039989894119348834
2018-12-17,117.37000274658203,118.02999877929688,117.3499984741211,117.87000274658203,8454900,0.0069195729103175285
2018-12-18,117.8499984741211,118.19999694824219,117.80999755859375,118.1500015258789,7542900,0.0023754880187698557
2018-12-19,118.23999786376953,118.95999908447266,117.4000015258789,117.43000030517578,13827500,-0.006093958623821227
2018-12-20,119.11000061035156,119.73999786376953,118.68000030517578,119.23999786376953,18615100,0.015413416962360094
2018-12-21,119.19000244140625,119.25,118.56999969482422,118.72000122070312,13629800,-0.004360924625816387
2018-12-24,119.56999969482422,120.13999938964844,119.56999969482422,120.0199966430664,9736400,0.010950096100037499
2018-12-26,120.62000274658203,121.0,119.56999969482422,119.66000366210938,14293500,-0.002999441684935489
2018-12-27,120.56999969482422,120.9000015258789,120.13999938964844,120.56999969482422,11874400,0.007604847107346435
2018-12-28,120.80000305175781,121.08000183105469,120.72000122070312,121.05999755859375,6864700,0.004064011487183938
2018-12-31,120.9800033569336,121.26000213623047,120.83000183105469,121.25,8449400,0.0015694898830167503
2019-01-02,121.3499984741211,121.75,120.87999725341797,121.33000183105469,12776200,0.0006598089159148834
2019-01-03,121.77999877929688,122.45999908447266,121.7300033569336,122.43000030517578,15440800,0.009066170423806419
2019-01-04,121.31999969482422,121.5999984741211,120.69000244140625,121.44000244140625,13334000,-0.00808623590052937
2019-01-07,122.16000366210938,122.22000122070312,121.56999969482422,121.86000061035156,7473600,0.003458482876331992
2019-01-08,121.1500015258789,121.70999908447266,121.05999755859375,121.52999877929688,7643100,-0.00270804061547536
2019-01-09,121.44999694824219,122.33999633789062,121.44000244140625,122.30999755859375,10555900,0.006418158373500793
2019-01-10,121.9800033569336,122.18000030517578,121.56999969482422,121.58999633789062,6672000,-0.005886691481276518
2019-01-11,121.73999786376953,122.05000305175781,121.66000366210938,121.80000305175781,8622400,0.001727170986037363
2019-01-14,122.1500015258789,122.23999786376953,121.87000274658203,122.08999633789062,6477100,0.002380897199235621
2019-01-15,122.27999877929688,122.37999725341797,121.62000274658203,121.87999725341797,7512500,-0.0017200351443329431
2019-01-16,122.04000091552734,122.44000244140625,122.0199966430664,122.2699966430664,6878100,0.003199863787636481
2019-01-17,122.02999877929688,122.26000213623047,121.80999755859375,122.11000061035156,8558500,-0.001308546962521917
2019-01-18,121.2300033569336,121.5199966430664,121.0199966430664,121.0199966430664,10896000,-0.008926410300850951
2019-01-22,121.18000030517578,121.5,120.9000015258789,121.44999694824219,7896500,0.0035531343340227117
2019-01-23,120.95999908447266,121.54000091552734,120.86000061035156,121.27999877929688,5224900,-0.0013997379433262624
2019-01-24,121.16000366210938,121.36000061035156,120.91999816894531,121.08999633789062,5662500,-0.0015666428373899421
2019-01-25,122.0199966430664,122.91000366210938,122.0199966430664,122.86000061035156,11103300,0.01461726258147622
2019-01-28,122.75,123.29000091552734,122.72000122070312,123.29000091552734,8522200,0.0034999210730881636
2019-01-29,123.70999908447266,124.0,123.45999908447266,123.9800033569336,11610200,0.005596580714432919
2019-01-30,123.91000366210938,125.06999969482422,123.69999694824219,124.69000244140625,12104000,0.005726722578225818
2019-01-31,125.18000030517578,125.2300033569336,124.62000274658203,124.75,10209500,0.00048117377030232333
2019-02-01,124.88999938964844,125.05000305175781,124.37000274658203,124.5,12485500,-0.002004008016032066
2019-02-04,123.98999786376953,124.29000091552734,123.81999969482422,123.95999908447266,6878900,-0.004337356751223598
2019-02-05,124.29000091552734,124.41999816894531,124.05000305175781,124.27999877929688,6291100,0.002581475453272253
2019-02-06,124.16000366210938,124.19000244140625,123.4000015258789,123.44000244140625,6595100,-0.006758902044908588
2019-02-07,123.80000305175781,123.94999694824219,123.44000244140625,123.73999786376953,5935500,0.002430293392984062
2019-02-08,124.05000305175781,124.33000183105469,123.9800033569336,124.20999908447266,4235200,0.0037982966608789415
2019-02-11,123.19000244140625,123.81999969482422,123.19000244140625,123.5999984741211,4821800,-0.004911042708701019
2019-02-12,123.95999908447266,124.02999877929688,123.61000061035156,123.86000061035156,4271900,0.002103577179937588
2019-02-13,123.83999633789062,124.55000305175781,123.30999755859375,123.37000274658203,7640500,-0.003956062177902009
2019-02-14,123.83999633789062,124.19999694824219,123.52999877929688,124.05999755859375,6276500,0.005592889654295163
2019-02-15,124.58999633789062,125.0,124.18000030517578,124.80000305175781,12190100,0.005964900110646543
2019-02-19,125.9800033569336,126.79000091552734,125.93000030517578,126.69999694824219,15614000,0.015224309695700766
2019-02-20,127.0,127.20999908447266,126.30999755859375,126.4800033569336,8889700,-0.0017363346220005127
2019-02-21,126.1500015258789,126.22000122070312,125.05000305175781,125.05000305175781,8634600,-0.011306137470128319
2019-02-22,125.52999877929688,125.94999694824219,125.38999938964844,125.5,5439400,0.0035985360836492397
2019-02-25,125.77999877929688,125.9000015258789,125.2300033569336,125.37000274658203,4882600,-0.0010358346885893654
2019-02-26,125.33000183105469,125.62000274658203,125.05000305175781,125.58000183105469,5153200,0.001675034536747555
2019-02-27,125.16999816894531,125.2300033569336,124.4000015258789,124.69000244140625,7935600,-0.0070871108191714605
2019-02-28,124.70999908447266,124.70999908447266,123.9800033569336,123.98999786376953,7811700,-0.005613959130088775
2019-03-01,123.4800033569336,123.95999908447266,121.87000274658203,121.87999725341797,16411700,-0.017017506627186707
2019-03-04,121.55999755859375,121.8499984741211,121.18000030517578,121.55999755859375,10272600,-0.0026255308667169075
2019-03-05,121.37999725341797,121.7300033569336,121.02999877929688,121.72000122070312,7120100,0.0013162525939691694
2019-03-06,121.43000030517578,121.63999938964844,121.26000213623047,121.61000061035156,4820400,-0.0009037184460104486
2019-03-07,121.2699966430664,121.70999908447266,121.18000030517578,121.51000213623047,6088800,-0.0008222882461903502
2019-03-08,122.69999694824219,122.88999938964844,122.37000274658203,122.83999633789062,10427700,0.010945553273622899
2019-03-11,122.5199966430664,122.54000091552734,121.91999816894531,122.23999786376953,6708700,-0.004884390198699684
2019-03-12,122.54000091552734,123.02999877929688,122.4000015258789,122.9800033569336,6289900,0.006053709964792153
2019-03-13,123.55999755859375,123.87999725341797,123.43000030517578,123.83999633789062,7377300,0.006992949727453013
2019-03-14,122.33000183105469,122.55000305175781,122.12000274658203,122.41000366210938,6778200,-0.011547098821608426
2019-03-15,123.05999755859375,123.4000015258789,122.91000366210938,122.97000122070312,9412000,0.004574769560006908
2019-03-18,123.30000305175781,123.4000015258789,122.88999938964844,123.04000091552734,7783200,0.0005692420438265788
2019-03-19,123.72000122070312,123.79000091552734,123.33999633789062,123.37999725341797,6558700,0.002763299214570525
2019-03-20,123.66000366210938,124.41999816894531,122.6500015258789,124.18000030517578,11304900,0.006484057947534483
2019-03-21,124.36000061035156,124.37000274658203,123.11000061035156,123.68000030517578,7739800,-0.004026413261163153
2019-03-22,123.93000030517578,124.22000122070312,123.7300033569336,123.97000122070312,5874000,0.002344768069306058
2019-03-25,124.55999755859375,125.11000061035156,124.4800033569336,124.91999816894531,7288300,0.007663119616744263
2019-03-26,124.4800033569336,124.51000213623047,124.06999969482422,124.30000305175781,5056100,-0.004963137418149799
2019-03-27,124.3499984741211,124.37999725341797,123.55999755859375,123.6500015258789,6595000,-0.005229296137734152
2019-03-28,122.27999877929688,122.36000061035156,121.70999908447266,121.9000015258789,11878300,-0.014152850613865509
2019-03-29,122.63999938964844,122.75,122.01000213623047,122.01000213623047,7093900,0.0009023839948698598
2019-04-01,122.4000015258789,122.43000030517578,121.45999908447266,121.52999877929688,13560000,-0.003934131206699276
2019-04-02,121.72000122070312,122.01000213623047,121.68000030517578,121.9800033569336,4475000,0.0037028271386223555
2019-04-03,121.7300033569336,122.01000213623047,121.68000030517578,121.80000305175781,6152200,-0.0014756542074283452
2019-04-04,121.0999984741211,122.23999786376953,120.95999908447266,122.11000061035156,7508400,0.00254513588527594
2019-04-05,121.87999725341797,122.12999725341797,121.66000366210938,121.9800033569336,5114500,-0.0010645913747292512
2019-04-08,122.97000122070312,123.0199966430664,122.4000015258789,122.51000213623047,4270800,0.004344964459018774
2019-04-09,123.26000213623047,123.3499984741211,123.02999877929688,123.1500015258789,4648400,0.0052240582686200465
2019-04-10,123.22000122070312,123.7699966430664,123.19000244140625,123.52999877929688,6344800,0.003085645543724258
2019-04-11,122.54000091552734,122.75,121.79000091552734,121.94999694824219,11694500,-0.012790430232882732
2019-04-12,121.95999908447266,122.30999755859375,121.80000305175781,121.83000183105469,5272800,-0.0009839698252590567
2019-04-15,121.19999694824219,121.81999969482422,121.0999984741211,121.5999984741211,4252400,-0.0018879040751599296
2019-04-16,120.37999725341797,120.62999725341797,120.19000244140625,120.51000213623047,10097800,-0.008963785785923273
2019-04-17,120.45999908447266,120.51000213623047,120.19999694824219,120.27999877929688,4693900,-0.0019085831288392363
2019-04-18,120.23999786376953,120.54000091552734,120.1500015258789,120.37000274658203,4090400,0.0007482870651696061
2019-04-22,120.45999908447266,120.5,120.2699966430664,120.37000274658203,2250900,0.0
2019-04-23,119.66999816894531,120.19999694824219,119.55000305175781,120.12000274658203,5574800,-0.002076929420084306
2019-04-24,120.05999755859375,120.72000122070312,120.04000091552734,120.47000122070312,4173000,0.0029137401441747812
2019-04-25,120.72000122070312,121.0999984741211,120.5,120.56999969482422,4836900,0.0008300695036758121
2019-04-26,121.26000213623047,121.66999816894531,121.22000122070312,121.37000274658203,6022700,0.006635175033447016
2019-04-29,120.87999725341797,120.91000366210938,120.66999816894531,120.83000183105469,4469300,-0.004449212353194509
2019-04-30,120.88999938964844,121.36000061035156,120.8499984741211,121.19999694824219,4758600,0.0030621129817147708
2019-05-01,121.02999877929688,121.55000305175781,120.18000030517578,120.4000015258789,12331800,-0.0066006224629272525
2019-05-02,119.69000244140625,120.11000061035156,119.54000091552734,119.94000244140625,6759600,-0.0038205903541769226
2019-05-03,120.55999755859375,121.08000183105469,120.4800033569336,120.6500015258789,8414400,0.005919618726200282
2019-05-06,120.61000061035156,121.12000274658203,120.54000091552734,120.80999755859375,3479600,0.001326117121353887
2019-05-07,121.0199966430664,121.41999816894531,120.91000366210938,121.20999908447266,4010700,0.003310996887363693
2019-05-08,121.54000091552734,121.54000091552734,120.7699966430664,120.91000366210938,4178800,-0.0024750055657883907
2019-05-09,120.95999908447266,121.62000274658203,120.86000061035156,121.19999694824219,5015500,0.002398422606480155
2019-05-10,121.41000366210938,121.7300033569336,121.30000305175781,121.43000030517578,4586000,0.001897717514232511
2019-05-13,122.62999725341797,122.8499984741211,122.33000183105469,122.66999816894531,11130900,0.010211626950944463
2019-05-14,122.5999984741211,122.66000366210938,122.12000274658203,122.45999908447266,5556000,-0.001711902564663248
2019-05-15,122.70999908447266,122.7699966430664,122.22000122070312,122.38999938964844,10299000,-0.0005716127335255727
2019-05-16,122.02999877929688,122.06999969482422,121.19000244140625,121.51000213623047,6349400,-0.007190107507202059
2019-05-17,121.02999877929688,121.05999755859375,120.33000183105469,120.6500015258789,6589300,-0.007077611679961793
2019-05-20,120.51000213623047,120.73999786376953,120.41999816894531,120.63999938964844,4345800,-8.290208125960596e-05
2019-05-21,120.08000183105469,120.36000061035156,119.83000183105469,120.36000061035156,3845600,-0.002320944800343727
2019-05-22,120.3499984741211,120.5,120.19000244140625,120.23999786376953,3741800,-0.0009970317877491253
2019-05-23,120.81999969482422,121.5199966430664,120.7699966430664,121.16999816894531,6054600,0.007734533613593886
2019-05-24,121.12999725341797,121.30999755859375,120.88999938964844,121.30000305175781,2324700,0.0010729131367257505
2019-05-28,120.80000305175781,120.83999633789062,120.45999908447266,120.83000183105469,4303500,-0.0038747008151563955
2019-05-29,121.11000061035156,121.26000213623047,120.75,120.87000274658203,4133200,0.00033105118696652447
2019-05-30,120.95999908447266,121.69000244140625,120.80000305175781,121.69000244140625,7757000,0.0067841455794739325
2019-05-31,122.55000305175781,123.4000015258789,122.31999969482422,123.33000183105469,15367000,0.013476862164072179
2019-06-03,124.08999633789062,125.33999633789062,123.9000015258789,125.11000061035156,14173600,0.014432812396575123
2019-06-04,124.87999725341797,125.41999816894531,124.61000061035156,125.1500015258789,7997100,0.0003197259638094696
2019-06-05,126.18000030517578,126.37000274658203,125.23999786376953,125.47000122070312,7637900,0.00255692921232642
2019-06-06,125.93000030517578,126.44999694824219,125.80000305175781,125.87999725341797,5551800,0.003267681746441209
2019-06-07,126.79000091552734,127.25,126.31999969482422,126.58999633789062,8145900,0.0056402851919619135
2019-06-10,125.45999908447266,125.52999877929688,125.06999969482422,125.33000183105469,5410000,-0.00995334973762696
2019-06-11,124.94000244140625,125.4000015258789,124.87999725341797,125.18000030517578,4757800,-0.0011968524989021123
2019-06-12,125.5999984741211,126.19999694824219,125.55999755859375,125.83000183105469,5756200,0.00519253494403471
2019-06-13,126.02999877929688,126.7699966430664,125.95999908447266,126.5999984741211,5374800,0.006119340633088832
2019-06-14,127.20999908447266,127.62999725341797,126.26000213623047,126.55999755859375,9226100,-0.00031596300165459557
2019-06-17,126.69999694824219,126.7699966430664,126.16999816894531,126.4800033569336,4763300,-0.0006320654488249922
2019-06-18,127.58000183105469,127.75,126.38999938964844,127.12000274658203,10309600,0.005060083591572395
2019-06-19,126.7699966430664,127.98999786376953,126.69999694824219,127.88999938964844,11660600,0.006057242183997058
2019-06-20,130.41000366210938,131.49000549316406,130.19000244140625,131.11000061035156,18636300,0.025177896911959374
2019-06-21,131.77000427246094,132.1699981689453,131.07000732421875,131.97999572753906,15068000,0.006635612181659978
2019-06-24,132.77000427246094,134.0399932861328,132.5800018310547,133.94000244140625,17851800,0.014850786310930397
2019-06-25,134.89999389648438,135.5500030517578,133.2100067138672,134.1999969482422,24772200,0.0019411266395166216
2019-06-26,132.99000549316406,133.5500030517578,132.41000366210938,132.97000122070312,12016400,-0.009165393111099984
2019-06-27,132.3800048828125,132.97000122070312,132.25999450683594,132.83999633789062,8412800,-0.000977700846950591
2019-06-28,133.0500030517578,133.33999633789062,132.61000061035156,133.1999969482422,8077000,0.0027100317696175935
2019-07-01,131.55999755859375,131.75999450683594,130.5500030517578,130.6199951171875,13317700,-0.019369383559800002
2019-07-02,131.27000427246094,133.6300048828125,131.16000366210938,133.41000366210938,13282100,0.021359735486276676
2019-07-03,133.61000061035156,134.10000610351562,133.22999572753906,133.6300048828125,6351500,0.001649060899963084
2019-07-05,131.4600067138672,132.32000732421875,130.80999755859375,132.13999938964844,11536600,-0.011150231525253074
2019-07-08,132.17999267578125,132.33999633789062,131.27999877929688,131.2899932861328,8028900,-0.006432617734537516
2019-07-09,131.42999267578125,132.10000610351562,131.16000366210938,131.75,6633400,0.0035037454291328984
2019-07-10,132.94000244140625,133.8699951171875,132.35000610351562,133.8300018310547,13920600,0.015787490178783115
2019-07-11,133.5800018310547,133.6999969482422,132.41000366210938,132.6999969482422,7535100,-0.008443584154164463
2019-07-12,132.88999938964844,133.69000244140625,132.52999877929688,133.52999877929688,6309500,0.006254723814186791
2019-07-15,133.17999267578125,133.52999877929688,132.80999755859375,133.52999877929688,4026600,0.0
2019-07-16,133.17999267578125,133.3000030517578,132.1300048828125,132.39999389648438,7966000,-0.008462554430785363
2019-07-17,133.0,134.60000610351562,132.88999938964844,134.5800018310547,11288300,0.01646531748539748
2019-07-18,133.8300018310547,136.6300048828125,133.61000061035156,136.47999572753906,18448200,0.014117951186161548
2019-07-19,135.4499969482422,136.02999877929688,133.97000122070312,134.47000122070312,18079200,-0.014727392803034478
2019-07-22,134.55999755859375,134.82000732421875,134.32000732421875,134.4499969482422,7570400,-0.00014876383044060137
2019-07-23,134.42999267578125,134.9499969482422,133.55999755859375,133.69000244140625,9981400,-0.005652618252780628
2019-07-24,134.58999633789062,134.83999633789062,133.97999572753906,134.3699951171875,6715200,0.005086339018351538
2019-07-25,134.24000549316406,134.27999877929688,133.08999633789062,133.4199981689453,11708200,-0.007070008058076338
2019-07-26,134.24000549316406,134.2899932861328,133.58999633789062,133.63999938964844,6249900,0.001648937368628589
2019-07-29,134.05999755859375,134.72999572753906,133.44000244140625,134.52999877929688,9162400,0.006659678193005059
2019-07-30,134.75999450683594,135.17999267578125,134.41000366210938,134.97999572753906,9458700,0.003344956160896251
2019-07-31,135.02999877929688,135.4199981689453,133.02000427246094,133.2100067138672,18797200,-0.013112972808538625
2019-08-01,132.4199981689453,136.42999267578125,132.30999755859375,136.41000366210938,27719800,0.02402219643390402
2019-08-02,135.38999938964844,136.60000610351562,135.3699951171875,135.88999938964844,13753200,-0.0038120684590625675
2019-08-05,137.92999267578125,138.63999938964844,137.0500030517578,137.7899932861328,17519800,0.013981852270352535
2019-08-06,138.3300018310547,139.02999877929688,138.00999450683594,138.91000366210938,9471200,0.008128386897085838
2019-08-07,141.27999877929688,142.47000122070312,140.8800048828125,141.02000427246094,26671100,0.015189695160357397
2019-08-08,140.89999389648438,142.3699951171875,140.7100067138672,141.72999572753906,13108600,0.005034686098196239
2019-08-09,141.27999877929688,142.02999877929688,140.9600067138672,141.25999450683594,9485900,-0.0033161732510501585
2019-08-12,141.6699981689453,143.3800048828125,141.63999938964844,142.6300048828125,15264000,0.009698502260031328
2019-08-13,143.1699981689453,143.2899932861328,139.35000610351562,141.77999877929688,29842800,-0.005959518154781018
2019-08-14,142.89999389648438,143.75,142.0500030517578,142.75,20672900,0.0068415942238304606
2019-08-15,142.9600067138672,144.02000427246094,142.61000061035156,143.6999969482422,13467800,0.0066549698650941735
2019-08-16,142.75,143.1300048828125,141.8000030517578,142.77999877929688,11728800,-0.006402214255277094
2019-08-19,141.3300018310547,141.7899932861328,140.85000610351562,141.11000061035156,10552700,-0.011696303286335752
2019-08-20,141.77000427246094,142.25999450683594,141.60000610351562,142.2100067138672,7478500,0.007795380191040424
2019-08-21,141.6199951171875,142.1699981689453,141.4600067138672,141.75999450683594,8114700,-0.003164420123660472
2019-08-22,141.38999938964844,141.89999389648438,141.1699981689453,141.39999389648438,6846500,-0.0025395077899371676
2019-08-23,141.83999633789062,144.3300018310547,141.63999938964844,144.1699981689453,20282200,0.019589847185487175
2019-08-26,144.35000610351562,144.97000122070312,143.91000366210938,144.19000244140625,12195800,0.00013875475282665306
2019-08-27,144.3000030517578,145.67999267578125,144.27000427246094,145.57000732421875,12844100,0.00957073902105865
2019-08-28,145.38999938964844,145.67999267578125,144.63999938964844,145.16000366210938,11452400,-0.002816539407023644
2019-08-29,145.39999389648438,145.49000549316406,143.27999877929688,144.1199951171875,14762500,-0.007164566813753437
2019-08-30,143.83999633789062,144.8800048828125,143.02000427246094,143.75,9642200,-0.0025672712303844714
2019-09-03,144.9600067138672,146.1300048828125,144.74000549316406,145.75,15615200,0.013913043478260834
2019-09-04,145.5399932861328,146.82000732421875,145.5,146.66000366210938,11285900,0.006243592878966586
2019-09-05,144.97999572753906,145.00999450683594,142.0,143.13999938964844,20293200,-0.024001119491110168
2019-09-06,143.63999938964844,144.05999755859375,141.86000061035156,141.9199981689453,14175200,-0.008523132778435305
2019-09-09,142.3699951171875,142.4600067138672,141.17999267578125,141.38999938964844,11323800,-0.0037344897557421985
2019-09-10,141.22999572753906,141.52999877929688,140.16000366210938,140.17999267578125,12629200,-0.008557937047107611
2019-09-11,140.33999633789062,141.25999450683594,140.27999877929688,141.02999877929688,7453000,0.006063676329913781
2019-09-12,142.67999267578125,143.10000610351562,141.11000061035156,141.32000732421875,12673700,0.002056360685188219
2019-09-13,141.72999572753906,141.99000549316406,140.05999755859375,140.14999389648438,13451700,-0.008279177519783909
2019-09-16,141.60000610351562,142.0500030517578,141.02000427246094,141.32000732421875,8094600,0.008348294532203537
2019-09-17,141.82000732421875,142.11000061035156,141.22000122070312,141.60000610351562,7010200,0.0019813102518067005
2019-09-18,141.92999267578125,142.52999877929688,139.80999755859375,140.7100067138672,15026300,-0.006285306153149484
2019-09-19,141.57000732421875,141.74000549316406,141.08999633789062,141.27999877929688,8057400,0.004050828215713009
2019-09-20,141.61000061035156,143.02999877929688,141.4600067138672,142.9499969482422,12110000,0.011820485442912032
2019-09-23,143.22000122070312,143.94000244140625,143.07000732421875,143.75,9006500,0.005596383832365381
2019-09-24,143.2100067138672,144.77000427246094,142.8800048828125,144.50999450683594,10576300,0.005286918308423871
2019-09-25,144.0800018310547,144.2899932861328,141.44000244140625,141.8300018310547,11648400,-0.018545379403875573
2019-09-26,142.19000244140625,142.57000732421875,141.55999755859375,141.7899932861328,7984600,-0.0002820880237280887
2019-09-27,140.35000610351562,141.67999267578125,140.16000366210938,141.05999755859375,9804200,-0.005148429100112373
2019-09-30,139.77000427246094,140.2100067138672,138.02999877929688,138.8699951171875,15459100,-0.015525325955691782
2019-10-01,138.07000732421875,140.19000244140625,137.8000030517578,139.6300048828125,12476200,0.005472814807717441
2019-10-02,140.7899932861328,141.8800048828125,140.4600067138672,141.25999450683594,11914300,0.011673634369571584
2019-10-03,141.36000061035156,143.25,141.2899932861328,141.89999389648438,12396100,0.004530648552570016
2019-10-04,141.47999572753906,142.30999755859375,141.13999938964844,141.89999389648438,9651000,0.0
2019-10-07,141.16000366210938,141.77000427246094,140.24000549316406,140.69000244140625,6127200,-0.008527071931805796
2019-10-08,142.02999877929688,142.2899932861328,141.1699981689453,141.9199981689453,10428900,0.00874259511120079
2019-10-09,142.16000366210938,142.5800018310547,141.6199951171875,142.0500030517578,6927700,0.0009160434363713055
2019-10-10,141.58999633789062,141.66000366210938,140.5800018310547,140.80999755859375,9301700,-0.008729359144837523
2019-10-11,139.97000122070312,140.19000244140625,138.91000366210938,140.02999877929688,11333400,-0.005539370732339566
2019-10-14,140.4499969482422,140.82000732421875,140.33999633789062,140.58999633789062,4006700,0.003999125640758994
2019-10-15,140.27000427246094,140.3000030517578,139.2100067138672,139.61000061035156,9128300,-0.006970593591764218
2019-10-16,140.13999938964844,140.52999877929688,139.6999969482422,140.41000366210938,10330300,0.0057302703836425994
2019-10-17,140.5,141.1199951171875,140.4199981689453,140.61000061035156,6131000,0.0014243781997433924
2019-10-18,140.5,140.7100067138672,140.32000732421875,140.4600067138672,6416100,-0.0010667370445437419
2019-10-21,140.72000122070312,140.75999450683594,139.60000610351562,139.7899932861328,8306200,-0.004770136663166058
2019-10-22,140.1300048828125,140.3000030517578,139.72000122070312,140.1999969482422,3879700,0.002932997222985456
2019-10-23,140.58999633789062,141.0,140.5,140.52999877929688,4155300,0.0023537934253772264
2019-10-24,141.02000427246094,141.74000549316406,140.92999267578125,141.52999877929688,6174800,0.007115918371069618
2019-10-25,142.7899932861328,142.8300018310547,141.39999389648438,141.86000061035156,6011500,0.0023316740895991117
2019-10-28,141.25,141.25,140.39999389648438,140.63999938964844,5442000,-0.008600036764796815
2019-10-29,140.0,140.6300048828125,139.77999877929688,140.25,3835400,-0.0027730332148816483
2019-10-30,140.5399932861328,141.0399932861328,139.5500030517578,141.02000427246094,6992900,0.005490226541611021
2019-10-31,141.97999572753906,142.69000244140625,141.88999938964844,142.42999267578125,7050900,0.009998499224238566
2019-11-01,142.2100067138672,142.89999389648438,142.00999450683594,142.55999755859375,8090000,0.000912763389017579
2019-11-04,142.25999450683594,142.4499969482422,141.74000549316406,142.14999389648438,4740300,-0.002876007780098777
2019-11-05,140.64999389648438,140.88999938964844,139.3800048828125,139.85000610351562,11782300,-0.016180006273117664
2019-11-06,140.1199951171875,140.7899932861328,140.0,140.4499969482422,6416500,0.004290245395359271
2019-11-07,140.11000061035156,140.1999969482422,137.60000610351562,138.27000427246094,15214200,-0.015521486102876958
2019-11-08,137.72999572753906,138.3300018310547,137.38999938964844,137.38999938964844,10377400,-0.006364394703267995
2019-11-11,137.61000061035156,137.7899932861328,136.44000244140625,137.05999755859375,7037300,-0.002401934875323586
2019-11-12,137.02999877929688,137.58999633789062,136.19000244140625,137.42999267578125,6448600,0.0026995120660886496
2019-11-13,137.8000030517578,138.22000122070312,137.63999938964844,137.97999572753906,8776000,0.004002059820052306
2019-11-14,138.38999938964844,138.94000244140625,137.8699951171875,138.55999755859375,5220500,0.004203521155341949
2019-11-15,138.02999877929688,138.4199981689453,137.97000122070312,138.2100067138672,10106700,-0.0025259154943226836
2019-11-18,138.44000244140625,138.85000610351562,138.3000030517578,138.6199951171875,5717900,0.0029664162029099383
2019-11-19,138.1300048828125,138.97000122070312,138.1300048828125,138.69000244140625,4824400,0.0005050304911609071
2019-11-20,138.52999877929688,139.0,138.10000610351562,138.75999450683594,6892100,0.0005046655432805469
2019-11-21,138.38999938964844,138.55999755859375,137.77000427246094,138.0,4197200,-0.005477043362080103
2019-11-22,138.3699951171875,138.4600067138672,137.66000366210938,137.74000549316406,3620300,-0.0018840181654777854
2019-11-25,137.32000732421875,137.6199951171875,136.99000549316406,137.0800018310547,6415800,-0.004791662812458131
2019-11-26,136.97999572753906,137.8000030517578,136.5800018310547,137.74000549316406,4724400,0.004814733391401704
2019-11-27,137.02999877929688,137.2100067138672,136.8300018310547,137.00999450683594,4111000,-0.005299919828770094
2019-11-29,137.10000610351562,138.1300048828125,137.0800018310547,137.86000061035156,4516400,0.006203971517371398
2019-12-02,137.32000732421875,138.08999633789062,137.3000030517578,137.7899932861328,8274700,-0.0005078146228696401
2019-12-03,139.0399932861328,139.57000732421875,138.97000122070312,139.11000061035156,8481700,0.00957984896245434
2019-12-04,139.16000366210938,139.1699981689453,138.58999633789062,138.9199981689453,6322300,-0.0013658431498282386
2019-12-05,138.8000030517578,139.4499969482422,138.7899932861328,139.0,5671500,0.0005758841931267078
2019-12-06,137.75999450683594,137.8300018310547,137.39999389648438,137.6199951171875,8714500,-0.009928092682104261
2019-12-09,137.8000030517578,137.80999755859375,137.4499969482422,137.5800018310547,2711600,-0.00029060665275248976
2019-12-10,138.25,138.3300018310547,137.74000549316406,137.97000122070312,3240800,0.0028347098739491816
2019-12-11,138.1999969482422,139.3000030517578,138.1199951171875,138.9199981689453,6097500,0.00688553265084435
2019-12-12,139.77999877929688,139.85000610351562,137.8800048828125,138.42999267578125,8815100,-0.003527249493396556
2019-12-13,138.52000427246094,139.2100067138672,137.97999572753906,139.0500030517578,6964300,0.004478873140076667
2019-12-16,139.1999969482422,139.38999938964844,138.8000030517578,139.0399932861328,4646100,-7.198680622300113e-05
2019-12-17,139.02000427246094,139.3000030517578,138.85000610351562,139.00999450683594,4287500,-0.00021575647831872935
2019-12-18,138.86000061035156,139.25,138.80999755859375,139.02000427246094,3607600,7.200752478642158e-05
2019-12-19,139.0399932861328,139.5500030517578,138.8699951171875,139.3800048828125,4975000,0.002589559770448613
2019-12-20,139.3699951171875,139.52000427246094,138.97999572753906,139.52000427246094,4463900,0.0010044438566789715
2019-12-23,139.52999877929688,139.9600067138672,139.52999877929688,139.9499969482422,5180900,0.003081942822633188
2019-12-24,140.44000244140625,141.3300018310547,140.42999267578125,141.27000427246094,5303700,0.009431992518777577
2019-12-26,142.05999755859375,142.47000122070312,141.91000366210938,142.3800048828125,8342500,0.007857298625196796
2019-12-27,142.25999450683594,142.72999572753906,142.1699981689453,142.3300018310547,5119900,-0.0003511943393945671
2019-12-30,142.55999755859375,142.8000030517578,142.4600067138672,142.6300048828125,4810600,0.0021077991140190377
2019-12-31,143.30999755859375,143.60000610351562,142.8000030517578,142.89999389648438,5313500,0.0018929327941459295
2020-01-02,143.86000061035156,144.2100067138672,143.39999389648438,143.9499969482422,7733800,0.0073478173310379535
2020-01-03,145.75,146.32000732421875,145.39999389648438,145.86000061035156,12272800,0.013268521727000326
2020-01-06,148.44000244140625,148.47999572753906,146.9499969482422,147.38999938964844,14403300,0.010489502076611812
2020-01-07,147.57000732421875,148.13999938964844,147.42999267578125,147.97000122070312,7978500,0.003935150508558971
2020-01-08,148.49000549316406,148.61000061035156,146.13999938964844,146.86000061035156,22248500,-0.007501524641443713
2020-01-09,146.07000732421875,146.41000366210938,145.44000244140625,146.02999877929688,10292300,-0.005651653463197515
2020-01-10,146.22000122070312,146.99000549316406,146.1699981689453,146.91000366210938,6183300,0.006026192495848015
2020-01-13,146.35000610351562,146.3800048828125,145.77999877929688,145.82000732421875,7593800,-0.007419483430124996
2020-01-14,145.4199981689453,145.80999755859375,145.0800018310547,145.69000244140625,6589700,-0.0008915435213457945
2020-01-15,146.2100067138672,146.72999572753906,145.82000732421875,146.5399932861328,6510000,0.005834242779070742
2020-01-16,146.27000427246094,146.47000122070312,145.75999450683594,146.30999755859375,6069100,-0.0015695082440052577
2020-01-17,146.50999450683594,146.99000549316406,146.30999755859375,146.5800018310547,11121100,0.0018454259925253513
2020-01-21,145.77000427246094,146.86000061035156,145.5500030517578,146.74000549316406,6086100,0.0010915790702048511
2020-01-22,146.67999267578125,146.80999755859375,146.3800048828125,146.7899932861328,4778200,0.0003406555206315609
2020-01-23,147.0,147.6199951171875,146.6199951171875,147.1199951171875,8419800,0.002248122121045526
2020-01-24,146.89999389648438,148.3800048828125,146.88999938964844,147.97999572753906,9919900,0.005845572586286041
2020-01-27,149.24000549316406,149.32000732421875,148.4600067138672,148.99000549316406,9988100,0.006825312844883635
2020-01-28,148.36000061035156,148.55999755859375,147.52999877929688,147.66000366210938,7543100,-0.008926785569624784
2020-01-29,147.6999969482422,148.55999755859375,147.61000061035156,148.4600067138672,5013100,0.005417872354848807
2020-01-30,148.69000244140625,149.30999755859375,148.00999450683594,148.47000122070312,9119500,6.732120695107646e-05
2020-01-31,148.8800048828125,149.67999267578125,148.80999755859375,149.3300018310547,14788300,0.005792420039608892
2020-02-03,148.66000366210938,148.77999877929688,147.67999267578125,148.36000061035156,9105300,-0.006495688802043542
2020-02-04,146.97000122070312,147.02999877929688,145.8000030517578,146.42999267578125,10525600,-0.01300895070524588
2020-02-05,146.3800048828125,146.80999755859375,146.16000366210938,146.61000061035156,6160700,0.0012293105482077404
2020-02-06,147.27999877929688,147.6300048828125,147.0,147.39999389648438,4819800,0.005388399719282511
2020-02-07,147.8300018310547,148.17999267578125,147.33999633789062,147.7899932861328,6379300,0.002645857569860688
2020-02-10,148.2100067138672,148.4499969482422,147.91000366210938,148.1699981689453,5793600,0.0025712490701368385
2020-02-11,148.02999877929688,148.16000366210938,147.00999450683594,147.66000366210938,5179400,-0.0034419552752806837
2020-02-12,147.4199981689453,147.80999755859375,147.16000366210938,147.5399932861328,5040600,-0.0008127480224853212
2020-02-13,148.24000549316406,148.5800018310547,147.9499969482422,148.3800048828125,7082100,0.00569345014846645
2020-02-14,148.74000549316406,149.1300048828125,148.6300048828125,149.0,5345400,0.004178427664004669
2020-02-18,149.8800048828125,151.08999633789062,149.47000122070312,150.91000366210938,11524900,0.012818816524224008
2020-02-19,151.0,151.82000732421875,150.82000732421875,151.7899932861328,9269800,0.005831221275388376
2020-02-20,152.0,152.8300018310547,151.9499969482422,152.41000366210938,8457300,0.004084659090851872
2020-02-21,154.42999267578125,155.22000122070312,154.17999267578125,154.6999969482422,16344500,0.015025216397275942
2020-02-24,158.5,158.52999877929688,155.36000061035156,156.08999633789062,27171000,0.008985128746405113
2020-02-25,155.1199951171875,156.0800018310547,152.91000366210938,153.3000030517578,28091500,-0.017874260693127697
2020-02-26,153.82000732421875,155.27999877929688,152.89999389648438,153.97000122070312,17912500,0.004370503298157802
2020-02-27,155.5800018310547,156.27000427246094,153.89999389648438,154.0,27878500,0.00019483522153040944
2020-02-28,152.7100067138672,152.77000427246094,147.0500030517578,148.3800048828125,42699600,-0.03649347478693177
2020-03-02,150.0,150.72999572753906,149.0399932861328,149.1999969482422,16295400,0.005526297603759334
2020-03-03,150.83999633789062,155.24000549316406,150.74000549316406,153.88999938964844,28687700,0.031434333360162325
2020-03-04,154.39999389648438,154.9600067138672,153.6999969482422,154.16000366210938,12315500,0.0017545277375516921
2020-03-05,156.05999755859375,157.6199951171875,155.72000122070312,157.49000549316406,17973500,0.021600945458936538
2020-03-06,158.3300018310547,159.25,154.5399932861328,157.5500030517578,26973400,0.00038096105467699815
2020-03-09,158.60000610351562,159.3699951171875,156.3300018310547,157.80999755859375,24868700,0.0016502348575044845
2020-03-10,156.17999267578125,156.41000366210938,154.38999938964844,154.47999572753906,18811500,-0.02110133630677158
2020-03-11,156.25,156.5,153.61000061035156,153.92999267578125,18159900,-0.0035603512879937016
2020-03-12,151.52999877929688,151.5500030517578,146.85000610351562,147.7899932861328,32893400,-0.0398882588306293
2020-03-13,149.4199981689453,149.60000610351562,141.5800018310547,143.27999877929688,35177200,-0.03051623730778741
2020-03-16,137.55999755859375,142.9600067138672,136.1199951171875,141.63999938964844,24496000,-0.011446115323986206
2020-03-17,140.17999267578125,146.1999969482422,139.92999267578125,143.55999755859375,24490300,0.0135554799295321
2020-03-18,141.75,142.8800048828125,138.5,140.6999969482422,21953400,-0.019921988429849713
2020-03-19,139.0800018310547,140.5,137.85000610351562,138.0399932861328,20828900,-0.018905499074657994
2020-03-20,140.7100067138672,141.1699981689453,139.13999938964844,140.11000061035156,20056000,0.014995707221804766
2020-03-23,142.67999267578125,146.92999267578125,142.27999877929688,146.3000030517578,28275200,0.044179590424960224
2020-03-24,153.5,155.66000366210938,152.0500030517578,153.39999389648438,20743500,0.048530353360380474
2020-03-25,152.5800018310547,152.8800048828125,151.00999450683594,151.3000030517578,16457200,-0.01368964099270864
2020-03-26,153.30999755859375,154.80999755859375,152.0800018310547,153.24000549316406,12778200,0.012822223412266576
2020-03-27,153.0,153.5500030517578,152.0,152.25,9824600,-0.006460489804721581
2020-03-30,152.41000366210938,153.0800018310547,151.57000732421875,152.9199981689453,12080900,0.004400644787818209
2020-03-31,151.36000061035156,151.8000030517578,147.97000122070312,148.0500030517578,13319500,-0.03184668568859872
2020-04-01,148.1999969482422,150.0800018310547,147.85000610351562,149.4499969482422,11827400,0.009456223354449733
2020-04-02,151.1999969482422,152.5,150.6999969482422,151.89999389648438,9188300,0.0163934225377782
2020-04-03,152.22999572753906,153.08999633789062,151.66000366210938,152.64999389648438,8469100,0.0049374590529023266
2020-04-06,154.16000366210938,157.22000122070312,153.9600067138672,156.8800048828125,14739300,0.027710521817620126
2020-04-07,155.3300018310547,156.13999938964844,154.3800048828125,156.0399932861328,9195400,-0.005354484768834378
2020-04-08,155.91000366210938,155.94000244140625,154.58999633789062,154.64999389648438,7600800,-0.008907968786563414
2020-04-09,158.0800018310547,159.0800018310547,157.2100067138672,158.69000244140625,18123000,0.026123560972308058
2020-04-13,159.1699981689453,162.3800048828125,158.6300048828125,161.41000366210938,20549200,0.017140343933811808
2020-04-14,162.72999572753906,164.4199981689453,161.77999877929688,162.67999267578125,17095100,0.007868093580683189
2020-04-15,161.8000030517578,162.5399932861328,160.80999755859375,161.85000610351562,12141900,-0.005101958505246418
2020-04-16,161.8800048828125,163.14999389648438,160.64999389648438,161.7100067138672,9233200,-0.0008649946516461338
2020-04-17,159.72000122070312,160.07000732421875,158.1199951171875,158.57000732421875,14652700,-0.019417471147623044
2020-04-20,158.6199951171875,160.22000122070312,158.4600067138672,159.6999969482422,10688700,0.007126124562213176
2020-04-21,157.60000610351562,159.2100067138672,157.0399932861328,158.61000061035156,12478100,-0.006825274631933054
2020-04-22,160.5,161.74000549316406,160.4199981689453,161.72999572753906,12902100,0.019670860003665247
2020-04-23,162.38999938964844,163.60000610351562,161.83999633789062,163.33999633789062,14928500,0.00995486708021609
2020-04-24,163.1300048828125,163.30999755859375,160.88999938964844,162.63999938964844,11199300,-0.004285520778353313
2020-04-27,161.8800048828125,162.0,160.41000366210938,161.55999755859375,9033500,-0.006640444141094992
2020-04-28,160.88999938964844,160.97999572753906,159.16000366210938,160.83999633789062,10383000,-0.004456556273727319
2020-04-29,160.10000610351562,161.85000610351562,159.75999450683594,161.72999572753906,12232300,0.005533445721913166
2020-04-30,160.22000122070312,160.82000732421875,158.1300048828125,158.8000030517578,13633500,-0.018116569301821484
2020-05-01,158.0,160.4499969482422,157.8000030517578,159.77999877929688,10914300,0.00617125761149806
2020-05-04,160.3300018310547,160.9499969482422,159.91000366210938,160.33999633789062,7986200,0.003504803873276119
2020-05-05,160.16000366210938,161.10000610351562,159.3300018310547,161.02000427246094,10563100,0.004241037483481591
2020-05-06,158.99000549316406,159.80999755859375,158.10000610351562,158.9499969482422,13352000,-0.012855591040204617
2020-05-07,159.5,161.9600067138672,159.36000061035156,161.38999938964844,13691700,0.015350754880484763
2020-05-08,161.0800018310547,162.0,160.0,160.4199981689453,12240900,-0.006010293229887331
2020-05-11,160.33999633789062,160.7100067138672,158.88999938964844,159.4199981689453,11209800,-0.006233636774804485
2020-05-12,160.3000030517578,160.9499969482422,159.72000122070312,160.0399932861328,10406000,0.0038890673962401756
2020-05-13,160.94000244140625,161.6199951171875,160.5399932861328,161.5800018310547,10950400,0.00962264814750724
2020-05-14,161.52999877929688,163.33999633789062,161.50999450683594,163.00999450683594,17084400,0.008850059782004704
2020-05-15,164.02000427246094,164.8000030517578,163.0800018310547,163.92999267578125,13918800,0.0056438144895878395
2020-05-18,164.3300018310547,164.5,162.41000366210938,162.69000244140625,14133800,-0.007564144999551381
2020-05-19,163.60000610351562,164.42999267578125,163.0399932861328,164.25999450683594,8535800,0.00965020617044443
2020-05-20,164.5399932861328,164.9600067138672,163.88999938964844,164.64999389648438,10666100,0.0023742810342795018
2020-05-21,163.4600067138672,163.5800018310547,161.3699951171875,162.25,11791000,-0.0145763375976391
2020-05-22,162.8800048828125,163.47000122070312,162.74000549316406,163.2100067138672,8540900,0.005916836449104457
2020-05-26,162.5800018310547,162.5800018310547,160.69000244140625,160.88999938964844,13972000,-0.014214859559966153
2020-05-27,159.4199981689453,161.33999633789062,159.1999969482422,161.17999267578125,13063500,0.0018024320171106112
2020-05-28,162.1199951171875,162.4600067138672,160.89999389648438,161.72000122070312,9758500,0.003350344766475555
2020-05-29,162.5800018310547,163.39999389648438,162.32000732421875,162.91000366210938,12581800,0.0073584122707384125
2020-06-01,162.9199981689453,163.74000549316406,162.38999938964844,163.66000366210938,8140200,0.004603768848692402
2020-06-02,163.88999938964844,164.0800018310547,161.86000061035156,162.60000610351562,10388900,-0.0064768271714218395
2020-06-03,160.33999633789062,160.89999389648438,158.82000732421875,159.60000610351562,17000500,-0.01845018380928054
2020-06-04,161.13999938964844,161.8699951171875,159.83999633789062,161.27999877929688,10094000,0.010526269495827023
2020-06-05,158.72000122070312,158.72000122070312,157.0399932861328,158.00999450683594,16021200,-0.02027532426346157
2020-06-08,158.89999389648438,159.86000061035156,158.47000122070312,159.72000122070312,9244400,0.010822142733466267
2020-06-09,161.10000610351562,161.77999877929688,160.8699951171875,161.25999450683594,9045600,0.00964183116931494
2020-06-10,162.10000610351562,163.6300048828125,160.52000427246094,163.57000732421875,13009300,0.014324773012967418
2020-06-11,163.35000610351562,164.05999755859375,161.97000122070312,162.38999938964844,11673900,-0.007214084989501601
2020-06-12,163.41000366210938,163.8800048828125,162.55999755859375,162.6199951171875,6895400,0.0014163170663434865
2020-06-15,160.52000427246094,162.55999755859375,160.16000366210938,162.3300018310547,8532500,-0.0017832572551969017
2020-06-16,161.85000610351562,162.69000244140625,161.36000061035156,162.25,7964000,-0.0004928345355281749
2020-06-17,162.0,162.6199951171875,161.77000427246094,162.55999755859375,4758200,0.0019106166939522051
2020-06-18,162.1999969482422,162.32000732421875,161.44000244140625,162.24000549316406,5397600,-0.001968455156468263
2020-06-19,162.8699951171875,164.08999633789062,162.77999877929688,164.02999877929688,12187400,0.011032995719469696
2020-06-22,165.05999755859375,165.72999572753906,164.41000366210938,165.08999633789062,12385600,0.006462217682632332
2020-06-23,165.6300048828125,166.52000427246094,165.52000427246094,166.47999572753906,12137300,0.008419646377624934
2020-06-24,166.00999450683594,166.99000549316406,165.4499969482422,165.89999389648438,10901400,-0.0034839130582626776
2020-06-25,165.88999938964844,165.91000366210938,165.16000366210938,165.8000030517578,7093800,-0.0006027175913517757
2020-06-26,164.8699951171875,166.55999755859375,164.22000122070312,166.5399932861328,9753500,0.004463149702982783
2020-06-29,166.55999755859375,166.8000030517578,166.17999267578125,166.6300048828125,6735700,0.0005404803669293301
2020-06-30,166.30999755859375,167.99000549316406,166.19000244140625,167.3699951171875,12762300,0.004440918278166173
2020-07-01,167.0500030517578,167.05999755859375,165.33999633789062,166.6199951171875,13214800,-0.004481089931769877
2020-07-02,166.1999969482422,167.24000549316406,166.02000427246094,166.97999572753906,8753500,0.0021606086958432247
2020-07-06,167.75,168.0,167.19000244140625,167.97999572753906,7265700,0.005988741319838731
2020-07-07,167.41000366210938,169.0399932861328,167.3800048828125,169.0399932861328,11633100,0.006310260659329048
2020-07-08,170.32000732421875,170.86000061035156,169.77999877929688,170.08999633789062,11662700,0.006211565862881185
2020-07-09,170.47999572753906,170.63999938964844,168.77999877929688,169.6300048828125,13327400,-0.0027044004055614135
2020-07-10,169.9499969482422,170.14999389648438,168.57000732421875,169.19000244140625,8218000,-0.0025938951172596036
2020-07-13,170.2899932861328,170.4199981689453,169.16000366210938,169.39999389648438,11095900,0.0012411575864292868
2020-07-14,168.97000122070312,170.1999969482422,168.80999755859375,170.19000244140625,9812700,0.004663568910189042
2020-07-15,169.6199951171875,170.42999267578125,169.38999938964844,170.33999633789062,7533800,0.0008813320073604025
2020-07-16,169.8000030517578,170.0,168.64999389648438,168.72999572753906,10242400,-0.009451688651900159
2020-07-17,169.94000244140625,170.27000427246094,169.61000061035156,170.1199951171875,10296000,0.008238009985450212
2020-07-20,170.75999450683594,171.07000732421875,170.27000427246094,170.94000244140625,10095500,0.004820170160796611
2020-07-21,172.52999877929688,173.25,172.30999755859375,173.0,12826100,0.012050997596656066
2020-07-22,174.0500030517578,175.77000427246094,173.75999450683594,175.6300048828125,18712500,0.015202340363078104
2020-07-23,176.1699981689453,178.41000366210938,175.64999389648438,177.17999267578125,23006800,0.008825301770064575
2020-07-24,179.13999938964844,179.16000366210938,178.1999969482422,178.6999969482422,15601300,0.008578870839228259
2020-07-27,181.85000610351562,182.8300018310547,181.52999877929688,182.22999572753906,21115600,0.019753770786684832
2020-07-28,182.02000427246094,184.25999450683594,181.4199981689453,183.75,21164600,0.00834113103275036
2020-07-29,184.00999450683594,186.13999938964844,182.38999938964844,185.1300048828125,25640100,0.0075102306547618625
2020-07-30,183.44000244140625,184.3300018310547,182.1300048828125,183.75999450683594,18061200,-0.007400261112960993
2020-07-31,184.50999450683594,185.75,184.1699981689453,185.42999267578125,15876700,0.00908793109962347
2020-08-03,185.0500030517578,185.82000732421875,184.1999969482422,185.63999938964844,12897000,0.0011325390830079218
2020-08-04,185.61000061035156,189.60000610351562,185.2100067138672,189.58999633789062,20773200,0.021277725496816835
2020-08-05,191.64999389648438,193.1300048828125,190.6199951171875,191.35000610351562,27078100,0.009283241730161151
2020-08-06,193.74000549316406,194.4499969482422,192.52000427246094,193.88999938964844,20640100,0.013274069532868138
2020-08-07,192.7100067138672,192.9600067138672,189.3300018310547,190.80999755859375,24570200,-0.01588530528005727
2020-08-10,191.1999969482422,192.61000061035156,189.66000366210938,190.14999389648438,19047200,-0.003458957447482258
2020-08-11,183.57000732421875,183.97999572753906,179.42999267578125,179.94000244140625,45355000,-0.05369440853432972
2020-08-12,182.61000061035156,183.10000610351562,179.0399932861328,179.10000610351562,28660500,-0.004668202325739945
2020-08-13,181.55999755859375,184.6999969482422,181.36000061035156,183.3300018310547,18596800,0.023618065792215592
2020-08-14,183.44000244140625,183.72000122070312,181.49000549316406,182.5399932861328,11792000,-0.0043092158240957135
2020-08-17,184.69000244140625,187.00999450683594,184.66000366210938,186.5,15709800,0.02169391289315903
2020-08-18,189.17999267578125,189.39999389648438,185.6300048828125,188.17999267578125,16291600,0.009008003623491856
2020-08-19,187.2100067138672,187.4600067138672,181.7100067138672,182.24000549316406,24646900,-0.03156545548841261
2020-08-20,181.19000244140625,183.7100067138672,180.92999267578125,183.5,16692200,0.006913929262821528
2020-08-21,182.13999938964844,182.80999755859375,180.47000122070312,182.02999877929688,12713700,-0.008010905834894388
2020-08-24,182.91000366210938,182.92999267578125,180.69000244140625,181.0,11605800,-0.005658401286623649
2020-08-25,181.05999755859375,181.25,179.72999572753906,181.22000122070312,10056100,0.0012154763574758753
2020-08-26,180.25999450683594,183.5800018310547,180.1999969482422,183.36000061035156,12715800,0.011808847672626355
2020-08-27,185.0,185.1699981689453,179.3699951171875,181.24000549316406,16299200,-0.011561927956646234
2020-08-28,183.97999572753906,185.39999389648438,183.39999389648438,184.38999938964844,13200800,0.0173802350530341
2020-08-31,184.7899932861328,185.52999877929688,184.27999877929688,184.8300018310547,10251200,0.002386259791001155
2020-09-01,186.99000549316406,186.99000549316406,184.3300018310547,185.0500030517578,10662100,0.0011902895553947967
2020-09-02,183.75,183.86000061035156,181.5,182.6199951171875,11536900,-0.013131628719242117
2020-09-03,182.3000030517578,182.82000732421875,180.49000549316406,181.13999938964844,12148100,-0.00810423703378893
2020-09-04,180.9499969482422,182.10000610351562,180.0500030517578,181.63999938964844,11567900,0.0027602959130217375
2020-09-08,179.5,182.27000427246094,179.02000427246094,181.2899932861328,13229200,-0.0019269219593246456
2020-09-09,182.5,183.22000122070312,182.19000244140625,183.0500030517578,8424100,0.00970825655471863
2020-09-10,184.22999572753906,184.67999267578125,182.27999877929688,182.4600067138672,9143600,-0.0032231430104036063
2020-09-11,183.13999938964844,183.5500030517578,182.00999450683594,182.4499969482422,7662300,-5.486005292487661e-05
2020-09-14,183.57000732421875,184.3000030517578,183.38999938964844,183.88999938964844,9709500,0.007892586821005798
2020-09-15,184.4600067138672,184.6699981689453,182.9199981689453,183.4499969482422,7993700,-0.0023927480714920346
2020-09-16,184.97999572753906,185.00999450683594,183.3300018310547,183.97000122070312,12702400,0.0028345831622316187
2020-09-17,181.9199981689453,183.08999633789062,181.47999572753906,182.9600067138672,8836200,-0.005489995652194879
2020-09-18,183.07000732421875,184.08999633789062,182.63999938964844,183.1999969482422,9959700,0.0013117087099276947
2020-09-21,179.83999633789062,180.2899932861328,176.75,179.52000427246094,17436100,-0.020087296599797022
2020-09-22,179.6300048828125,180.02000427246094,178.11000061035156,178.64999389648438,7977900,-0.004846314367596194
2020-09-23,176.97999572753906,177.25999450683594,174.10000610351562,174.7899932861328,18134000,-0.021606497297661065
2020-09-24,174.36000061035156,176.24000549316406,173.77000427246094,175.44000244140625,11759200,0.003718800733685912
2020-09-25,174.41000366210938,175.3000030517578,173.88999938964844,174.94000244140625,6779200,-0.0028499771605223767
2020-09-28,175.8300018310547,176.80999755859375,175.08999633789062,176.6999969482422,7109700,0.01006056066236427
2020-09-29,177.19000244140625,178.3300018310547,176.9499969482422,178.19000244140625,8718500,0.008432402483858015
2020-09-30,177.7100067138672,178.61000061035156,176.66000366210938,177.1199951171875,8371800,-0.006004867330144381
2020-10-01,178.7100067138672,179.5,178.0399932861328,178.6999969482422,10402800,0.008920516455577454
2020-10-02,178.69000244140625,179.2899932861328,178.16000366210938,178.5399932861328,7488500,-0.0008953758525005462
2020-10-05,179.02000427246094,180.13999938964844,178.89999389648438,179.41000366210938,6969600,0.004872915921881216
2020-10-06,180.16000366210938,180.3699951171875,177.0500030517578,177.3000030517578,8632800,-0.011760774579356315
2020-10-07,177.08999633789062,177.4199981689453,176.42999267578125,177.22000122070312,6410900,-0.0004512229536247636
2020-10-08,178.17999267578125,178.4499969482422,176.6699981689453,177.85000610351562,6530800,0.0035549310375408982
2020-10-09,180.1300048828125,181.1699981689453,179.92999267578125,181.0800018310547,15979800,0.018161347296547614
2020-10-12,180.57000732421875,180.8300018310547,180.19000244140625,180.55999755859375,4843000,-0.002871682500567352
2020-10-13,178.55999755859375,178.60000610351562,177.10000610351562,177.72000122070312,8384300,-0.015728823528417535
2020-10-14,179.08999633789062,179.58999633789062,178.27000427246094,178.27000427246094,9076600,0.003094772946095059
2020-10-15,177.7100067138672,179.14999389648438,177.58999633789062,178.9199981689453,6815400,0.003646120384284801
2020-10-16,179.22000122070312,179.32000732421875,178.1300048828125,178.3000030517578,7260700,-0.0034652086045857677
2020-10-19,179.41000366210938,179.47999572753906,178.3699951171875,178.38999938964844,6084400,0.0005047466985432791
2020-10-20,178.5399932861328,179.6699981689453,178.0800018310547,179.25,7121400,0.0048209014703402
2020-10-21,180.47000122070312,181.30999755859375,180.22999572753906,180.60000610351562,7548100,0.007531414803434444
2020-10-22,178.8800048828125,179.02999877929688,177.72000122070312,178.8300018310547,8377000,-0.009800687777642758
2020-10-23,179.08999633789062,179.1999969482422,177.75999450683594,178.63999938964844,5919300,-0.001062475196895396
2020-10-26,178.75,179.13999938964844,178.22000122070312,178.5500030517578,5105100,-0.0005037860400700644
2020-10-27,178.7100067138672,179.42999267578125,178.50999450683594,179.02000427246094,5826900,0.0026323226696718383
2020-10-28,176.4499969482422,176.85000610351562,175.44000244140625,176.1300048828125,11734100,-0.01614344386479838
2020-10-29,175.02000427246094,176.13999938964844,174.8300018310547,175.39999389648438,8474500,-0.004144728133141373
2020-10-30,177.17999267578125,177.36000061035156,175.9499969482422,176.1999969482422,7303000,0.004561020978312902
2020-11-02,177.4499969482422,177.92999267578125,177.1300048828125,177.91000366210938,6498400,0.009704919089013941
2020-11-03,178.9499969482422,179.38999938964844,178.3000030517578,178.9199981689453,7577200,0.005676996717700833
2020-11-04,178.92999267578125,179.19000244140625,177.66000366210938,178.82000732421875,11117300,-0.0005588578456844351
2020-11-05,181.0,183.2899932861328,180.97000122070312,182.92999267578125,16102800,0.022983923404670703
2020-11-06,183.39999389648438,183.52999877929688,182.19000244140625,183.19000244140625,10378300,0.0014213621387162423
2020-11-09,176.4199981689453,176.4499969482422,173.63999938964844,175.0800018310547,29800700,-0.04427097823171633
2020-11-10,176.75,176.91000366210938,175.66000366210938,175.66000366210938,11728500,0.0033127817282887495
2020-11-11,174.6999969482422,175.27999877929688,174.44000244140625,174.89999389648438,9008500,-0.004326595410341194
2020-11-12,176.0399932861328,176.77000427246094,175.83999633789062,175.9600067138672,7167900,0.006060679556170845
2020-11-13,177.64999389648438,177.8000030517578,176.83999633789062,177.16000366210938,6469800,0.006819714153532219
2020-11-16,177.22999572753906,177.91000366210938,176.8699951171875,177.14999389648438,8358500,-5.650127239831271e-05
2020-11-17,177.25,177.44000244140625,176.08999633789062,176.5,8229100,-0.0036691725592956637
2020-11-18,176.25999450683594,176.86000061035156,175.35000610351562,175.49000549316406,7384700,-0.005722348480656891
2020-11-19,174.3000030517578,175.22000122070312,174.1699981689453,175.16000366210938,6965100,-0.0018804594035273237
2020-11-20,176.1199951171875,176.3800048828125,175.5800018310547,175.69000244140625,6379400,0.0030257979459697992
2020-11-23,175.10000610351562,175.24000549316406,171.77999877929688,172.22999572753906,15510600,-0.0196938167555728
2020-11-24,169.3000030517578,169.69000244140625,168.86000061035156,169.58999633789062,19504000,-0.015328336846880064
2020-11-25,169.97999572753906,170.52000427246094,169.24000549316406,169.50999450683594,10286600,-0.0004717367343725076
2020-11-27,166.89999389648438,167.8300018310547,166.77999877929688,167.7899932861328,10569100,-0.010146901518740647
2020-11-30,166.67999267578125,167.42999267578125,166.02999877929688,166.6699981689453,13210000,-0.006674981596057172
2020-12-01,169.75999450683594,170.47999572753906,169.3000030517578,170.17999267578125,13533300,0.0210595460814611
2020-12-02,170.57000732421875,171.75999450683594,170.14999389648438,171.4600067138672,9199700,0.00752153069206285
2020-12-03,172.63999938964844,172.85000610351562,171.0800018310547,172.80999755859375,10457300,0.007873502810363364
2020-12-04,172.77999877929688,173.32000732421875,171.58999633789062,172.32000732421875,10098600,-0.002835427586930339
2020-12-07,172.55999755859375,175.2899932861328,172.50999450683594,174.88999938964844,10555100,0.014914066598165077
2020-12-08,175.50999450683594,175.92999267578125,174.72000122070312,175.5,6348400,0.003487910186290799
2020-12-09,173.9199981689453,174.0399932861328,171.24000549316406,172.5,10743200,-0.017094017094017144
2020-12-10,172.89999389648438,173.5800018310547,171.6999969482422,172.1699981689453,6564000,-0.001913054093070632
2020-12-11,172.25,173.32000732421875,172.11000061035156,172.49000549316406,6084800,0.0018586706605219216
2020-12-14,171.91000366210938,172.52000427246094,170.91000366210938,171.5399932861328,7644400,-0.005507636250083436
2020-12-15,173.42999267578125,173.97999572753906,173.05999755859375,173.94000244140625,6840500,0.013990959829817351
2020-12-16,174.1300048828125,175.02000427246094,173.02000427246094,174.89999389648438,8174700,0.005519095329445722
2020-12-17,177.14999389648438,177.8699951171875,176.5800018310547,176.74000549316406,9475800,0.010520363984510617
2020-12-18,176.64999389648438,176.97999572753906,176.10000610351562,176.44000244140625,6789900,-0.0016974258370123785
2020-12-21,176.2899932861328,176.94000244140625,175.75999450683594,175.8800048828125,8168900,-0.003173869592184575
2020-12-22,176.1999969482422,176.33999633789062,174.33999633789062,174.49000549316406,9442400,-0.007903112071065643
2020-12-23,175.10000610351562,176.2100067138672,175.05999755859375,175.64999389648438,6542800,0.00664787877129025
2020-12-24,175.5500030517578,176.3699951171875,175.50999450683594,176.35000610351562,3695400,0.003985267471422693
2020-12-28,177.25999450683594,177.91000366210938,175.6300048828125,175.7100067138672,7778700,-0.003629142996869339
2020-12-29,176.25,176.97000122070312,175.57000732421875,176.35000610351562,5983700,0.003642361648136694
2020-12-30,176.44000244140625,177.72000122070312,176.44000244140625,177.6999969482422,5914000,0.007655178894261816
2020-12-31,178.07000732421875,178.39999389648438,177.32000732421875,178.36000061035156,7540800,0.003714145601823482
2021-01-04,181.97000122070312,182.39999389648438,180.9600067138672,182.3300018310547,14331400,0.022258360658879317
2021-01-05,182.8699951171875,183.2100067138672,181.82000732421875,182.8699951171875,12718800,0.0029616260665272787
2021-01-06,181.49000549316406,181.5800018310547,178.24000549316406,179.89999389648438,18453500,-0.01624105266038789
2021-01-07,179.69000244140625,179.9199981689453,178.83999633789062,179.47999572753906,7110200,-0.00233462025122122
2021-01-08,176.8300018310547,176.99000549316406,171.47999572753906,173.33999633789062,24399900,-0.03420993723985433
2021-01-11,172.13999938964844,173.67999267578125,172.02999877929688,173.0,8571400,-0.0019614419353504164
2021-01-12,173.1300048828125,174.17999267578125,172.32000732421875,174.1199951171875,9798500,0.006473960214956609
2021-01-13,173.67999267578125,174.4600067138672,173.0500030517578,173.3699951171875,14110300,-0.004307374345463466
2021-01-14,173.44000244140625,174.22000122070312,172.66000366210938,173.27999877929688,13522700,-0.0005190998467168306
2021-01-15,172.83999633789062,173.07000732421875,170.97999572753906,171.1300048828125,16172500,-0.012407628760563338
2021-01-19,172.7100067138672,172.85000610351562,171.9199981689453,172.5800018310547,7485700,0.00847307255811236
2021-01-20,174.3699951171875,175.47000122070312,173.82000732421875,175.38999938964844,9456000,0.016282289539807593
2021-01-21,175.11000061035156,175.50999450683594,174.50999450683594,175.27999877929688,7246800,-0.0006271772092728556
2021-01-22,172.88999938964844,174.2899932861328,172.35000610351562,173.89999389648438,7269600,-0.007873145210082533
2021-01-25,174.82000732421875,174.9600067138672,173.19000244140625,174.0500030517578,5936800,0.0008626173693986328
2021-01-26,173.97999572753906,174.25999450683594,173.4199981689453,173.6199951171875,4685600,-0.0024705999829396363
2021-01-27,172.92999267578125,173.52000427246094,171.66000366210938,172.52000427246094,9036500,-0.006335623059913753
2021-01-28,174.27999877929688,174.72999572753906,172.0399932861328,172.67999267578125,9392400,0.0009273614616172043
2021-01-29,174.8699951171875,175.16000366210938,172.61000061035156,172.61000061035156,11252800,-0.0004053281700162614
2021-02-01,175.02000427246094,175.25999450683594,174.05999755859375,174.22999572753906,9105500,0.009385291185094458
2021-02-02,172.49000549316406,172.52999877929688,171.50999450683594,172.11000061035156,7221700,-0.012167796413785958
2021-02-03,172.36000061035156,172.58999633789062,171.5,171.85000610351562,4658100,-0.0015106298641213156
2021-02-04,168.2899932861328,168.39999389648438,167.33999633789062,168.14999389648438,13736600,-0.021530474690833024
2021-02-05,168.99000549316406,170.17999267578125,168.6699981689453,169.80999755859375,6538500,0.009872160109213546
2021-02-08,171.97999572753906,172.39999389648438,171.49000549316406,171.52000427246094,6887500,0.010070118005137685
2021-02-09,172.57000732421875,173.02999877929688,171.75,172.0800018310547,5131800,0.0032649110578624185
2021-02-10,173.14999389648438,173.22000122070312,172.00999450683594,172.7100067138672,6112800,0.0036611162023989507
2021-02-11,172.6999969482422,172.8699951171875,170.7100067138672,171.2100067138672,5994500,-0.008685078696598514
2021-02-12,170.2899932861328,171.64999389648438,169.8800048828125,170.69000244140625,6018900,-0.0030372306060941767
2021-02-16,168.13999938964844,170.07000732421875,167.72999572753906,168.24000549316406,14761100,-0.014353488272303538
2021-02-17,166.9199981689453,167.33999633789062,165.85000610351562,166.3300018310547,11400700,-0.011352850687983307
2021-02-18,166.97999572753906,167.3000030517578,165.72999572753906,166.32000732421875,7498200,-6.0088418961767864e-05
2021-02-19,166.75999450683594,167.94000244140625,166.60000610351562,167.00999450683594,8273500,0.004148551901348441
2021-02-22,168.5399932861328,169.88999938964844,168.3000030517578,169.50999450683594,10072000,0.014969164015496528
2021-02-23,169.47999572753906,169.74000549316406,168.27999877929688,169.1199951171875,8616800,-0.0023007456922117253
2021-02-24,167.64999389648438,169.13999938964844,167.14999389648438,169.0,8890600,-0.0007095264939214196
2021-02-25,166.9199981689453,167.66000366210938,165.4499969482422,165.82000732421875,16359400,-0.018816524708764826
2021-02-26,165.0,165.10000610351562,160.9499969482422,161.80999755859375,23730400,-0.024182906697045592
2021-03-01,163.02999877929688,163.35000610351562,161.16000366210938,161.52999877929688,13828300,-0.0017304170540851649
2021-03-02,161.92999267578125,162.92999267578125,161.22000122070312,162.41000366210938,11424600,0.005447934683729505
2021-03-03,160.61000061035156,161.69000244140625,159.49000549316406,160.6199951171875,13059900,-0.011021541189334294
2021-03-04,160.60000610351562,161.4600067138672,158.42999267578125,159.0399932861328,13870100,-0.009836893780889033
2021-03-05,159.66000366210938,159.82000732421875,158.5500030517578,159.13999938964844,12821600,0.0006288110395962221
2021-03-08,158.5800018310547,158.74000549316406,157.1300048828125,157.49000549316406,12134900,-0.010368190918767173
2021-03-09,160.75,161.25,160.4199981689453,160.83999633789062,10382600,0.02127113294736649
2021-03-10,161.05999755859375,161.77999877929688,160.66000366210938,161.66000366210938,7962000,0.005098279923459348
2021-03-11,161.47000122070312,161.97999572753906,161.1199951171875,161.52000427246094,6749200,-0.000866011298261804
2021-03-12,159.5399932861328,161.69000244140625,159.35000610351562,161.49000549316406,8608500,-0.00018572795011984056
2021-03-15,162.30999755859375,162.5500030517578,161.42999267578125,162.1999969482422,8104500,0.004396503999798185
2021-03-16,162.36000061035156,163.1999969482422,161.80999755859375,162.35000610351562,7547400,0.0009248406787658592
2021-03-17,162.27000427246094,164.14999389648438,161.47999572753906,163.50999450683594,12626700,0.00714498527693741
2021-03-18,161.14999389648438,162.82000732421875,161.11000061035156,162.55999755859375,8711100,-0.005810023730399405
2021-03-19,162.55999755859375,163.42999267578125,162.42999267578125,163.24000549316406,6868900,0.004183119739068708
2021-03-22,162.27000427246094,163.1300048828125,162.16000366210938,163.0,5240000,-0.0014702614866924923
2021-03-23,162.4499969482422,162.49000549316406,161.58999633789062,161.80999755859375,6048300,-0.007300628474884996
2021-03-24,162.2100067138672,162.88999938964844,161.94000244140625,162.3699951171875,6183700,0.0034608341081703298
2021-03-25,163.05999755859375,163.5800018310547,161.32000732421875,161.77999877929688,8398600,-0.003633653726877295
2021-03-26,161.7100067138672,162.72999572753906,161.64999389648438,162.24000549316406,6153900,0.0028434090575977233
2021-03-29,161.4600067138672,161.52000427246094,159.8300018310547,160.30999755859375,8409300,-0.011896005111092234
2021-03-30,157.94000244140625,158.1999969482422,157.5500030517578,157.57000732421875,8353200,-0.017091823816998808
2021-03-31,158.05999755859375,160.67999267578125,158.0500030517578,159.9600067138672,10623800,0.015167857324082767
2021-04-01,161.55999755859375,162.11000061035156,161.27999877929688,161.97999572753906,7105200,0.012628087827510459
2021-04-05,161.52000427246094,162.39999389648438,161.36000061035156,161.9199981689453,6163800,-0.0003704010382533651
2021-04-06,162.7899932861328,163.52999877929688,162.75,163.22000122070312,6761200,0.00802867506459215
2021-04-07,162.82000732421875,163.30999755859375,162.5,162.75999450683594,5436000,-0.002818323186048577
2021-04-08,164.1699981689453,164.77000427246094,164.13999938964844,164.50999450683594,6574500,0.01075202788807239
2021-04-09,162.75,163.66000366210938,162.47999572753906,163.27000427246094,6657900,-0.00753747660190629
2021-04-12,162.72999572753906,162.8000030517578,161.80999755859375,162.27999877929688,4896700,-0.006063609158189043
2021-04-13,163.17999267578125,163.85000610351562,163.02999877929688,163.42999267578125,6995900,0.007086479573175097
2021-04-14,162.77000427246094,163.0500030517578,162.3000030517578,162.72000122070312,6312300,-0.004344315528953313
2021-04-15,164.07000732421875,165.7899932861328,164.02999877929688,165.35000610351562,8250600,0.016162763416190717
2021-04-16,166.24000549316406,166.80999755859375,165.94000244140625,166.35000610351562,10057600,0.006047777218550321
2021-04-19,165.91000366210938,166.44000244140625,165.72000122070312,165.88999938964844,5721700,-0.0027652942409929215
2021-04-20,165.64999389648438,166.80999755859375,165.6199951171875,166.47999572753906,6532000,0.0035565515706876827
2021-04-21,167.17999267578125,168.38999938964844,167.14999389648438,168.1300048828125,8380200,0.009911155680072392
2021-04-22,167.11000061035156,167.52999877929688,166.49000549316406,167.0399932861328,7680100,-0.006483147356353358
2021-04-23,167.3699951171875,167.52999877929688,165.77999877929688,166.39999389648438,7106400,-0.003831414124593202
2021-04-26,166.6300048828125,166.8699951171875,166.0500030517578,166.83999633789062,4786600,0.002644245538133694
2021-04-27,166.9199981689453,167.14999389648438,166.27999877929688,166.4199981689453,5363500,-0.002517371003141977
2021-04-28,165.75,166.9600067138672,165.49000549316406,166.91000366210938,6932200,0.002944390689552989
2021-04-29,165.5800018310547,166.25999450683594,164.47000122070312,166.22000122070312,9067600,-0.004133978948338446
2021-04-30,165.86000061035156,166.0,165.24000549316406,165.66000366210938,6248700,-0.0033690142851713345
2021-05-03,167.61000061035156,168.42999267578125,167.41000366210938,167.80999755859375,9014700,0.012978352341882271
2021-05-04,167.69000244140625,168.5500030517578,165.5,166.5800018310547,10267400,-0.007329692780131181
2021-05-05,166.6300048828125,167.30999755859375,166.61000061035156,167.27000427246094,5950000,0.004142168530566259
2021-05-06,167.9499969482422,170.2899932861328,167.9199981689453,170.05999755859375,13574100,0.01667957921247054
2021-05-07,171.52999877929688,172.5500030517578,171.0,171.58999633789062,14748600,0.00899681760120985
2021-05-10,172.74000549316406,172.83999633789062,171.77999877929688,172.11000061035156,8276600,0.0030305045955998366
2021-05-11,170.55999755859375,172.1699981689453,170.27000427246094,172.13999938964844,8348200,0.000174300035968189
2021-05-12,171.42999267578125,171.83999633789062,170.35000610351562,170.42999267578125,12666300,-0.009933813872024522
2021-05-13,170.35000610351562,171.27000427246094,170.22999572753906,171.1300048828125,8078300,0.004107329913244362
2021-05-14,172.0500030517578,172.6999969482422,171.82000732421875,172.69000244140625,9686800,0.009115862292308208
2021-05-17,173.3000030517578,175.0,173.27999877929688,174.6999969482422,11956800,0.011639321781340195
2021-05-18,175.17999267578125,175.2100067138672,174.4600067138672,175.0399932861328,7294000,0.001946172546249958
2021-05-19,175.13999938964844,177.0,174.35000610351562,175.16000366210938,20741100,0.000685616890880425
2021-05-20,175.32000732421875,176.4600067138672,175.11000061035156,175.9600067138672,9802800,0.004567270124640199
2021-05-21,176.5800018310547,176.86000061035156,175.14999389648438,176.0399932861328,7677200,0.0004545724551812125
2021-05-24,176.14999389648438,176.58999633789062,175.8699951171875,176.35000610351562,5557300,0.001761036294059215
2021-05-25,176.14999389648438,177.9499969482422,176.0399932861328,177.9499969482422,8986900,0.009072814229376336
2021-05-26,178.3699951171875,178.61000061035156,177.0399932861328,177.63999938964844,8495400,-0.0017420486873281904
2021-05-27,177.38999938964844,177.82000732421875,176.80999755859375,177.7100067138672,7993000,0.00039409662496781017
2021-05-28,177.4600067138672,178.42999267578125,177.24000549316406,178.3800048828125,9967000,0.003770176937892389
2021-06-01,178.75999450683594,178.85000610351562,177.19000244140625,177.89999389648438,9143300,-0.0026909461441234628
2021-06-02,178.33999633789062,178.77999877929688,177.97000122070312,178.77000427246094,6613100,0.004890446350902078
2021-06-03,175.8300018310547,175.8300018310547,174.66000366210938,175.27000427246094,10153900,-0.019578228541437537
2021-06-04,176.64999389648438,177.57000732421875,176.61000061035156,177.16000366210938,8375300,0.010783359066451448
2021-06-07,176.9600067138672,177.89999389648438,176.6300048828125,177.8699951171875,7709100,0.0040076283608136976
2021-06-08,177.22999572753906,177.5399932861328,176.3699951171875,177.32000732421875,5905800,-0.0030920774052216604
2021-06-09,177.3800048828125,177.8000030517578,176.77999877929688,176.97999572753906,6346100,-0.0019175027218333307
2021-06-10,176.6999969482422,177.85000610351562,176.47999572753906,177.74000549316406,9896600,0.004294325821970535
2021-06-11,176.3300018310547,176.57000732421875,175.47999572753906,175.74000549316406,7836900,-0.011252390785353672
2021-06-14,173.16000366210938,175.05999755859375,172.9499969482422,174.7100067138672,7733600,-0.005860923791407013
2021-06-15,174.77999877929688,174.9199981689453,173.33999633789062,174.0500030517578,7550200,-0.0037777095572453234
2021-06-16,173.91000366210938,174.47000122070312,171.02999877929688,171.11000061035156,16919700,-0.016891711518855712
2021-06-17,167.02000427246094,167.6199951171875,165.44000244140625,165.85000610351562,27232200,-0.030740427140865334
2021-06-18,166.13999938964844,166.72000122070312,164.8699951171875,164.92999267578125,15744300,-0.005547261946798776
2021-06-21,166.52000427246094,167.22000122070312,166.0,166.9499969482422,8371000,0.012247646651096789
2021-06-22,166.35000610351562,166.9199981689453,166.00999450683594,166.25,7223900,-0.0041928539145718036
2021-06-23,166.97000122070312,168.02999877929688,165.97000122070312,166.13999938964844,8474300,-0.0006616578066259704
2021-06-24,167.0,167.22999572753906,166.00999450683594,166.0399932861328,6903400,-0.0006019387497473438
2021-06-25,167.4499969482422,167.52999877929688,166.2899932861328,166.58999633789062,7473700,0.0033124733437563947
2021-06-28,166.67999267578125,166.91000366210938,166.36000061035156,166.5800018310547,6508900,-5.999463986816611e-05
2021-06-29,164.33999633789062,165.27999877929688,164.00999450683594,164.8300018310547,7451400,-0.010505462725200698
2021-06-30,164.57000732421875,166.10000610351562,164.2899932861328,165.6300048828125,7955800,0.004853503869870712
2021-07-01,166.64999389648438,166.8800048828125,165.5,166.1999969482422,7430500,0.0034413575356286863
2021-07-02,167.35000610351562,167.72000122070312,166.39999389648438,167.2899932861328,7873600,0.006558341503640763
2021-07-06,169.27000427246094,169.64999389648438,167.5399932861328,168.1199951171875,7932100,0.004961455343207799
2021-07-07,168.72000122070312,169.22999572753906,168.19000244140625,168.75999450683594,7108900,0.003806801143447114
2021-07-08,169.82000732421875,169.86000061035156,167.91000366210938,168.64999389648438,7244300,-0.0006518168637834609
2021-07-09,168.83999633789062,169.6199951171875,168.66000366210938,169.2100067138672,4997400,0.003320562334123478
2021-07-12,168.6999969482422,169.16000366210938,167.63999938964844,169.0,7315400,-0.001241101031467462
2021-07-13,169.50999450683594,169.89999389648438,168.92999267578125,169.22000122070312,7040300,0.001301782371024407
2021-07-14,170.91000366210938,171.0399932861328,170.27999877929688,171.0399932861328,8830300,0.010755182911599048
2021-07-15,170.88999938964844,171.3000030517578,170.33999633789062,171.07000732421875,6520100,0.00017547964957964624
2021-07-16,170.64999389648438,170.9499969482422,169.27999877929688,169.41000366210938,9460300,-0.00970365108457183
2021-07-19,169.50999450683594,169.91000366210938,168.88999938964844,169.61000061035156,6707400,0.0011805498135817327
2021-07-20,170.50999450683594,170.8000030517578,168.9199981689453,169.38999938964844,6540100,-0.001297100524211059
2021-07-21,168.3300018310547,169.0,168.13999938964844,168.75999450683594,4622600,-0.0037192566567244567
2021-07-22,168.49000549316406,169.19000244140625,168.05999755859375,169.08999633789062,4793600,0.001955450591350383
2021-07-23,168.5,168.8800048828125,167.9499969482422,168.55999755859375,5831500,-0.0031344183025339145
2021-07-26,168.5800018310547,168.86000061035156,168.0800018310547,168.16000366210938,5229800,-0.0023730060647713103
2021-07-27,168.72999572753906,168.91000366210938,167.92999267578125,168.44000244140625,6300200,0.0016650735799190741
2021-07-28,168.25999450683594,169.3800048828125,167.72000122070312,169.2899932861328,7905800,0.005046252863966982
2021-07-29,170.6999969482422,171.52000427246094,170.6699981689453,171.1699981689453,8119600,0.011105233370970247
2021-07-30,170.72000122070312,170.99000549316406,169.3800048828125,169.82000732421875,7391700,-0.007886842666167015
2021-08-02,169.3000030517578,170.25,169.10000610351562,169.61000061035156,10783200,-0.0012366429443513294
2021-08-03,169.4199981689453,169.8300018310547,169.2100067138672,169.49000549316406,5402300,-0.0007074766626713469
2021-08-04,171.27999877929688,171.39999389648438,168.99000549316406,169.52999877929688,9796300,0.0002359625041987723
2021-08-05,169.3699951171875,169.44000244140625,168.1999969482422,168.86000061035156,8015000,-0.0039520921003340925
2021-08-06,165.83999633789062,165.92999267578125,164.5500030517578,164.63999938964844,13547600,-0.024991124040327772
2021-08-09,163.00999450683594,163.2899932861328,161.25999450683594,161.72000122070312,11547000,-0.017735654639032372
2021-08-10,161.38999938964844,162.11000061035156,160.67999267578125,161.77000427246094,6870800,0.00030919522248562537
2021-08-11,163.14999389648438,164.1699981689453,162.67999267578125,164.0,7382400,0.01378497662510525
2021-08-12,163.64999389648438,164.10000610351562,162.92999267578125,164.0399932861328,5211700,0.0002438615008097944
2021-08-13,165.02000427246094,166.4600067138672,164.88999938964844,166.38999938964844,7466900,0.014325811995228088
2021-08-16,166.72999572753906,167.38999938964844,166.58999633789062,167.22000122070312,7776500,0.004988291568599701
2021-08-17,167.2899932861328,167.72999572753906,166.55999755859375,166.97000122070312,7107000,-0.0014950364679763295
2021-08-18,167.24000549316406,167.50999450683594,166.25999450683594,167.10000610351562,7697900,0.0007786122169375354
2021-08-19,167.24000549316406,167.2899932861328,166.16000366210938,166.61000061035156,6934300,-0.002932408589264246
2021-08-20,166.8000030517578,167.13999938964844,166.36000061035156,166.6999969482422,7154000,0.0005401616803368814
2021-08-23,168.82000732421875,168.91000366210938,167.9600067138672,168.72999572753906,8190500,0.012177557387281546
2021-08-24,169.0399932861328,169.27000427246094,168.52000427246094,168.64999389648438,4519200,-0.00047414113127741686
2021-08-25,167.8800048828125,167.9199981689453,166.74000549316406,167.47999572753906,5588800,-0.006937433805443538
2021-08-26,167.2100067138672,168.2100067138672,166.8300018310547,167.6699981689453,4371900,0.0011344784228162208
2021-08-27,167.5800018310547,170.19000244140625,166.8699951171875,170.19000244140625,10036400,0.015029547921398434
2021-08-30,169.66000366210938,169.83999633789062,169.08999633789062,169.35000610351562,3768600,-0.0049356385559711224
2021-08-31,169.22999572753906,169.9199981689453,168.75,169.69000244140625,6336000,0.0020076547129428413
2021-09-01,169.94000244140625,170.0,169.16000366210938,169.6999969482422,4764900,5.8898619200498104e-05
2021-09-02,169.5,169.6300048828125,168.82000732421875,169.25,4599800,-0.0026517204262498373
2021-09-03,170.58999633789062,171.5500030517578,170.14999389648438,171.05999755859375,8353300,0.01069422486613747
2021-09-07,169.55999755859375,169.77999877929688,167.6300048828125,167.7100067138672,10004600,-0.01958371853465668
2021-09-08,168.02000427246094,168.0800018310547,166.6999969482422,167.2899932861328,6576000,-0.0025044029033459703
2021-09-09,168.1699981689453,168.27999877929688,166.8300018310547,168.02999877929688,6641400,0.004423489287242344
2021-09-10,167.80999755859375,168.0800018310547,167.14999389648438,167.17999267578125,7426300,-0.005058656845151166
2021-09-13,167.4499969482422,168.22000122070312,167.39999389648438,167.74000549316406,5474300,0.0033497597913456634
2021-09-14,168.22000122070312,169.16000366210938,167.47999572753906,168.82000732421875,7922900,0.006438546534438316
2021-09-15,168.1300048828125,168.36000061035156,167.4499969482422,167.8300018310547,5624900,-0.005864266379652205
2021-09-16,164.3800048828125,164.44000244140625,163.22999572753906,164.02999877929688,11780400,-0.02264197706190263
2021-09-17,163.86000061035156,164.32000732421875,163.39999389648438,163.77000427246094,8369700,-0.0015850424237688898
2021-09-20,164.2899932861328,165.27999877929688,164.07000732421875,164.94000244140625,7566600,0.0071441542310690664
2021-09-21,165.80999755859375,166.6300048828125,165.49000549316406,166.0399932861328,7181500,0.006669036185550814
2021-09-22,165.88999938964844,167.14999389648438,165.02999877929688,165.4199981689453,9777800,-0.0037340107339023376
2021-09-23,164.10000610351562,164.1999969482422,163.27000427246094,163.50999450683594,8451900,-0.011546389089901132
2021-09-24,163.0,164.0,162.74000549316406,163.3000030517578,6937500,-0.00128427290155253
2021-09-27,163.85000610351562,164.36000061035156,163.50999450683594,163.63999938964844,4943000,0.00208203509820426
2021-09-28,162.72999572753906,162.82000732421875,161.72999572753906,162.0500030517578,9282800,-0.009716428402719801
2021-09-29,162.35000610351562,162.74000549316406,160.97000122070312,161.32000732421875,8360700,-0.004504756024632184
2021-09-30,162.66000366210938,164.9499969482422,162.33999633789062,164.22000122070312,10572900,0.01797665363761114
2021-10-01,164.27000427246094,164.9600067138672,163.88999938964844,164.58999633789062,6654700,0.0022530453929923144
2021-10-04,163.69000244140625,165.5399932861328,163.47000122070312,165.36000061035156,7651700,0.0046783175745395145
2021-10-05,163.94000244140625,164.85000610351562,163.49000549316406,164.58999633789062,5617300,-0.004656532835140448
2021-10-06,164.22999572753906,165.05999755859375,164.14999389648438,165.02999877929688,6067200,0.0026733243283083574
2021-10-07,164.02000427246094,164.85000610351562,163.9600067138672,164.16000366210938,4791500,-0.005271739220885419
2021-10-08,166.32000732421875,166.4199981689453,164.13999938964844,164.22999572753906,8536100,0.00042636491147840516
2021-10-11,164.0399932861328,164.5800018310547,163.91000366210938,163.9199981689453,3820100,-0.0018875818465466931
2021-10-12,164.57000732421875,165.44000244140625,164.30999755859375,164.66000366210938,5453000,0.004514430828637339
2021-10-13,165.27999877929688,167.9199981689453,165.27999877929688,167.58999633789062,11113800,0.017794197805277356
2021-10-14,168.19000244140625,168.22000122070312,167.7100067138672,168.0,5081400,0.0024464685904206362
2021-10-15,165.38999938964844,166.08999633789062,165.10000610351562,165.3300018310547,8699200,-0.015892846243722114
2021-10-18,165.4199981689453,165.58999633789062,164.80999755859375,164.9199981689453,4029600,-0.0024799108302698825
2021-10-19,166.5,166.5,165.1999969482422,165.4499969482422,6588500,0.003213671993580469
2021-10-20,166.2100067138672,167.11000061035156,165.92999267578125,166.89999389648438,5022000,0.008763958748792211
2021-10-21,166.6999969482422,166.94000244140625,166.24000549316406,166.75,4412400,-0.0008987052245035265
2021-10-22,168.6699981689453,169.5399932861328,166.6699981689453,167.77000427246094,10703900,0.006116967151190034
2021-10-25,168.66000366210938,169.2100067138672,168.52999877929688,168.92999267578125,4881300,0.006914158513320778
2021-10-26,167.8800048828125,167.91000366210938,166.6300048828125,167.67999267578125,6658900,-0.00739951491266011
2021-10-27,167.72999572753906,168.1999969482422,166.86000061035156,168.1199951171875,5823100,0.002624060476058121
2021-10-28,168.97999572753906,169.25,167.52999877929688,168.0800018310547,7000700,-0.00023788536339730548
2021-10-29,166.2899932861328,166.72999572753906,165.63999938964844,166.64999389648438,7531900,-0.008507900517562339
2021-11-01,167.3800048828125,167.83999633789062,166.91000366210938,167.52000427246094,4975600,0.005220584505493342
2021-11-02,167.42999267578125,167.6300048828125,166.9600067138672,167.16000366210938,3760700,-0.0021490007233168074
2021-11-03,165.33999633789062,165.9499969482422,164.3800048828125,165.77000427246094,9055200,-0.008315382622616663
2021-11-04,167.50999450683594,168.13999938964844,167.3699951171875,167.64999389648438,6656100,0.011340951773961994
2021-11-05,168.4199981689453,169.94000244140625,167.85000610351562,169.83999633789062,9368900,0.0130629437586407
2021-11-08,170.42999267578125,170.6999969482422,170.05999755859375,170.4499969482422,4966100,0.003591619309376348
2021-11-09,170.72999572753906,171.30999755859375,170.1199951171875,171.2899932861328,5781200,0.0049281100201232775
2021-11-10,173.6699981689453,174.64999389648438,172.11000061035156,173.14999389648438,11461800,0.010858781500706183
2021-11-11,173.97999572753906,174.27000427246094,173.74000549316406,174.1199951171875,5959600,0.005602086369596027
2021-11-12,173.50999450683594,174.6699981689453,173.39999389648438,174.4499969482422,7894800,0.0018952552280546708
2021-11-15,174.10000610351562,174.58999633789062,173.69000244140625,174.17999267578125,5630800,-0.0015477459282561279
2021-11-16,173.97000122070312,174.47999572753906,172.86000061035156,172.9199981689453,8667300,-0.007233864736584827
2021-11-17,174.24000549316406,174.61000061035156,173.88999938964844,174.5,6523100,0.009137183945092442
2021-11-18,173.9600067138672,174.36000061035156,173.52999877929688,173.94000244140625,6252000,-0.0032091550635745536
2021-11-19,173.69000244140625,174.10000610351562,172.24000549316406,172.61000061035156,8785600,-0.007646325240812324
2021-11-22,169.89999389648438,170.44000244140625,168.4199981689453,168.74000549316406,13091900,-0.022420457120115533
2021-11-23,167.27999877929688,167.60000610351562,166.52999877929688,167.27999877929688,8047800,-0.008652404091134991
2021-11-24,166.5800018310547,167.44000244140625,166.32000732421875,167.1199951171875,5359500,-0.0009565020521100642
2021-11-26,168.60000610351562,168.63999938964844,166.3699951171875,166.85000610351562,9605200,-0.001615539860939763
2021-11-29,166.83999633789062,167.25999450683594,166.3800048828125,166.6199951171875,7394900,-0.0013785494630753625
2021-11-30,167.77000427246094,169.00999450683594,165.3699951171875,165.5,12925300,-0.006721853018899604
2021-12-01,166.83999633789062,167.47000122070312,166.05999755859375,166.16000366210938,7808600,0.003987937535404162
2021-12-02,165.88999938964844,165.94000244140625,164.6300048828125,165.24000549316406,9604100,-0.005536820827328315
2021-12-03,165.49000549316406,166.92999267578125,165.0,166.6300048828125,9507900,0.008412002804647267
2021-12-06,166.13999938964844,166.8000030517578,165.92999267578125,166.22000122070312,4813600,-0.002460563224478851
2021-12-07,166.1999969482422,167.0800018310547,166.17999267578125,166.80999755859375,4900700,0.003549490636251651
2021-12-08,166.50999450683594,166.9600067138672,166.27999877929688,166.89999389648438,4288900,0.0005395140531609943
2021-12-09,166.5399932861328,166.5800018310547,165.64999389648438,165.8800048828125,4913800,-0.006111378376110088
2021-12-10,166.72000122070312,166.9199981689453,166.17999267578125,166.5800018310547,6450600,0.004219899491422874
2021-12-13,166.89999389648438,167.25999450683594,166.6699981689453,167.0,6610700,0.00252130006200435
2021-12-14,165.33999633789062,166.13999938964844,165.16000366210938,165.44000244140625,8637900,-0.009341302746070368
2021-12-15,165.27000427246094,166.39999389648438,163.8000030517578,166.14999389648438,14231200,0.004291534360497673
2021-12-16,167.00999450683594,168.17999267578125,166.94000244140625,168.16000366210938,11186200,0.012097561477355745
2021-12-17,168.72999572753906,169.1300048828125,167.77999877929688,167.8000030517578,9856900,-0.002140821851282393
2021-12-20,167.8800048828125,168.0,167.05999755859375,167.08999633789062,6973000,-0.0042312675861405635
2021-12-21,167.69000244140625,167.77999877929688,166.74000549316406,167.02000427246094,4548500,-0.0004188884251822289
2021-12-22,167.5800018310547,168.63999938964844,167.11000061035156,168.58999633789062,4672900,0.009400024100517657
2021-12-23,168.69000244140625,169.16000366210938,168.00999450683594,168.97000122070312,4551100,0.0022540179789249937
2021-12-27,168.9600067138672,169.4199981689453,168.77999877929688,169.3699951171875,4760300,0.002367247994286892
2021-12-28,169.3300018310547,169.64999389648438,168.6199951171875,168.63999938964844,4541900,-0.004310065233419702
2021-12-29,167.36000061035156,168.69000244140625,167.27999877929688,168.58999633789062,5889700,-0.0002965076609273698
2021-12-30,168.42999267578125,169.80999755859375,168.3699951171875,169.8000030517578,5426300,0.0071772153754725565
2021-12-31,170.52999877929688,171.0399932861328,170.0399932861328,170.9600067138672,7039300,0.00683158799329231
2022-01-03,168.86000061035156,169.00999450683594,168.0,168.3300018310547,9014400,-0.015383743445999576
2022-01-04,168.89999389648438,169.72000122070312,168.72999572753906,169.57000732421875,6965600,0.007366515057776857
2022-01-05,170.6199951171875,170.92999267578125,168.89999389648438,169.05999755859375,8715600,-0.00300766493835114
2022-01-06,167.16000366210938,167.75,166.86000061035156,166.99000549316406,10902700,-0.012244126909514819
2022-01-07,167.3699951171875,168.00999450683594,166.86000061035156,167.75,8191900,0.004551137683908024
2022-01-10,167.36000061035156,168.3000030517578,167.30999755859375,168.25999450683594,7026500,0.0030402057039400354
2022-01-11,168.44000244140625,170.30999755859375,168.3699951171875,170.2899932861328,8369000,0.0120646549718888
2022-01-12,170.19000244140625,170.75,170.00999450683594,170.74000549316406,6280700,0.002642622730480104
2022-01-13,170.08999633789062,170.22000122070312,169.27000427246094,170.16000366210938,7034200,-0.0033969884760131075
2022-01-14,170.22000122070312,170.55999755859375,169.47999572753906,169.6699981689453,7865900,-0.0028796749096049457
2022-01-18,169.63999938964844,170.00999450683594,169.08999633789062,169.38999938964844,9322800,-0.001650255097062403
2022-01-19,170.38999938964844,172.19000244140625,170.1999969482422,172.0800018310547,15784500,0.015880526897095182
2022-01-20,172.30999755859375,172.60000610351562,171.58999633789062,171.64999389648438,9570500,-0.0024988838330701757
2022-01-21,172.0399932861328,172.1199951171875,170.74000549316406,171.08999633789062,10982500,-0.0032624385581478954
2022-01-24,171.77999877929688,172.13999938964844,170.85000610351562,172.02999877929688,15727700,0.005494198734739664
2022-01-25,171.9499969482422,173.14999389648438,171.77999877929688,172.5800018310547,17382100,0.0031971345443269072
2022-01-26,171.38999938964844,171.72999572753906,169.47999572753906,169.7899932861328,17799400,-0.016166464916677392
2022-01-27,168.02000427246094,169.08999633789062,167.3300018310547,167.60000610351562,15867300,-0.012898211138547944
2022-01-28,166.55999755859375,167.4600067138672,166.3699951171875,167.10000610351562,9782500,-0.0029832934474428585
2022-01-31,167.7899932861328,168.13999938964844,167.4600067138672,168.08999633789062,8539300,0.005924537392067553
2022-02-01,168.57000732421875,168.85000610351562,167.8699951171875,168.22999572753906,9763900,0.0008328835308379912
2022-02-02,168.33999633789062,169.1199951171875,168.16000366210938,168.83999633789062,9085300,0.0036259919505645666
2022-02-03,168.30999755859375,168.82000732421875,167.02999877929688,168.60000610351562,10650800,-0.0014214062993387344
2022-02-04,168.0399932861328,169.10000610351562,167.99000549316406,168.86000061035156,9619600,0.0015420788696549614
2022-02-07,169.4499969482422,170.3000030517578,169.19000244140625,170.11000061035156,7796900,0.007402581993851909
2022-02-08,170.10000610351562,170.77999877929688,169.9499969482422,170.6300048828125,5802000,0.003056870675416823
2022-02-09,170.67999267578125,171.4199981689453,170.5500030517578,171.2100067138672,8002800,0.0033991784238243117
2022-02-10,170.52000427246094,171.99000549316406,170.4600067138672,170.55999755859375,10693500,-0.0037965605384254753
2022-02-11,170.75,174.1999969482422,170.7100067138672,173.80999755859375,25741500,0.019054878321533186
2022-02-14,173.77999877929688,175.0,173.67999267578125,174.74000549316406,13650700,0.005350715998122091
2022-02-15,173.10000610351562,173.33999633789062,172.38999938964844,173.0800018310547,12603600,-0.009499848975192515
2022-02-16,173.49000549316406,174.86000061035156,173.47999572753906,174.86000061035156,12772100,0.010284254451501385
2022-02-17,176.6999969482422,177.52999877929688,176.38999938964844,177.25,18612500,0.013668073780773726
2022-02-18,177.07000732421875,177.25,176.50999450683594,177.1199951171875,12760700,-0.0007334549100845855
2022-02-22,177.6699981689453,178.07000732421875,176.82000732421875,177.49000549316406,14960500,0.0020890378623359407
2022-02-23,177.38999938964844,178.38999938964844,177.36000061035156,178.2899932861328,11772200,0.0045072272703239324
2022-02-24,182.58999633789062,182.60000610351562,175.27000427246094,177.13999938964844,32726000,-0.006450131470019049
2022-02-25,176.4199981689453,176.7899932861328,175.7899932861328,176.5500030517578,11530900,-0.003330678220184624
2022-02-28,178.86000061035156,178.99000549316406,176.5,178.3800048828125,16055800,0.010365345791119474
2022-03-01,179.0500030517578,181.75999450683594,179.02999877929688,181.6199951171875,21942100,0.018163415997793697
2022-03-02,180.1300048828125,180.7100067138672,178.7899932861328,179.72999572753906,19727200,-0.010406339832951472
2022-03-03,179.9600067138672,181.3000030517578,179.5,180.8000030517578,15164400,0.005953415398956663
2022-03-04,182.11000061035156,183.97999572753906,181.36000061035156,183.67999267578125,22390100,0.015929145881701023
2022-03-07,184.4499969482422,186.63999938964844,184.22000122070312,186.41000366210938,27951800,0.014862865283030269
2022-03-08,188.35000610351562,193.3000030517578,188.25999450683594,191.50999450683594,47347700,0.027358997610294145
2022-03-09,186.0399932861328,187.22999572753906,184.75999450683594,185.82000732421875,26839700,-0.029711176156992036
2022-03-10,186.8800048828125,187.3800048828125,184.99000549316406,186.39999389648438,18455200,0.0031212277978962533
2022-03-11,183.74000549316406,185.77999877929688,183.44000244140625,185.08999633789062,14824700,-0.007027884128157469
2022-03-14,183.02999877929688,183.2899932861328,181.9499969482422,182.3000030517578,13186400,-0.015073711931138378
2022-03-15,179.10000610351562,180.27000427246094,178.00999450683594,178.88999938964844,16962300,-0.01870545038411886
2022-03-16,179.1300048828125,180.1199951171875,176.8699951171875,180.00999450683594,17548100,0.006260803404375848
2022-03-17,181.16000366210938,182.02999877929688,180.64999389648438,180.88999938964844,10954100,0.004888644573449508
2022-03-18,179.92999267578125,180.92999267578125,179.0399932861328,179.3000030517578,13996500,-0.008789852082788041
2022-03-21,179.3300018310547,181.2899932861328,179.32000732421875,180.6699981689453,10582200,0.007640798069546317
2022-03-22,179.60000610351562,179.7100067138672,178.32000732421875,179.36000061035156,9621800,-0.007250775291250955
2022-03-23,180.2899932861328,181.88999938964844,179.75999450683594,181.80999755859375,12557300,0.013659661796972422
2022-03-24,182.35000610351562,183.50999450683594,181.77000427246094,183.1300048828125,10970100,0.007260367097212672
2022-03-25,181.80999755859375,183.1300048828125,181.35000610351562,182.3800048828125,7911100,-0.004095451209537915
2022-03-28,180.3800048828125,181.3300018310547,178.85000610351562,179.05999755859375,9489700,-0.018203790082975457
2022-03-29,177.02000427246094,179.3300018310547,176.69000244140625,179.13999938964844,10458900,0.00044678784846130526
2022-03-30,179.75999450683594,180.9199981689453,179.67999267578125,180.5800018310547,8361300,0.008038419372069505
2022-03-31,180.91000366210938,181.9600067138672,180.55999755859375,180.64999389648438,9844400,0.000387595883929448
2022-04-01,179.5500030517578,180.4600067138672,178.97999572753906,179.5,13034400,-0.006365867342034592
2022-04-04,180.24000549316406,180.80999755859375,179.5800018310547,180.3699951171875,7063100,0.004846769455083555
2022-04-05,180.91000366210938,181.49000549316406,178.92999267578125,179.24000549316406,10828500,-0.006264842571455875
2022-04-06,179.77999877929688,180.30999755859375,178.6999969482422,179.66000366210938,8942100,0.002343216670796844
2022-04-07,179.8699951171875,180.8800048828125,179.8000030517578,180.33999633789062,10140600,0.003784886240234764
2022-04-08,180.52000427246094,181.82000732421875,180.52000427246094,181.47000122070312,10655700,0.006265969312183373
2022-04-11,183.1699981689453,183.3300018310547,181.11000061035156,182.3699951171875,10071300,0.004959463770487282
2022-04-12,184.0399932861328,184.63999938964844,182.9600067138672,183.77000427246094,12024600,0.007676751619003053
2022-04-13,184.5,184.94000244140625,184.1300048828125,184.64999389648438,8651600,0.004788537865617837
2022-04-14,184.27999877929688,184.41000366210938,182.8800048828125,184.0399932861328,11567200,-0.003303550666205468
2022-04-18,185.9499969482422,186.10000610351562,184.38999938964844,184.61000061035156,8886700,0.0030971927027434454
2022-04-19,183.19000244140625,183.64999389648438,181.3300018310547,181.82000732421875,12585600,-0.015112904376299419
2022-04-20,181.58999633789062,182.72000122070312,181.35000610351562,182.7100067138672,7038600,0.004894947496407287
2022-04-21,181.77000427246094,182.32000732421875,180.77999877929688,182.05999755859375,9639800,-0.0035576001936850066
2022-04-22,180.72000122070312,181.61000061035156,179.74000549316406,180.2899932861328,9147000,-0.0097220932450649
2022-04-25,177.1699981689453,177.50999450683594,176.47999572753906,177.0500030517578,13073700,-0.017970993150090764
2022-04-26,177.9499969482422,178.3000030517578,176.9199981689453,177.32000732421875,9042400,0.001525017044941901
2022-04-27,176.4600067138672,176.63999938964844,175.5,175.97999572753906,8854700,-0.00755702425744631
2022-04-28,175.9199981689453,176.97000122070312,175.69000244140625,176.92999267578125,6381100,0.005398323510093839
2022-04-29,178.07000732421875,178.6199951171875,176.7100067138672,176.91000366210938,7719700,-0.00011297696546286318
2022-05-02,173.61000061035156,174.64999389648438,172.97999572753906,173.6300048828125,14318600,-0.018540493535693647
2022-05-03,173.88999938964844,175.2100067138672,173.85000610351562,174.08999633789062,7214300,0.00264926246698316
2022-05-04,174.32000732421875,176.35000610351562,173.6699981689453,175.8000030517578,10491700,0.009822544372671826
2022-05-05,177.55999755859375,177.61000061035156,174.66000366210938,175.1300048828125,12794200,-0.003811138551277793
2022-05-06,175.38999938964844,176.55999755859375,174.86000061035156,175.4199981689453,7643300,0.0016558743678838361
2022-05-09,174.27000427246094,174.27000427246094,172.7899932861328,172.8800048828125,10742400,-0.014479496708730832
2022-05-10,173.8000030517578,173.9600067138672,171.1999969482422,171.4199981689453,11010400,-0.008445202872691127
2022-05-11,172.50999450683594,173.32000732421875,172.1999969482422,172.82000732421875,9179600,0.008167128516088473
2022-05-12,172.07000732421875,172.39999389648438,169.89999389648438,170.1699981689453,11626800,-0.015333925720196762
2022-05-13,168.30999755859375,169.6199951171875,168.00999450683594,168.7899932861328,13031100,-0.00810956630229509
2022-05-16,168.42999267578125,170.42999267578125,168.33999633789062,170.39999389648438,7319300,0.009538483763206873
2022-05-17,170.44000244140625,170.52999877929688,169.13999938964844,169.3300018310547,6441100,-0.006279296383541522
2022-05-18,169.00999450683594,170.2100067138672,168.80999755859375,169.4199981689453,7472900,0.0005314848929158789
2022-05-19,171.5500030517578,172.52000427246094,170.88999938964844,171.91000366210938,10580300,0.014697234801531733
2022-05-20,171.7100067138672,172.24000549316406,170.88999938964844,172.02999877929688,6578100,0.0006980112537449124
2022-05-23,173.1300048828125,173.3800048828125,172.27999877929688,172.8300018310547,5518500,0.004650369455528214
2022-05-24,173.47000122070312,174.41000366210938,173.35000610351562,174.1300048828125,6794000,0.007521859850632806
2022-05-25,172.7899932861328,173.16000366210938,171.72999572753906,173.0800018310547,4595900,-0.006029994959596108
2022-05-26,172.1300048828125,172.92999267578125,171.75999450683594,172.75999450683594,6467000,-0.0018488983177334939
2022-05-27,173.49000549316406,173.52000427246094,172.63999938964844,172.85000610351562,3847900,0.00052102106703944
2022-05-31,172.7100067138672,173.07000732421875,171.0800018310547,171.13999938964844,6244000,-0.009893009276743081
2022-06-01,172.2100067138672,172.52999877929688,171.38999938964844,172.22999572753906,6946500,0.006369033199590923
2022-06-02,173.66000366210938,174.4499969482422,173.49000549316406,174.35000610351562,5623100,0.012309182073779512
2022-06-03,173.52999877929688,173.97000122070312,172.25,172.5800018310547,5519400,-0.010152017266979896
2022-06-06,172.80999755859375,172.88999938964844,171.64999389648438,171.82000732421875,3766000,-0.0044037229040009285
2022-06-07,172.11000061035156,173.0500030517578,171.99000549316406,172.94000244140625,3860000,0.006518420844169315
2022-06-08,172.88999938964844,173.4499969482422,172.6699981689453,172.77999877929688,5140800,-0.0009251975242893229
2022-06-09,172.4499969482422,172.58999633789062,171.5800018310547,172.22999572753906,4701100,-0.0031832564859568535
2022-06-10,170.88999938964844,174.94000244140625,170.4600067138672,174.5399932861328,16856100,0.013412283666592417
2022-06-13,171.17999267578125,171.33999633789062,169.61000061035156,169.92999267578125,13265200,-0.026412288230091452
2022-06-14,169.61000061035156,169.72999572753906,168.3000030517578,168.57000732421875,7347900,-0.008003209616781914
2022-06-15,170.39999389648438,171.83999633789062,169.0800018310547,170.77000427246094,9000300,0.013050939388113303
2022-06-16,170.55999755859375,172.77000427246094,170.1699981689453,172.69000244140625,8823600,0.011243181594596585
2022-06-17,172.14999389648438,172.3000030517578,170.97000122070312,171.27000427246094,7407200,-0.008222816311715064
2022-06-21,171.05999755859375,171.91000366210938,170.47000122070312,170.6300048828125,5608500,-0.0037367862070599722
2022-06-22,171.61000061035156,172.3000030517578,171.10000610351562,171.30999755859375,6558700,0.003985188163408093
2022-06-23,171.38999938964844,172.1300048828125,169.89999389648438,170.25999450683594,6535300,-0.006129257292171064
2022-06-24,170.24000549316406,170.74000549316406,169.85000610351562,170.08999633789062,6143100,-0.0009984622015154487
2022-06-27,170.60000610351562,170.6699981689453,169.75,169.89999389648438,5719700,-0.0011170700540719114
2022-06-28,170.07000732421875,170.2100067138672,169.50999450683594,169.6199951171875,2982700,-0.0016480211262837052
2022-06-29,170.5800018310547,170.6999969482422,169.1699981689453,169.49000549316406,4785600,-0.0007663579045243951
2022-06-30,169.50999450683594,169.9600067138672,168.24000549316406,168.4600067138672,9144400,-0.006077047294322124
2022-07-01,167.13999938964844,168.67999267578125,166.9600067138672,168.32000732421875,11380300,-0.0008310541616338707
2022-07-05,167.17999267578125,167.3300018310547,164.41000366210938,164.75,14035400,-0.02120964335120412
2022-07-06,164.32000732421875,164.57000732421875,161.47000122070312,162.13999938964844,11861100,-0.015842188833696924
2022-07-07,162.42999267578125,163.0399932861328,162.05999755859375,162.22999572753906,4588400,0.000555053276362516
2022-07-08,162.35000610351562,163.3800048828125,161.83999633789062,162.3000030517578,4584100,0.0004315313201161963
2022-07-11,161.92999267578125,162.44000244140625,161.3800048828125,161.42999267578125,4321700,-0.005360507452973451
2022-07-12,161.22000122070312,161.6199951171875,160.72000122070312,160.8300018310547,5375100,-0.0037167247224720867
2022-07-13,160.10000610351562,162.7100067138672,160.05999755859375,161.60000610351562,8456600,0.004787690503602615
2022-07-14,159.02000427246094,159.8300018310547,158.22000122070312,159.3300018310547,12213600,-0.014047055610919013
2022-07-15,159.00999450683594,159.25,158.35000610351562,159.00999450683594,6783800,-0.0020084561635671516
2022-07-18,160.0800018310547,160.42999267578125,159.0500030517578,159.16000366210938,5791800,0.0009433945063559435
2022-07-19,159.47000122070312,159.8699951171875,159.3300018310547,159.5399932861328,3796200,0.0023874693093759447
2022-07-20,159.7100067138672,159.82000732421875,158.02999877929688,158.0399932861328,4795800,-0.009402031234323593
2022-07-21,158.30999755859375,160.30999755859375,158.27000427246094,160.27000427246094,5863300,0.014110421925231709
2022-07-22,160.5500030517578,162.1300048828125,160.35000610351562,160.6699981689453,5733800,0.00249575020790771
2022-07-25,160.63999938964844,160.6999969482422,159.80999755859375,160.22999572753906,3713400,-0.0027385476219622396
2022-07-26,160.22999572753906,160.5,159.7899932861328,160.0399932861328,2672800,-0.0011858106875901608
2022-07-27,160.02000427246094,162.2100067138672,159.50999450683594,161.6699981689453,5766100,0.010184984698782484
2022-07-28,163.30999755859375,163.75999450683594,162.8800048828125,163.63999938964844,5606400,0.012185323455280006
2022-07-29,163.88999938964844,164.69000244140625,163.27999877929688,164.10000610351562,7537300,0.0028110896821249565
2022-08-01,164.97999572753906,165.41000366210938,164.41000366210938,165.02999877929688,4666900,0.0056672312077465925
2022-08-02,165.66000366210938,166.4600067138672,164.02000427246094,164.0500030517578,5725400,-0.005938288400823777
2022-08-03,164.77000427246094,164.91000366210938,163.47999572753906,164.4499969482422,4417800,0.002438243761313297
2022-08-04,165.52999877929688,167.30999755859375,165.33999633789062,167.1699981689453,5502000,0.016539989487255546
2022-08-05,164.99000549316406,165.83999633789062,164.8699951171875,165.2899932861328,6023300,-0.011246066300201418
2022-08-08,166.02999877929688,166.80999755859375,165.92999267578125,166.69000244140625,3456300,0.008470017618367853
2022-08-09,167.47999572753906,167.8000030517578,166.82000732421875,167.1999969482422,3205500,0.0030595386607856767
2022-08-10,167.38999938964844,167.97999572753906,166.6199951171875,166.77999877929688,4077300,-0.0025119508170524663
2022-08-11,167.16000366210938,167.66000366210938,166.30999755859375,166.33999633789062,4446000,-0.0026382206776995876
2022-08-12,167.1699981689453,167.94000244140625,166.8300018310547,167.8699951171875,5151700,0.00919802099904432
2022-08-15,165.99000549316406,166.25,165.44000244140625,165.7100067138672,5236100,-0.012867030834262327
2022-08-16,165.30999755859375,165.72000122070312,165.17999267578125,165.4199981689453,4291500,-0.001750096754401964
2022-08-17,165.2100067138672,165.22999572753906,163.9499969482422,164.35000610351562,5569100,-0.006468335614034371
2022-08-18,164.60000610351562,164.91000366210938,163.5399932861328,163.9199981689453,3646100,-0.0026164156896926194
2022-08-19,163.64999389648438,163.74000549316406,162.6199951171875,162.72000122070312,8173000,-0.007320625681104476
2022-08-22,161.66000366210938,162.1199951171875,161.36000061035156,161.63999938964844,4458100,-0.006637179344595956
2022-08-23,161.9600067138672,163.42999267578125,161.91000366210938,162.77000427246094,4425100,0.0069908740848763085
2022-08-24,162.44000244140625,163.61000061035156,162.3699951171875,163.25,3202400,0.0029489200401788818
2022-08-25,163.97000122070312,163.99000549316406,163.24000549316406,163.75,2857500,0.003062787136294043
2022-08-26,163.1199951171875,163.61000061035156,161.5500030517578,161.75999450683594,6689300,-0.012152705301765265
2022-08-29,161.8800048828125,162.6199951171875,161.6999969482422,161.86000061035156,4702300,0.0006182375550920494
2022-08-30,161.27000427246094,161.42999267578125,160.33999633789062,160.50999450683594,4856600,-0.008340578885610683
2022-08-31,159.5,160.57000732421875,159.25999450683594,159.27000427246094,5438600,-0.007725314789180926
2022-09-01,158.1699981689453,158.38999938964844,157.32000732421875,157.8699951171875,7390800,-0.008790162100319021
2022-09-02,159.35000610351562,160.05999755859375,159.13999938964844,159.25999450683594,5196900,0.008804709144487166
2022-09-06,159.1699981689453,159.4600067138672,158.32000732421875,158.3300018310547,4863800,-0.0058394619355668365
2022-09-07,158.14999389648438,160.14999389648438,158.0800018310547,159.94000244140625,3981400,0.010168638866495439
2022-09-08,159.5399932861328,159.86000061035156,158.7100067138672,158.97999572753906,4607100,-0.006002292729855863
2022-09-09,159.72000122070312,160.24000549316406,159.41000366210938,159.82000732421875,3927800,0.005283756568463582
2022-09-12,161.0399932861328,161.6199951171875,160.5500030517578,160.6300048828125,4537500,0.005068186218703863
2022-09-13,158.47000122070312,159.27000427246094,158.38999938964844,158.5399932861328,6526400,-0.01301133993119441
2022-09-14,158.67999267578125,158.97999572753906,157.72999572753906,157.92999267578125,6091100,-0.003847613448870524
2022-09-15,156.75999450683594,157.49000549316406,154.6199951171875,154.97999572753906,13181200,-0.018679143196684067
2022-09-16,154.66000366210938,156.55999755859375,154.33999633789062,155.83999633789062,7141200,0.005549107201315628
2022-09-19,154.8699951171875,156.0399932861328,154.82000732421875,155.9600067138672,5582800,0.0007700871329356929
2022-09-20,155.02999877929688,155.22999572753906,154.58999633789062,155.07000732421875,5943700,-0.005706587274526553
2022-09-21,155.97000122070312,157.25,154.00999450683594,155.7899932861328,7816100,0.004642973675810236
2022-09-22,156.25999450683594,156.47999572753906,155.30999755859375,155.6999969482422,5975200,-0.0005776772692025478
2022-09-23,153.89999389648438,154.0,152.63999938964844,153.00999450683594,9598000,-0.01727683040546535
2022-09-26,153.22000122070312,153.50999450683594,151.02999877929688,151.22999572753906,8240500,-0.011633219026207842
2022-09-27,152.25,152.72999572753906,151.5,151.5399932861328,7151300,0.002049841746687875
2022-09-28,153.1999969482422,154.8800048828125,152.92999267578125,154.69000244140625,8977200,0.02078665233491006
2022-09-29,154.13999938964844,155.02999877929688,153.16000366210938,154.66000366210938,6317000,-0.00019392836526865853
2022-09-30,154.94000244140625,156.0399932861328,154.57000732421875,154.6699981689453,6832400,6.462244018679009e-05
2022-10-03,155.44000244140625,158.47999572753906,155.22999572753906,158.42999267578125,10362200,0.024309785681440932
2022-10-04,159.17999267578125,161.0800018310547,158.9199981689453,160.6999969482422,8024500,0.014328122056449066
2022-10-05,159.32000732421875,160.0800018310547,158.3800048828125,159.80999755859375,5296300,-0.005538266375543777
2022-10-06,159.41000366210938,159.94000244140625,158.9499969482422,159.6300048828125,5712600,-0.00112629171222689
2022-10-07,158.4600067138672,158.97999572753906,157.67999267578125,157.8800048828125,5030000,-0.010962851258976669
2022-10-10,155.94000244140625,156.35000610351562,155.1199951171875,155.47999572753906,6110800,-0.015201476317757034
2022-10-11,155.49000549316406,156.80999755859375,154.9199981689453,155.16000366210938,5306700,-0.002058091550185215
2022-10-12,155.50999450683594,156.2899932861328,155.25999450683594,155.99000549316406,3998500,0.00534932850905423
2022-10-13,153.47999572753906,155.72999572753906,152.9199981689453,154.91000366210938,7083800,-0.006923532232980256
2022-10-14,154.02000427246094,154.1999969482422,152.72000122070312,152.97999572753906,5471900,-0.012458897998479546
2022-10-17,154.9199981689453,155.3300018310547,153.32000732421875,153.4199981689453,4348000,0.0028762090057179446
2022-10-18,154.0800018310547,154.24000549316406,153.24000549316406,153.75,4528400,0.0021509701146735782
2022-10-19,152.08999633789062,152.49000549316406,151.5399932861328,151.69000244140625,8257100,-0.013398358104674823
2022-10-20,151.9199981689453,153.22999572753906,151.27000427246094,151.4499969482422,5019800,-0.0015822103586343728
2022-10-21,151.97999572753906,154.30999755859375,151.8300018310547,154.14999389648438,6898400,0.017827646105301076
2022-10-24,153.4499969482422,154.05999755859375,153.05999755859375,153.64999389648438,4673300,-0.003243594030472474
2022-10-25,153.9600067138672,154.7899932861328,153.8300018310547,154.0,3434100,0.002277944142005106
2022-10-26,154.77999877929688,155.72999572753906,154.77999877929688,154.97999572753906,4448200,0.006363608620383543
2022-10-27,154.7100067138672,155.08999633789062,154.22000122070312,154.74000549316406,3654900,-0.001548523944967184
2022-10-28,152.9600067138672,153.5399932861328,152.5,153.16000366210938,4645400,-0.010210687443231947
2022-10-31,152.16000366210938,152.8699951171875,151.88999938964844,151.91000366210938,6097800,-0.008161399648159207
2022-11-01,153.82000732421875,153.97999572753906,152.8699951171875,153.4600067138672,4603600,0.010203429757038585
2022-11-02,154.16000366210938,155.4199981689453,152.25999450683594,152.38999938964844,7210900,-0.006972548399621914
2022-11-03,150.6999969482422,151.9600067138672,150.57000732421875,151.80999755859375,5378800,-0.003806036048150885
2022-11-04,154.9499969482422,156.60000610351562,154.66000366210938,156.47000122070312,7692000,0.030696289684813083
2022-11-07,156.22000122070312,156.57000732421875,155.80999755859375,155.85000610351562,4425700,-0.003962389674382338
2022-11-08,155.99000549316406,159.8699951171875,155.97999572753906,159.4499969482422,11299600,0.023099074133724695
2022-11-09,159.36000061035156,160.35000610351562,158.4499969482422,158.64999389648438,6040600,-0.0050172660211307285
2022-11-10,162.00999450683594,163.50999450683594,161.66000366210938,163.47999572753906,9939900,0.030444387121793204
2022-11-11,163.91000366210938,164.5800018310547,163.4199981689453,164.55999755859375,4622400,0.006606324071935177
2022-11-14,164.1999969482422,165.24000549316406,164.14999389648438,164.9199981689453,6187600,0.002187655661719301
2022-11-15,165.27000427246094,166.22999572753906,164.55999755859375,165.5,9903500,0.0035168677995043307
2022-11-16,165.41000366210938,165.7100067138672,164.8300018310547,165.1199951171875,3645800,-0.0022961020109516506
2022-11-17,163.7899932861328,164.11000061035156,163.39999389648438,163.9199981689453,4574400,-0.007267423593311895
2022-11-18,163.3800048828125,163.69000244140625,162.67999267578125,162.7899932861328,4321100,-0.006893636502166456
2022-11-21,162.44000244140625,162.5,161.27999877929688,161.8800048828125,4766500,-0.005589952950737276
2022-11-22,162.3000030517578,162.60000610351562,161.72000122070312,162.07000732421875,3203800,0.00117372396636517
2022-11-23,161.69000244140625,163.24000549316406,161.55999755859375,163.0800018310547,4167000,0.006231840940288613
2022-11-25,162.85000610351562,163.42999267578125,162.75999450683594,163.22000122070312,1436500,0.000858470616118101
2022-11-28,162.92999267578125,163.05999755859375,161.91000366210938,161.92999267578125,4052900,-0.007903495498554403
2022-11-29,162.6999969482422,163.6300048828125,162.60000610351562,162.72999572753906,2620600,0.004940425418036076
2022-11-30,163.69000244140625,164.80999755859375,162.39999389648438,164.80999755859375,4874700,0.012781920270785507
2022-12-01,167.47999572753906,167.9499969482422,166.97999572753906,167.83999633789062,8625800,0.01838479961277617
2022-12-02,166.17999267578125,167.47000122070312,165.75999450683594,167.25999450683594,5185900,-0.0034556830535615868
2022-12-05,166.5500030517578,166.72000122070312,164.32000732421875,164.38999938964844,5436200,-0.017158885635801036
2022-12-06,165.1999969482422,165.5399932861328,164.4499969482422,164.83999633789062,3597800,0.0027373742314797944
2022-12-07,165.47000122070312,166.63999938964844,165.32000732421875,166.3300018310547,4610700,0.009039101712364994
2022-12-08,166.5800018310547,167.0500030517578,166.07000732421875,166.47000122070312,3217900,0.0008416965556858891
2022-12-09,167.25999450683594,168.08999633789062,166.60000610351562,167.05999755859375,5431300,0.003544160110315664
2022-12-12,166.44000244140625,166.60000610351562,165.42999267578125,165.67999267578125,3504400,-0.008260534556326027
2022-12-13,169.2100067138672,169.7899932861328,168.02000427246094,168.50999450683594,6750200,0.017081132038632596
2022-12-14,168.42999267578125,168.80999755859375,167.13999938964844,168.10000610351562,5643000,-0.0024330212847030186
2022-12-15,165.72999572753906,166.2100067138672,165.10000610351562,165.35000610351562,8363000,-0.01635930934057528
2022-12-16,166.02000427246094,166.97999572753906,165.83999633789062,166.7899932861328,5372000,0.008708721678036602
2022-12-19,166.7100067138672,167.11000061035156,165.99000549316406,166.32000732421875,3940500,-0.0028178306902848504
2022-12-20,168.10000610351562,169.52999877929688,168.02999877929688,169.0800018310547,7803100,0.016594482836064905
2022-12-21,169.0399932861328,169.7100067138672,168.67999267578125,168.8000030517578,3990100,-0.0016560135809358112
2022-12-22,167.75999450683594,167.75999450683594,166.05999755859375,166.75999450683594,5672700,-0.012085358459954287
2022-12-23,166.8800048828125,167.8000030517578,166.66000366210938,167.25999450683594,2912300,0.002998321039039853
2022-12-27,167.88999938964844,170.61000061035156,167.8000030517578,168.6699981689453,6885700,0.008430011409881644
2022-12-28,168.0500030517578,168.33999633789062,167.10000610351562,167.91000366210938,3662500,-0.004505807286929064
2022-12-29,168.5399932861328,169.35000610351562,168.52000427246094,168.85000610351562,3345900,0.005598251568726287
2022-12-30,169.25999450683594,169.89999389648438,168.8000030517578,169.63999938964844,2864500,0.0046786689817972515
2023-01-03,171.32000732421875,172.08999633789062,170.02000427246094,171.05999755859375,7992900,0.008370656531798915
2023-01-04,172.86000061035156,173.08999633789062,171.85000610351562,172.6699981689453,7574600,0.0094119059589024
2023-01-05,170.82000732421875,171.0,169.7899932861328,170.52000427246094,4692600,-0.012451461859522062
2023-01-06,171.75999450683594,173.9600067138672,171.22999572753906,173.7100067138672,7889000,0.01870749684189077
2023-01-09,174.50999450683594,175.0399932861328,173.8800048828125,174.10000610351562,5134500,0.0022451175785793698
2023-01-10,174.61000061035156,174.97999572753906,174.05999755859375,174.74000549316406,4398400,0.0036760446135073455
2023-01-11,174.75999450683594,174.7899932861328,173.72000122070312,174.6199951171875,3374200,-0.000686793935011365
2023-01-12,176.00999450683594,176.7100067138672,174.8800048828125,176.63999938964844,6936900,0.011568000967502767
2023-01-13,176.9600067138672,178.8300018310547,176.88999938964844,178.75999450683594,7468800,0.012001783992939385
2023-01-17,178.2100067138672,178.24000549316406,177.08999633789062,177.58999633789062,6610800,-0.00654507834469964
2023-01-18,178.9199981689453,179.17999267578125,176.89999389648438,177.0800018310547,5384700,-0.0028717524486322477
2023-01-19,178.3699951171875,180.02999877929688,178.08999633789062,179.88999938964844,6678700,0.015868520044824974
2023-01-20,179.05999755859375,179.66000366210938,178.64999389648438,179.2899932861328,5754800,-0.003335405556458948
2023-01-23,178.35000610351562,179.69000244140625,177.77999877929688,179.6300048828125,5265500,0.0018964337632443318
2023-01-24,179.55999755859375,180.32000732421875,178.35000610351562,180.27999877929688,4604600,0.003618515163479552
2023-01-25,179.35000610351562,181.22000122070312,179.2899932861328,181.11000061035156,6925300,0.004603959599926544
2023-01-26,180.14999389648438,180.27000427246094,178.4600067138672,179.47000122070312,5860100,-0.009055266877154966
2023-01-27,179.27000427246094,179.72000122070312,178.25999450683594,179.22000122070312,6052700,-0.0013929904624704337
2023-01-30,179.2899932861328,179.42999267578125,178.64999389648438,178.75999450683594,4210700,-0.002566715270248765
2023-01-31,178.82000732421875,179.6999969482422,178.5399932861328,179.41000366210938,5976900,0.0036362115419990015
2023-02-01,179.75,181.72999572753906,178.6300048828125,181.6699981689453,7996000,0.012596814339808304
2023-02-02,181.0800018310547,181.11000061035156,177.74000549316406,177.89999389648438,8842400,-0.02075193653580043
2023-02-03,174.9199981689453,175.42999267578125,173.1199951171875,173.4600067138672,13674400,-0.024957770292002968
2023-02-06,174.11000061035156,174.4600067138672,173.27999877929688,173.82000732421875,8957000,0.0020754098721176284
2023-02-07,173.72000122070312,175.27000427246094,173.47000122070312,173.97999572753906,6794200,0.000920425708082595
2023-02-08,174.94000244140625,174.99000549316406,173.8300018310547,174.41000366210938,4075600,0.002471594120761589
2023-02-09,175.49000549316406,175.52000427246094,172.8699951171875,173.02999877929688,5361300,-0.007912418174625069
2023-02-10,173.6300048828125,173.67999267578125,172.6300048828125,173.36000061035156,2971100,0.0019071943211166342
2023-02-13,172.6999969482422,172.89999389648438,172.07000732421875,172.47999572753906,3970800,-0.005076170279846859
2023-02-14,171.97000122070312,173.50999450683594,171.41000366210938,172.61000061035156,5403100,0.0007537389032514774
2023-02-15,170.60000610351562,170.99000549316406,170.16000366210938,170.88999938964844,5423800,-0.00996466725346834
2023-02-16,170.33999633789062,171.60000610351562,169.9600067138672,170.75,4540400,-0.0008192368783922488
2023-02-17,169.8699951171875,171.47000122070312,169.52000427246094,171.25999450683594,4809800,0.002986790669610162
2023-02-21,171.1999969482422,171.5,170.33999633789062,170.6199951171875,4035900,-0.003737004613899475
2023-02-22,170.80999755859375,170.9600067138672,169.55999755859375,169.66000366210938,4105700,-0.005626488586046308
2023-02-23,169.83999633789062,170.1300048828125,169.0800018310547,169.57000732421875,5073500,-0.0005304511136865475
2023-02-24,168.4199981689453,168.83999633789062,168.19000244140625,168.35000610351562,6496500,-0.00719467575637045
2023-02-27,168.8800048828125,169.22999572753906,168.5500030517578,169.00999450683594,4509200,0.003920334893926292
2023-02-28,168.77999877929688,170.25,168.58999633789062,169.77999877929688,6761600,0.00455596886271592
2023-03-01,170.9499969482422,171.49000549316406,170.47000122070312,170.75999450683594,6590500,0.005772150633673867
2023-03-02,170.52000427246094,170.97999572753906,170.36000061035156,170.66000366210938,3950700,-0.0005855636445488699
2023-03-03,171.4499969482422,172.60000610351562,170.97999572753906,172.49000549316406,6894500,0.010723085619275707
2023-03-06,172.32000732421875,172.3699951171875,171.5399932861328,171.6199951171875,4264100,-0.005043830646819902
2023-03-07,170.4199981689453,170.47000122070312,168.52000427246094,168.6199951171875,8713300,-0.017480480627863337
2023-03-08,168.61000061035156,169.58999633789062,168.52000427246094,168.5399932861328,5718600,-0.00047445044105887124
2023-03-09,169.75,170.64999389648438,169.7100067138672,170.1999969482422,5583000,0.009849316056938173
2023-03-10,171.92999267578125,173.8800048828125,171.9199981689453,173.8699951171875,13803400,0.021562856843419187
2023-03-13,176.66000366210938,178.02000427246094,176.3000030517578,177.86000061035156,20554400,0.022948211912439564
2023-03-14,177.35000610351562,177.58999633789062,176.2100067138672,176.8300018310547,10019000,-0.005791064746217711
2023-03-15,178.86000061035156,180.1300048828125,177.49000549316406,178.2100067138672,14546100,0.007804133170404848
2023-03-16,179.50999450683594,179.64999389648438,177.8699951171875,178.57000732421875,10762200,0.002020092008242713
2023-03-17,181.02000427246094,184.80999755859375,180.77000427246094,183.77000427246094,24156300,0.02912021467748982
2023-03-20,184.19000244140625,184.5399932861328,182.74000549316406,183.83999633789062,11845700,0.0003808677357699519
2023-03-21,182.64999389648438,182.72999572753906,179.89999389648438,180.3699951171875,10734500,-0.018875115806276432
2023-03-22,180.39999389648438,183.94000244140625,180.27999877929688,183.44000244140625,11969600,0.01702060989813825
2023-03-23,183.91000366210938,186.24000549316406,183.60000610351562,185.74000549316406,11347100,0.012538176085624908
2023-03-24,185.61000061035156,185.99000549316406,183.6199951171875,183.64999389648438,9245900,-0.011252350246951037
2023-03-27,181.14999389648438,182.14999389648438,180.69000244140625,181.9499969482422,6925000,-0.009256722051406152
2023-03-28,182.30999755859375,183.6199951171875,182.1199951171875,183.44000244140625,6202600,0.008189093257242153
2023-03-29,182.49000549316406,183.27000427246094,182.24000549316406,182.52999877929688,4996500,-0.00496077000653139
2023-03-30,182.75,184.44000244140625,182.5500030517578,184.17999267578125,6360300,0.009039576549164652
2023-03-31,184.11000061035156,184.4199981689453,182.8000030517578,183.22000122070312,8003300,-0.005212246135594234
2023-04-03,183.85000610351562,185.0399932861328,183.32000732421875,184.5399932861328,9206600,0.007204410308019105
2023-04-04,184.72000122070312,188.22999572753906,184.66000366210938,187.97999572753906,13765400,0.018640958960437715
2023-04-05,188.33999633789062,188.86000061035156,186.77999877929688,187.8300018310547,11440800,-0.0007979247786651378
2023-04-06,186.88999938964844,187.25999450683594,185.9499969482422,186.49000549316406,6648400,-0.007134091065472581
2023-04-10,185.17999267578125,185.36000061035156,184.19000244140625,185.11000061035156,6408100,-0.007399886547073353
2023-04-11,185.91000366210938,186.50999450683594,185.63999938964844,186.27999877929688,6031500,0.006320556237305208
2023-04-12,187.5399932861328,187.66000366210938,185.97000122070312,187.19000244140625,10000900,0.004885138866613126
2023-04-13,189.75999450683594,190.41000366210938,188.99000549316406,189.72000122070312,14060100,0.013515672558895409
2023-04-14,188.0800018310547,188.49000549316406,185.1699981689453,186.36000061035156,13272500,-0.017710313033589165
2023-04-17,185.88999938964844,185.92999267578125,184.10000610351562,185.52999877929688,7468100,-0.0044537552497120325
2023-04-18,185.24000549316406,186.99000549316406,185.0399932861328,186.25,8056900,0.003880780603893852
2023-04-19,184.35000610351562,185.5800018310547,184.27999877929688,185.36000061035156,7373500,-0.004778520212877502
2023-04-20,186.13999938964844,187.02999877929688,185.77999877929688,186.08999633789062,5789900,0.00393825919904689
2023-04-21,184.97999572753906,185.67999267578125,183.22000122070312,184.25,10698700,-0.00988766926809792
2023-04-24,184.07000732421875,185.02999877929688,183.4600067138672,184.80999755859375,8303400,0.003039335460481629
2023-04-25,184.83999633789062,186.22000122070312,184.3000030517578,185.75,8451900,0.005086318131183543
2023-04-26,186.6300048828125,186.64999389648438,184.3000030517578,184.74000549316406,8203600,-0.0054373863086726315
2023-04-27,183.89999389648438,184.99000549316406,183.3800048828125,184.75,9107400,5.410039265330013e-05
2023-04-28,184.7899932861328,185.3800048828125,184.1699981689453,184.8000030517578,6700400,0.0002706525128974846
2023-05-01,186.0500030517578,186.22000122070312,183.91000366210938,183.97000122070312,7997700,-0.004491351825477108
2023-05-02,184.64999389648438,187.63999938964844,184.52000427246094,187.52000427246094,14680600,0.019296640909943763
2023-05-03,187.61000061035156,189.2100067138672,186.92999267578125,189.11000061035156,11133800,0.008479075840785555
2023-05-04,188.86000061035156,191.36000061035156,188.80999755859375,190.44000244140625,14146800,0.00703295344911492
2023-05-05,186.55999755859375,187.5800018310547,185.77000427246094,187.4600067138672,12508100,-0.015647950479605433
2023-05-08,187.82000732421875,188.6699981689453,187.49000549316406,187.69000244140625,6075400,0.0012269055761324754
2023-05-09,188.1199951171875,189.3300018310547,188.07000732421875,189.02000427246094,7098800,0.007086162362163639
2023-05-10,188.97999572753906,189.63999938964844,187.82000732421875,188.75,9392100,-0.001428442843921074
2023-05-11,188.44000244140625,188.80999755859375,186.86000061035156,187.1300048828125,8245500,-0.008582755587748347
2023-05-12,187.42999267578125,187.9199981689453,186.5800018310547,186.80999755859375,7087500,-0.0017100802429794726
2023-05-15,187.3000030517578,187.8800048828125,187.02999877929688,187.2100067138672,5518100,0.0021412620336231925
2023-05-16,186.5800018310547,186.82000732421875,184.4600067138672,184.8699951171875,9519500,-0.0124993937971285
2023-05-17,184.30999755859375,184.4499969482422,183.47999572753906,184.22999572753906,7474300,-0.0034618889303412725
2023-05-18,182.10000610351562,182.27999877929688,181.33999633789062,181.83999633789062,8812600,-0.012972911279784505
2023-05-19,182.25,184.33999633789062,181.80999755859375,183.63999938964844,8435000,0.0098988291245512
2023-05-22,183.22000122070312,183.83999633789062,182.91000366210938,183.2100067138672,4834300,-0.002341497915543389
2023-05-23,182.77999877929688,183.75999450683594,182.47999572753906,183.42999267578125,6345000,0.001200731149241463
2023-05-24,183.5399932861328,183.5399932861328,181.77000427246094,181.9499969482422,6732900,-0.008068450017086337
2023-05-25,181.17999267578125,181.30999755859375,180.10000610351562,180.1999969482422,6919200,-0.009618027091793824
2023-05-26,181.00999450683594,181.3000030517578,180.08999633789062,180.9199981689453,5823700,0.003995567330169925
2023-05-30,181.72000122070312,182.39999389648438,181.1699981689453,182.0399932861328,4906100,0.006190554546333882
2023-05-31,182.38999938964844,183.4499969482422,182.10000610351562,182.32000732421875,8497900,0.0015382006614657051
2023-06-01,182.80999755859375,184.2100067138672,182.72000122070312,183.75999450683594,7300500,0.00789813034647624
2023-06-02,183.52999877929688,183.55999755859375,180.9600067138672,181.0500030517578,8726100,-0.014747450675273721
2023-06-05,180.7899932861328,182.44000244140625,180.60000610351562,182.13999938964844,5748800,0.006020416015011243
2023-06-06,182.36000061035156,182.64999389648438,181.52000427246094,182.33999633789062,4967200,0.0010980396887689814
2023-06-07,181.94000244140625,183.0,180.14999389648438,180.14999389648438,9066500,-0.012010543410059138
2023-06-08,182.0,183.0399932861328,181.9600067138672,182.52999877929688,6394100,0.013211240429905624
2023-06-09,182.36000061035156,182.7899932861328,181.72000122070312,182.0399932861328,4379200,-0.0026845203333208945
2023-06-12,181.8000030517578,181.94000244140625,181.0399932861328,181.8800048828125,4873600,-0.0008788640365902101
2023-06-13,182.10000610351562,182.42999267578125,180.1699981689453,180.5399932861328,5126700,-0.007367558613950331
2023-06-14,181.69000244140625,181.9600067138672,180.13999938964844,180.63999938964844,6807000,0.0005539277015322863
2023-06-15,180.27999877929688,182.0500030517578,180.17999267578125,181.91000366210938,6739000,0.007030581691497284
2023-06-16,181.92999267578125,182.6199951171875,181.41000366210938,181.6300048828125,8779100,-0.0015392159510752013
2023-06-20,180.05999755859375,180.08999633789062,179.22000122070312,179.75,7584200,-0.010350739592973501
2023-06-21,179.14999389648438,179.9499969482422,178.19000244140625,179.49000549316406,6702300,-0.0014464228474878604
2023-06-22,178.36000061035156,178.99000549316406,177.6300048828125,177.7100067138672,7945000,-0.009916979914319946
2023-06-23,179.60000610351562,179.9499969482422,178.08999633789062,178.1999969482422,5419800,0.0027572461643308177
