Date,returns,final_signal_raw,HMM Prob(R0),HMM Prob(R1),Signal [RF],signal
2004-11-18,,0.0,,,,0.0
2004-11-19,0.00901301715986258,0.0,,,,0.0
2004-11-22,0.0037963820517381563,0.0,,,,0.0
2004-11-23,-0.004449405106670246,0.0,,,,0.0
2004-11-24,0.006703893565598751,0.0,,,,0.0
2004-11-26,0.005327451332548749,0.0,,,,0.0
2004-11-29,0.002428805655286581,0.0,,,,0.0
2004-11-30,-0.00616745781020589,0.0,,,,0.0
2004-12-01,0.005762458829464467,0.0,,,,0.0
2004-12-02,-0.009475546387280875,0.0,,,,0.0
2004-12-03,0.014460460514998497,0.0,,,,0.0
2004-12-06,-0.00942983156939825,0.0,,,,0.0
2004-12-07,-0.0013282612580445274,0.0,,,,0.0
2004-12-08,-0.02438488747362011,0.0,,,,0.0
2004-12-09,-0.005226074778644008,0.0,,,,0.0
2004-12-10,-0.0077661069453631715,0.0,,,,0.0
2004-12-13,0.010819549621581936,0.0,,,,0.0
2004-12-14,-0.008198601949500617,0.0,,,,0.0
2004-12-15,0.010103385743157833,0.0,,,,0.0
2004-12-16,-0.00704708709849311,0.0,,,,0.0
2004-12-17,0.011675785667812244,0.0,,,,0.0
2004-12-20,0.003394467765116538,0.0,,,,0.0
2004-12-21,-0.002706335847357022,0.0,,,,0.0
2004-12-22,-0.00452285747214809,0.0,,,,0.0
2004-12-23,0.005679236651527697,0.0,,,,0.0
2004-12-27,0.004743597973824398,0.0,,,,0.0
2004-12-28,-0.0024730353301175567,0.0,,,,0.0
2004-12-29,-0.016001782771341122,0.0,,,,0.0
2004-12-30,0.0038937696801815136,0.0,,,,0.0
2004-12-31,-0.0006845218512604445,0.0,,,,0.0
2005-01-03,-0.017808191618343572,0.0,,,,0.0
2005-01-04,-0.006508572206357255,0.0,,,,0.0
2005-01-05,-0.0016378920629933624,0.0,,,,0.0
2005-01-06,-0.012186469776904074,0.0,,,,0.0
2005-01-07,-0.007354717961295498,0.0,,,,0.0
2005-01-10,0.0026290776756787704,0.0,,,,0.0
2005-01-11,0.006197814464949936,0.0,,,,0.0
2005-01-12,0.009239502442725867,0.0,,,,0.0
2005-01-13,0.0,0.0,,,,0.0
2005-01-14,-0.00657274153347609,0.0,,,,0.0
2005-01-18,0.0,0.0,,,,0.0
2005-01-19,-0.001417801836571253,0.0,,,,0.0
2005-01-20,-0.0002365906751138347,0.0,,,,0.0
2005-01-21,0.011597672863119524,0.0,,,,0.0
2005-01-24,0.000701889988740767,0.0,,,,0.0
2005-01-25,-0.012391834781958044,0.0,,,,0.0
2005-01-26,0.010653336419529369,0.0,,,,0.0
2005-01-27,-0.0016397211777005039,0.0,,,,0.0
2005-01-28,0.0016424142791766627,0.0,,,,0.0
2005-01-31,-0.011009543713402792,0.0,,,,0.0
2005-02-01,-0.0028423198273899164,0.0,,,,0.0
2005-02-02,0.0014252108186629808,0.0,,,,0.0
2005-02-03,-0.01138518842442049,0.0,,,,0.0
2005-02-04,-0.0050383657134133175,0.0,,,,0.0
2005-02-07,-0.004822781698873069,0.0,,,,0.0
2005-02-08,-0.00024235851997878033,0.0,,,,0.0
2005-02-09,0.0012119014491505098,0.0,,,,0.0
2005-02-10,0.01065114045223603,0.0,,,,0.0
2005-02-11,0.007904235474363697,0.0,,,,0.0
2005-02-14,0.011169139390555083,0.0,,,,0.0
2005-02-15,0.0007051138550435709,0.0,,,,0.0
2005-02-16,-0.0014091444506997286,0.0,,,,0.0
2005-02-17,0.004938830719939835,0.0,,,,0.0
2005-02-18,0.00046806594846571237,0.0,,,,0.0
2005-02-22,0.019181279411092822,0.0,,,,0.0
2005-02-23,-0.0034427708728380635,0.0,,,,0.0
2005-02-24,-0.0020726932677530563,0.0,,,,0.0
2005-02-25,0.003923336297287472,0.0,,,,0.0
2005-02-28,0.0006896271102729834,0.0,,,,0.0
2005-03-01,-0.007121469498896138,0.0,,,,0.0
2005-03-02,0.0006940948276166203,0.0,,,,0.0
2005-03-03,-0.006473960214956609,0.0,,,,0.0
2005-03-04,0.00954153678763614,0.0,,,,0.0
2005-03-07,0.002074692263067668,0.0,,,,0.0
2005-03-08,0.012882391140284666,0.0,,,,0.0
2005-03-09,-0.00022707975949121106,0.0,,,,0.0
2005-03-10,0.004089057321762013,0.0,,,,0.0
2005-03-11,0.005203609463038106,0.0,,,,0.0
2005-03-14,-0.009002960232532553,0.0,,,,0.0
2005-03-15,0.0006814125556653394,0.0,,,,0.0
2005-03-16,0.005674080622057209,0.0,,,,0.0
2005-03-17,-0.011058489354102252,0.0,,,,0.0
2005-03-18,0.0015974371362783568,0.0,,,,0.0
2005-03-21,-0.018227369518925784,0.0,,,,0.0
2005-03-22,-0.010211153983543442,0.0,,,,0.0
2005-03-23,-0.005392810051695673,0.0,,,,0.0
2005-03-24,-0.0007071848324320396,0.0,,,,0.0
2005-03-28,0.0035386064647016102,0.0,,,,0.0
2005-03-29,0.000470156495844698,0.0,,,,0.0
2005-03-30,0.001174794065958995,0.0,,,,0.0
2005-03-31,0.004928399001750794,0.0,,,,0.0
2005-04-01,-0.00467073246998706,0.0,,,,0.0
2005-04-04,-0.005161835089612765,0.0,,,,0.0
2005-04-05,0.0011792272467261444,0.0,,,,0.0
2005-04-06,0.004240289798367325,0.0,,,,0.0
2005-04-07,-0.0014074917144651922,0.0,,,,0.0
2005-04-08,0.002818861469227496,0.0,,,,0.0
2005-04-11,0.002108225708201017,0.0,,,,0.0
2005-04-12,0.0014025566854398708,0.0,,,,0.0
2005-04-13,0.0014005922753805855,0.0,,,,0.0
2005-04-14,-0.013752916820573557,0.0,,,,0.0
2005-04-15,0.002127160237926695,0.0,,,,0.0
2005-04-18,0.006839554018720495,0.0,,,,0.0
2005-04-19,0.013820570896405648,0.0,,,,0.0
2005-04-20,0.002772706792206092,0.0,,,,0.0
2005-04-21,-0.004838776308445536,0.0,,,,0.0
2005-04-22,0.004630719363250213,0.0,,,,0.0
2005-04-25,0.0011523216815825243,0.0,,,,0.0
2005-04-26,0.0046040692739912625,0.0,,,,0.0
2005-04-27,-0.010082461797956688,0.0,,,,0.0
2005-04-28,-0.004629647208502563,0.0,,,,0.0
2005-04-29,0.00813949939816494,0.0,,,,0.0
2005-05-02,-0.010841924395601499,0.0,,,,0.0
2005-05-03,-0.0027985714457283706,0.0,,,,0.0
2005-05-04,0.003274162999094443,0.0,,,,0.0
2005-05-05,0.000233061099710552,0.0,,,,0.0
2005-05-06,-0.009088776300053003,0.0,,,,0.0
2005-05-09,0.0007055216127449526,0.0,,,,0.0
2005-05-10,0.00211516226090791,0.0,,,,0.0
2005-05-11,0.0011725900041332782,0.0,,,,0.0
2005-05-12,-0.01241505730490422,0.0,,,,0.0
2005-05-13,-0.004981002970415038,0.0,,,,0.0
2005-05-16,-0.0016686458534241888,0.0,,,,0.0
2005-05-17,-0.00047756583700042654,0.0,,,,0.0
2005-05-18,0.004538906448606106,0.0,,,,0.0
2005-05-19,-0.0016646776716828793,0.0,,,,0.0
2005-05-20,-0.007860838969886319,0.0,,,,0.0
2005-05-23,-0.000720350369627254,0.0,,,,0.0
2005-05-24,0.0026429748480192305,0.0,,,,0.0
2005-05-25,0.0033548859617584803,0.0,,,,0.0
2005-05-26,-0.004299028176919961,0.0,,,,0.0
2005-05-27,0.004557506540298295,0.0,,,,0.0
2005-05-31,-0.005491870495949791,0.0,,,,0.0
2005-06-01,-0.002881218299775279,0.0,,,,0.0
2005-06-02,0.013725011114336105,0.0,,,,0.0
2005-06-03,0.001662700649912141,0.0,,,,0.0
2005-06-06,0.007351230418580101,0.0,,,,0.0
2005-06-07,-0.002354013069648664,0.0,,,,0.0
2005-06-08,-0.0009438630136665571,0.0,,,,0.0
2005-06-09,-0.0016532757338674209,0.0,,,,0.0
2005-06-10,0.008280067904679056,0.0,,,,0.0
2005-06-13,0.0037541025673843986,0.0,,,,0.0
2005-06-14,-0.0042075808862082065,0.0,,,,0.0
2005-06-15,0.003286460313625339,0.0,,,,0.0
2005-06-16,0.01684598450468955,0.0,,,,0.0
2005-06-17,0.003911688615366726,0.0,,,,0.0
2005-06-20,0.0006875722796806372,0.0,,,,0.0
2005-06-21,0.0034356739899943367,0.0,,,,0.0
2005-06-22,-0.00205432891501256,0.0,,,,0.0
2005-06-23,0.006861830482257192,0.0,,,,0.0
2005-06-24,-0.002726009328416601,0.0,,,,0.0
2005-06-27,0.00022775219101789368,0.0,,,,0.0
2005-06-28,-0.010475952768643992,0.0,,,,0.0
2005-06-29,0.004142699701154218,0.0,,,,0.0
2005-06-30,-0.004354857592362094,0.0,,,,0.0
2005-07-01,-0.017034942153855037,0.0,,,,0.0
2005-07-05,-0.00983611185335409,0.0,,,,0.0
2005-07-06,-0.0007095264939214196,0.0,,,,0.0
2005-07-07,0.002603564742048814,0.0,,,,0.0
2005-07-08,-0.0023607716566916848,0.0,,,,0.0
2005-07-11,0.006625712378494519,0.0,,,,0.0
2005-07-12,0.0023506928060406107,0.0,,,,0.0
2005-07-13,-0.006801147272008312,0.0,,,,0.0
2005-07-14,-0.0106256662209131,0.0,,,,0.0
2005-07-15,0.0035798975111969167,0.0,,,,0.0
2005-07-18,-0.0009512703032843461,0.0,,,,0.0
2005-07-19,-0.0028564374358296396,0.0,,,,0.0
2005-07-20,0.0074003670997335735,0.0,,,,0.0
2005-07-21,0.006161097555276163,0.0,,,,0.0
2005-07-22,-0.00023547625409303663,0.0,,,,0.0
2005-07-25,0.0014133700239207236,0.0,,,,0.0
2005-07-26,-0.00611616870851539,0.0,,,,0.0
2005-07-27,0.0044970089161888716,0.0,,,,0.0
2005-07-28,0.0073044623779963125,0.0,,,,0.0
2005-07-29,0.0016374197619699604,0.0,,,,0.0
2005-08-01,0.007239639782820717,0.0,,,,0.0
2005-08-02,0.00023181825378149057,0.0,,,,0.0
2005-08-03,0.009040319776685513,0.0,,,,0.0
2005-08-04,0.0034459345298729627,0.0,,,,0.0
2005-08-05,-0.001831543738455732,0.0,,,,0.0
2005-08-08,-0.005733945154800635,0.0,,,,0.0
2005-08-09,-0.00023064179665821527,0.0,,,,0.0
2005-08-10,0.007152777392699372,0.0,,,,0.0
2005-08-11,0.01832758783722488,0.0,,,,0.0
2005-08-12,0.0008999080954052996,0.0,,,,0.0
2005-08-15,-0.008091719414922038,0.0,,,,0.0
2005-08-16,0.009517293423515705,0.0,,,,0.0
2005-08-17,-0.014365867578198133,0.0,,,,0.0
2005-08-18,-0.0018218632802418089,0.0,,,,0.0
2005-08-19,-0.00524762371263765,0.0,,,,0.0
2005-08-22,0.00229363055775611,0.0,,,,0.0
2005-08-23,0.0013729418202810262,0.0,,,,0.0
2005-08-24,-0.0038847846313024847,0.0,,,,0.0
2005-08-25,0.0032117317999167394,0.0,,,,0.0
2005-08-26,-0.0027440871973681835,0.0,,,,0.0
2005-08-29,-0.0009172418015938044,0.0,,,,0.0
2005-08-30,-0.012852912031521946,0.0,,,,0.0
2005-08-31,0.009067733540236933,0.0,,,,0.0
2005-09-01,0.018894001520605164,0.0,,,,0.0
2005-09-02,0.0006783984276064192,0.0,,,,0.0
2005-09-06,0.00045198774607158043,0.0,,,,0.0
2005-09-07,0.0013553506363357393,0.0,,,,0.0
2005-09-08,0.006090607532464931,0.0,,,,0.0
2005-09-09,0.00538120373717188,0.0,,,,0.0
2005-09-12,0.0011150588066548561,0.0,,,,0.0
2005-09-13,-0.007351259096553209,0.0,,,,0.0
2005-09-14,0.008976609040712402,0.0,,,,0.0
2005-09-15,0.010231296571167503,0.0,,,,0.0
2005-09-16,0.008806727036646977,0.0,,,,0.0
2005-09-19,0.009384554955035318,0.0,,,,0.0
2005-09-20,-0.00043244233002537324,0.0,,,,0.0
2005-09-21,0.017953749497582994,0.0,,,,0.0
2005-09-22,-0.014874643912287211,0.0,,,,0.0
2005-09-23,-0.0017256650129728879,0.0,,,,0.0
2005-09-26,0.006266225652042934,0.0,,,,0.0
2005-09-27,-0.0068713699145629414,0.0,,,,0.0
2005-09-28,0.01189187539590364,0.0,,,,0.0
2005-09-29,0.0064102402126318125,0.0,,,,0.0
2005-09-30,-0.008492520682382154,0.0,,,,0.0
2005-10-03,-0.005995772792713683,0.0,,,,0.0
2005-10-04,0.0006463290645757347,0.0,,,,0.0
2005-10-05,-0.0019375705298092516,0.0,,,,0.0
2005-10-06,0.01833473819953535,0.0,,,,0.0
2005-10-07,0.0031773253291216275,0.0,,,,0.0
2005-10-10,0.00021111320532840594,0.0,,,,0.0
2005-10-11,0.0004222178217152539,0.0,,,,0.0
2005-10-12,-0.01139482849719764,0.0,,,,0.0
2005-10-13,0.003628644379497281,0.0,,,,0.0
2005-10-14,-0.004678885975357261,0.0,,,,0.0
2005-10-17,0.00982904042674404,0.0,,,,0.0
2005-10-18,-0.005501445847803543,0.0,,,,0.0
2005-10-19,-0.014042549944938476,0.0,,,,0.0
2005-10-20,-0.007768679524517874,0.0,,,,0.0
2005-10-21,0.0117442566529673,0.0,,,,0.0
2005-10-24,-0.0027945199233878615,0.0,,,,0.0
2005-10-25,0.014442810788052762,0.0,,,,0.0
2005-10-26,-0.0027624535554947593,0.0,,,,0.0
2005-10-27,0.005327082854768905,0.0,,,,0.0
2005-10-28,0.0008478362710597764,0.0,,,,0.0
2005-10-31,-0.017365516171666262,0.0,,,,0.0
2005-11-01,-0.014439697448477284,0.0,,,,0.0
2005-11-02,0.00874702667577032,0.0,,,,0.0
2005-11-03,-0.003685280288451609,0.0,,,,0.0
2005-11-04,-0.009791139510520241,0.0,,,,0.0
2005-11-07,0.0057130772537832275,0.0,,,,0.0
2005-11-08,0.0030587587556969442,0.0,,,,0.0
2005-11-09,0.014158168765830315,0.0,,,,0.0
2005-11-10,-0.001718252334515169,0.0,,,,0.0
2005-11-11,0.006884675085537362,0.0,,,,0.0
2005-11-14,-0.003846160429704426,0.0,,,,0.0
2005-11-15,0.0008580205157402432,0.0,,,,0.0
2005-11-16,0.024003406248336745,0.0,,,,0.0
2005-11-17,0.014650497715013922,0.0,,,,0.0
2005-11-18,-0.0004125507003408524,0.0,,,,0.0
2005-11-21,0.010936908873445672,0.0,,,,0.0
2005-11-22,0.006736027863874616,0.0,,,,0.0
2005-11-23,-0.0034468404297892663,0.0,,,,0.0
2005-11-25,0.0054933191187032104,0.0,,,,0.0
2005-11-28,0.006475182545080838,0.0,,,,0.0
2005-11-29,0.0012062234935492633,0.0,,,,0.0
2005-11-30,-0.014056240435010303,0.0,,,,0.0
2005-12-01,0.021792255154308826,0.0,,,,0.0
2005-12-02,0.002989865085778698,0.0,,,,0.0
2005-12-05,0.009141476296947726,0.0,,,,0.0
2005-12-06,0.00216621923977689,0.0,,,,0.0
2005-12-07,0.00844960326848132,0.0,,,,0.0
2005-12-08,0.011301672535145801,0.0,,,,0.0
2005-12-09,0.00963391108477496,0.0,,,,0.0
2005-12-12,0.0030534321136057585,0.0,,,,0.0
2005-12-13,-0.017313543067647985,0.0,,,,0.0
2005-12-14,-0.025169467828698,0.0,,,,0.0
2005-12-15,-0.0021846434754280164,0.0,,,,0.0
2005-12-16,-0.0029856990618533086,0.0,,,,0.0
2005-12-19,0.0025953497248796253,0.0,,,,0.0
2005-12-20,-0.02349662040010725,0.0,,,,0.0
2005-12-21,0.006729160077420415,0.0,,,,0.0
2005-12-22,0.015596525712427756,0.0,,,,0.0
2005-12-23,-0.0003988922618096691,0.0,,,,0.0
2005-12-27,0.010375109115033698,0.0,,,,0.0
2005-12-28,0.016390241727063604,0.0,,,,0.0
2005-12-29,0.0,0.0,,,,0.0
2005-12-30,0.00213717908961919,0.0,,,,0.0
2006-01-03,0.029856476272998034,0.0,,,,0.0
2006-01-04,0.0033885600300291863,0.0,,,,0.0
2006-01-05,-0.018011240116588056,0.0,,,,0.0
2006-01-06,0.02636608834719323,0.0,,,,0.0
2006-01-09,0.016381184538745375,0.0,,,,0.0
2006-01-10,-0.009890057068152158,0.0,,,,0.0
2006-01-11,0.00869399545073013,0.0,,,,0.0
2006-01-12,-0.0018338249836722387,0.0,,,,0.0
2006-01-13,0.018555912472356884,0.0,,,,0.0
2006-01-17,-0.0032467588317915963,0.0,,,,0.0
2006-01-18,-0.021534539682482756,0.0,,,,0.0
2006-01-19,0.02811171567121673,0.0,,,,0.0
2006-01-20,-0.007015639298038057,0.0,,,,0.0
2006-01-23,0.010326081285254363,0.0,,,,0.0
2006-01-24,-0.0007172478967010232,0.0,,,,0.0
2006-01-25,0.007356896658529122,0.0,,,,0.0
2006-01-26,-0.004631249097967416,0.0,,,,0.0
2006-01-27,-0.004473872498593212,0.0,,,,0.0
2006-01-30,0.01887469381449214,0.0,,,,0.0
2006-01-31,0.0003528662254055348,0.0,,,,0.0
2006-02-01,0.0,0.0,,,,0.0
2006-02-02,0.004938250009334899,0.0,,,,0.0
2006-02-03,-0.008424000457924352,0.0,,,,0.0
2006-02-06,0.003893826915099652,0.0,,,,0.0
2006-02-07,-0.03737663436100591,0.0,,,,0.0
2006-02-08,0.0042125158124795,0.0,,,,0.0
2006-02-09,0.024621528889982258,0.0,,,,0.0
2006-02-10,-0.02474189003378091,0.0,,,,0.0
2006-02-13,-0.01952910525542595,0.0,,,,0.0
2006-02-14,0.014333589729460527,0.0,,,,0.0
2006-02-15,-0.013397014763206982,0.0,,,,0.0
2006-02-16,0.014136944939711071,0.0,,,,0.0
2006-02-17,0.008070407612154273,0.0,,,,0.0
2006-02-21,0.002911205423533403,0.0,,,,0.0
2006-02-22,0.003991313950767461,0.0,,,,0.0
2006-02-23,-0.012649092175810561,0.0,,,,0.0
2006-02-24,0.01830161074616421,0.0,,,,0.0
2006-02-27,-0.007548493413956692,0.0,,,,0.0
2006-02-28,0.015392945587303197,0.0,,,,0.0
2006-03-01,0.0005350237107213385,0.0,,,,0.0
2006-03-02,0.011408257072251793,0.0,,,,0.0
2006-03-03,-0.008107206301766756,0.0,,,,0.0
2006-03-06,-0.018656703266432872,0.0,,,,0.0
2006-03-07,-0.00506968643160588,0.0,,,,0.0
2006-03-08,-0.017834386326292417,0.0,,,,0.0
2006-03-09,0.00500278769050877,0.0,,,,0.0
2006-03-10,-0.007558994003034503,0.0,,,,0.0
2006-03-13,0.008916951995335376,0.0,,,,0.0
2006-03-14,0.01031113136500772,0.0,,,,0.0
2006-03-15,0.004556223890405997,0.0,,,,0.0
2006-03-16,0.003991313950767461,0.0,,,,0.0
2006-03-17,-0.003975446694913676,0.0,,,,0.0
2006-03-20,0.0009070979323191342,0.0,,,,0.0
2006-03-21,-0.006162703447070372,0.0,,,,0.0
2006-03-22,-0.0014590886081162768,0.0,,,,0.0
2006-03-23,-0.0009132280741652732,0.0,,,,0.0
2006-03-24,0.01846432006299903,0.0,,,,0.0
2006-03-27,0.012206072811896895,0.0,,,,0.0
2006-03-28,-0.005852066322561411,0.0,,,,0.0
2006-03-29,0.01801638060634092,0.0,,,,0.0
2006-03-30,0.02680916046045878,0.0,,,,0.0
2006-03-31,-0.008532423430365976,0.0,,,,0.0
2006-04-03,0.006368377905325406,0.0,,,,0.0
2006-04-04,-0.002394379796914814,0.0,,,,0.0
2006-04-05,0.005657431956083592,0.0,,,,0.0
2006-04-06,0.01056936470333314,0.0,,,,0.0
2006-04-07,-0.011639653186868215,0.0,,,,0.0
2006-04-10,0.01723840790071396,0.0,,,,0.0
2006-04-11,-0.009899331672702516,0.0,,,,0.0
2006-04-12,0.00711747154023068,0.0,,,,0.0
2006-04-13,0.0011778511604370046,0.0,,,,0.0
2006-04-17,0.026722691640132634,0.0,,,,0.0
2006-04-18,0.01244063381297944,0.0,,,,0.0
2006-04-19,0.030719508047747146,0.0,,,,0.0
2006-04-20,-0.043764720243566146,0.0,,,,0.0
2006-04-21,0.03674543490991211,0.0,,,,0.0
2006-04-24,-0.02452530408780418,0.0,,,,0.0
2006-04-25,0.018329233178423054,0.0,,,,0.0
2006-04-26,0.01385796055269961,0.0,,,,0.0
2006-04-27,-0.01084057226810442,0.0,,,,0.0
2006-04-28,0.03383096067965585,0.0,,,,0.0
2006-05-01,0.0010755465994394253,0.0,,,,0.0
2006-05-02,0.021332095020380137,0.0,,,,0.0
2006-05-03,-0.001352426193206302,0.0,,,,0.0
2006-05-04,0.015347641987844218,0.0,,,,0.0
2006-05-05,0.007557713121890908,0.0,,,,0.0
2006-05-08,-0.006324464166587607,0.0,,,,0.0
2006-05-09,0.0313795562935506,0.0,,,,0.0
2006-05-10,0.010045880384277117,0.0,,,,0.0
2006-05-11,0.009235600330281812,0.0,,,,0.0
2006-05-12,0.0012671261274381784,0.0,,,,0.0
2006-05-15,-0.05216533944314217,0.0,,,,0.0
2006-05-16,0.017801466889946216,0.0,,,,0.0
2006-05-17,-0.006704548613620798,0.0,,,,0.0
2006-05-18,-0.010124760468922855,0.0,,,,0.0
2006-05-19,-0.02786832610335288,0.0,,,,0.0
2006-05-22,-0.00426957565536823,0.0,,,,0.0
2006-05-23,0.016538960967645622,0.0,,,,0.0
2006-05-24,-0.03495028307951242,0.0,,,,0.0
2006-05-25,0.009990624633774647,0.0,,,,0.0
2006-05-26,0.006182404091902738,0.0,,,,0.0
2006-05-30,0.00015364264923056759,0.0,,,,0.0
2006-05-31,-0.013515546692808078,0.0,,,,0.0
2006-06-01,-0.026000340905513952,0.0,,,,0.0
2006-06-02,0.01502555316615295,0.0,,,,0.0
2006-06-05,-0.0033070721964197913,0.0,,,,0.0
2006-06-06,-0.01169223681090592,0.0,,,,0.0
2006-06-07,-0.004316554133604211,0.0,,,,0.0
2006-06-08,-0.021997414237910684,0.0,,,,0.0
2006-06-09,-0.007552111075767809,0.0,,,,0.0
2006-06-12,-0.006947923545768897,0.0,,,,0.0
2006-06-13,-0.0684657786761278,0.0,,,,0.0
2006-06-14,-0.0053647933992091446,0.0,,,,0.0
2006-06-15,0.030564559431605964,0.0,,,,0.0
2006-06-16,0.0062805410374777715,0.0,,,,0.0
2006-06-19,-0.022884876696260603,0.0,,,,0.0
2006-06-20,0.0166784708397667,0.0,,,,0.0
2006-06-21,0.01797561269997283,0.0,,,,0.0
2006-06-22,-0.010286340990630971,0.0,,,,0.0
2006-06-23,0.00450376127303187,0.0,,,,0.0
2006-06-26,0.005000812078571837,0.0,,,,0.0
2006-06-27,-0.010295101007006813,0.0,,,,0.0
2006-06-28,-0.00242717387149316,0.0,,,,0.0
2006-06-29,0.0344108361267339,0.0,,,,0.0
2006-06-30,0.028729823106874885,0.0,,,,0.0
2006-07-03,0.015515282868557634,0.0,,,,0.0
2006-07-05,0.005146344375260181,0.0,,,,0.0
2006-07-06,0.00832000732421867,0.0,,,,0.0
2006-07-07,-0.006188501853626849,0.0,,,,0.0
2006-07-10,-0.00973975091726631,0.0,,,,0.0
2006-07-11,0.02886167207861212,0.0,,,,0.0
2006-07-12,0.017395341980338985,0.0,,,,0.0
2006-07-13,0.00970432687279188,0.0,,,,0.0
2006-07-14,0.004576588991558106,0.0,,,,0.0
2006-07-17,-0.02885342073209518,0.0,,,,0.0
2006-07-18,-0.016419065278089007,0.0,,,,0.0
2006-07-19,0.01796497974571687,0.0,,,,0.0
2006-07-20,-0.02327030910785055,0.0,,,,0.0
2006-07-21,-0.013271535319863026,0.0,,,,0.0
2006-07-24,-0.009236747743975315,0.0,,,,0.0
2006-07-25,0.006705918408653533,0.0,,,,0.0
2006-07-26,0.007311141649348762,0.0,,,,0.0
2006-07-27,0.01451615364320813,0.0,,,,0.0
2006-07-28,0.0033386181141228377,0.0,,,,0.0
2006-07-31,0.0007922553727934822,0.0,,,,0.0
2006-08-01,0.018366052093327312,0.0,,,,0.0
2006-08-02,0.006685328159452553,0.0,,,,0.0
2006-08-03,-0.009729687311474389,0.0,,,,0.0
2006-08-04,0.00249525929291039,0.0,,,,0.0
2006-08-07,0.0034225455021941187,0.0,,,,0.0
2006-08-08,-0.008217035337936052,0.0,,,,0.0
2006-08-09,0.010317274036587776,0.0,,,,0.0
2006-08-10,-0.021352271577653292,0.0,,,,0.0
2006-08-11,-0.008537563881855226,0.0,,,,0.0
2006-08-14,-0.007335338720911522,0.0,,,,0.0
2006-08-15,-0.0038554486500690377,0.0,,,,0.0
2006-08-16,0.007740741330852563,0.0,,,,0.0
2006-08-17,-0.02336378396470773,0.0,,,,0.0
2006-08-18,0.00016388884860774056,0.0,,,,0.0
2006-08-21,0.02293574197548076,0.0,,,,0.0
2006-08-22,-0.006245986518673807,0.0,,,,0.0
2006-08-23,-0.003545486038853407,0.0,,,,0.0
2006-08-24,-0.0012938998655261935,0.0,,,,0.0
2006-08-25,0.0003238940528529355,0.0,,,,0.0
2006-08-28,-0.012465605505218913,0.0,,,,0.0
2006-08-29,-0.0009836290703445494,0.0,,,,0.0
2006-08-30,0.007876592600150722,0.0,,,,0.0
2006-08-31,0.014164812317137399,0.0,,,,0.0
2006-09-01,-0.002408115647362541,0.0,,,,0.0
2006-09-05,0.01963310641593541,0.0,,,,0.0
2006-09-06,-0.007891414065395619,0.0,,,,0.0
2006-09-07,-0.02561248162136409,0.0,,,,0.0
2006-09-08,-0.009959193638392816,0.0,,,,0.0
2006-09-11,-0.03529022775705615,0.0,,,,0.0
2006-09-12,-0.003076928293603065,0.0,,,,0.0
2006-09-13,0.0051440198667760395,0.0,,,,0.0
2006-09-14,-0.02439441029054623,0.0,,,,0.0
2006-09-15,0.0036720214060619316,0.0,,,,0.0
2006-09-18,0.014459895370964704,0.0,,,,0.0
2006-09-19,-0.022497018437048433,0.0,,,,0.0
2006-09-20,0.005973298726727361,0.0,,,,0.0
2006-09-21,0.01205033988180837,0.0,,,,0.0
2006-09-22,0.009490927175488162,0.0,,,,0.0
2006-09-25,0.0,0.0,,,,0.0
2006-09-26,0.0041025927943041385,0.0,,,,0.0
2006-09-27,0.01821586081459814,0.0,,,,0.0
2006-09-28,-0.0003343998880528387,0.0,,,,0.0
2006-09-29,-0.005352060376722867,0.0,,,,0.0
2006-10-02,-0.005380859059286869,0.0,,,,0.0
2006-10-03,-0.03448860292310929,0.0,,,,0.0
2006-10-04,-0.012957479785644876,0.0,,,,0.0
2006-10-05,0.009756949573924034,0.0,,,,0.0
2006-10-06,0.0012298579018521494,0.0,,,,0.0
2006-10-09,0.003684840819227375,0.0,,,,0.0
2006-10-10,-0.0034965167879689174,0.0,,,,0.0
2006-10-11,-0.002105244419030927,0.0,,,,0.0
2006-10-12,0.01072434245599041,0.0,,,,0.0
2006-10-13,0.018785840751887495,0.0,,,,0.0
2006-10-16,0.010244126297547451,0.0,,,,0.0
2006-10-17,-0.008788180820653135,0.0,,,,0.0
2006-10-18,-0.0010230412912187736,0.0,,,,0.0
2006-10-19,0.013995557137543413,0.0,,,,0.0
2006-10-20,-0.010604293380463203,0.0,,,,0.0
2006-10-23,-0.017352849250533375,0.0,,,,0.0
2006-10-24,0.00709833551465433,0.0,,,,0.0
2006-10-25,0.010142688175343029,0.0,,,,0.0
2006-10-26,0.009019785723852092,0.0,,,,0.0
2006-10-27,0.0018552978352670557,0.0,,,,0.0
2006-10-30,0.008417508201277846,0.0,,,,0.0
2006-10-31,0.005676129280914877,0.0,,,,0.0
2006-11-01,0.018592279227726438,0.0,,,,0.0
2006-11-02,0.009126426874566773,0.0,,,,0.0
2006-11-03,0.006136968335793913,0.0,,,,0.0
2006-11-06,-0.006581057021397441,0.0,,,,0.0
2006-11-07,0.002423679550140667,0.0,,,,0.0
2006-11-08,-0.014990333517919452,0.0,,,,0.0
2006-11-09,0.030109640553271477,0.0,,,,0.0
2006-11-10,-0.007307372182646099,0.0,,,,0.0
2006-11-13,-0.0048008168298896425,0.0,,,,0.0
2006-11-14,-0.009004624070746425,0.0,,,,0.0
2006-11-15,0.0034074165314479377,0.0,,,,0.0
2006-11-16,-0.008570484766965092,0.0,,,,0.0
2006-11-17,0.007665917394851229,0.0,,,,0.0
2006-11-20,-0.0001618375158750629,0.0,,,,0.0
2006-11-21,0.008094544217170263,0.0,,,,0.0
2006-11-22,0.003693585041681935,0.0,,,,0.0
2006-11-24,0.016000000000000014,0.0,,,,0.0
2006-11-27,0.0031496183140071743,0.0,,,,0.0
2006-11-28,-0.00204083306998748,0.0,,,,0.0
2006-11-29,-0.006449580767348806,0.0,,,,0.0
2006-11-30,0.019474343654336312,0.0,,,,0.0
2006-12-01,-0.004193145606859794,0.0,,,,0.0
2006-12-04,0.0,0.0,,,,0.0
2006-12-05,-0.004834706176108816,0.0,,,,0.0
2006-12-06,-0.017552150485469653,0.0,,,,0.0
2006-12-07,0.0006380749147170128,0.0,,,,0.0
2006-12-08,-0.010840113345097935,0.0,,,,0.0
2006-12-11,0.008380345917121224,0.0,,,,0.0
2006-12-12,-0.0007990928129201214,0.0,,,,0.0
2006-12-13,-0.0006398099045819006,0.0,,,,0.0
2006-12-14,-0.005761853600978362,0.0,,,,0.0
2006-12-15,-0.018029603205770406,0.0,,,,0.0
2006-12-18,0.0006557527135631069,0.0,,,,0.0
2006-12-19,0.012450824215827883,0.0,,,,0.0
2006-12-20,-0.002912626333300028,0.0,,,,0.0
2006-12-21,-0.003894804737579194,0.0,,,,0.0
2006-12-22,0.004398834360788584,0.0,,,,0.0
2006-12-26,0.005352765745170407,0.0,,,,0.0
2006-12-27,0.003872243953523258,0.0,,,,0.0
2006-12-28,0.010928966439002874,0.0,,,,0.0
2006-12-29,0.004928418935987056,0.0,,,,0.0
2007-01-03,-0.014712866930008173,0.0,,,,0.0
2007-01-04,-0.010115563034137298,0.0,,,,0.0
2007-01-05,-0.024006542097364414,0.0,,,,0.0
2007-01-08,0.005152092117745921,0.0,,,,0.0
2007-01-09,0.006117707253393334,0.0,,,,0.0
2007-01-10,-0.004272774495528986,0.0,,,,0.0
2007-01-11,0.0006601900549034756,0.0,,,,0.0
2007-01-12,0.025399918748145067,0.0,,,,0.0
2007-01-16,-0.0032169366918541886,0.0,,,,0.0
2007-01-17,0.010811653312046143,0.0,,,,0.0
2007-01-18,-0.006066428349583153,0.0,,,,0.0
2007-01-19,0.01188566814032277,0.0,,,,0.0
2007-01-22,-0.004444425068204416,0.0,,,,0.0
2007-01-23,0.024075288693266694,0.0,,,,0.0
2007-01-24,0.0015568810352599716,0.0,,,,0.0
2007-01-25,-0.004197174953764704,0.0,,,,0.0
2007-01-26,0.0017171497743337927,0.0,,,,0.0
2007-01-29,-0.006233406928398799,0.0,,,,0.0
2007-01-30,0.0070566216043466135,0.0,,,,0.0
2007-01-31,0.009498607890946476,0.0,,,,0.0
2007-02-01,0.006015723872178302,0.0,,,,0.0
2007-02-02,-0.014412793986698924,0.0,,,,0.0
2007-02-05,0.00046668917029513146,0.0,,,,0.0
2007-02-06,0.0074638994737366016,0.0,,,,0.0
2007-02-07,-0.0024695733886157534,0.0,,,,0.0
2007-02-08,0.013770685865244658,0.0,,,,0.0
2007-02-09,0.009157602781701524,0.0,,,,0.0
2007-02-12,-0.00680587657204812,0.0,,,,0.0
2007-02-13,0.002588673270676356,0.0,,,,0.0
2007-02-14,0.008049915525077056,0.0,,,,0.0
2007-02-15,0.0006026957039624303,0.0,,,,0.0
2007-02-16,-0.0007529445716073502,0.0,,,,0.0
2007-02-20,-0.015822830652506337,0.0,,,,0.0
2007-02-21,0.031235660569381096,0.0,,,,0.0
2007-02-22,-0.0029695167449638182,0.0,,,,0.0
2007-02-23,0.008488453937034457,0.0,,,,0.0
2007-02-26,0.005611300156057819,0.0,,,,0.0
2007-02-27,-0.03950065891754684,0.0,,,,0.0
2007-02-28,0.016358349410153794,0.0,,,,0.0
2007-03-01,-0.009927852418505356,0.0,,,,0.0
2007-03-02,-0.032057134915445484,0.0,,,,0.0
2007-03-05,-0.012242957000559329,0.0,,,,0.0
2007-03-06,0.019386639357807045,0.0,,,,0.0
2007-03-07,0.0023382934109268394,0.0,,,,0.0
2007-03-08,0.0027993825292806918,0.0,,,,0.0
2007-03-09,-0.0035670493945292314,0.0,,,,0.0
2007-03-12,0.0018677470285139997,0.0,,,,0.0
2007-03-13,-0.010097894953304487,0.0,,,,0.0
2007-03-14,0.0034525643721170507,0.0,,,,0.0
2007-03-15,0.0006256008193068485,0.0,,,,0.0
2007-03-16,0.010003176131991198,0.0,,,,0.0
2007-03-19,0.0018569345726906494,0.0,,,,0.0
2007-03-20,0.00818657393860489,0.0,,,,0.0
2007-03-21,0.00842658311698008,0.0,,,,0.0
2007-03-22,-0.0009115399403210045,0.0,,,,0.0
2007-03-23,-0.009276164697924805,0.0,,,,0.0
2007-03-26,0.010590864095953112,0.0,,,,0.0
2007-03-27,-0.002126357798228895,0.0,,,,0.0
2007-03-28,0.005327338200507903,0.0,,,,0.0
2007-03-29,-0.006056040990118583,0.0,,,,0.0
2007-03-30,0.0013708505072180799,0.0,,,,0.0
2007-04-02,0.0016732676289328285,0.0,,,,0.0
2007-04-03,-0.00030366960561534206,0.0,,,,0.0
2007-04-04,0.014886764397396002,0.0,,,,0.0
2007-04-05,0.0007484366649461727,0.0,,,,0.0
2007-04-09,-0.004935713850466206,0.0,,,,0.0
2007-04-10,0.009469485861595128,0.0,,,,0.0
2007-04-11,-0.0011912124284148007,0.0,,,,0.0
2007-04-12,-0.0013417406802080922,0.0,,,,0.0
2007-04-13,0.012688438591230478,0.0,,,,0.0
2007-04-16,0.008254793900622559,0.0,,,,0.0
2007-04-17,-0.005847975394087768,0.0,,,,0.0
2007-04-18,0.005588194903205501,0.0,,,,0.0
2007-04-19,-0.01243051342881718,0.0,,,,0.0
2007-04-20,0.01732560625047741,0.0,,,,0.0
2007-04-23,-0.006404582700974548,0.0,,,,0.0
2007-04-24,-0.007764411993998022,0.0,,,,0.0
2007-04-25,0.0023622622882752964,0.0,,,,0.0
2007-04-26,-0.01502425470962565,0.0,,,,0.0
2007-04-27,0.01031845048110136,0.0,,,,0.0
2007-04-30,-0.0069567974790926135,0.0,,,,0.0
2007-05-01,-0.005962049758802435,0.0,,,,0.0
2007-05-02,-0.00044982423449801967,0.0,,,,0.0
2007-05-03,0.012451157456685458,0.0,,,,0.0
2007-05-04,0.010371975104365827,0.0,,,,0.0
2007-05-07,0.0008798585781735202,0.0,,,,0.0
2007-05-08,-0.005421285664205633,0.0,,,,0.0
2007-05-09,-0.006334713060910269,0.0,,,,0.0
2007-05-10,-0.02149736121344592,0.0,,,,0.0
2007-05-11,0.006818135579427009,0.0,,,,0.0
2007-05-14,-0.002558287084312827,0.0,,,,0.0
2007-05-15,0.003922784264016599,0.0,,,,0.0
2007-05-16,-0.014126877494329837,0.0,,,,0.0
2007-05-17,-0.00823172146475537,0.0,,,,0.0
2007-05-18,0.007070382750297144,0.0,,,,0.0
2007-05-21,0.002289400695425492,0.0,,,,0.0
2007-05-22,-0.007157015894746599,0.0,,,,0.0
2007-05-23,0.0052147850183958955,0.0,,,,0.0
2007-05-24,-0.012053721460052347,0.0,,,,0.0
2007-05-25,0.002934400639478696,0.0,,,,0.0
2007-05-29,0.002001805490156272,0.0,,,,0.0
2007-05-30,-0.005378799381628552,0.0,,,,0.0
2007-05-31,0.012669957962885725,0.0,,,,0.0
2007-06-01,0.013732095106908648,0.0,,,,0.0
2007-06-04,0.0015050943775820613,0.0,,,,0.0
2007-06-05,-0.0025548266697670297,0.0,,,,0.0
2007-06-06,0.0006026957039624303,0.0,,,,0.0
2007-06-07,-0.017316691198061895,0.0,,,,0.0
2007-06-08,-0.015936268487339866,0.0,,,,0.0
2007-06-11,0.007474240398867016,0.0,,,,0.0
2007-06-12,-0.009273547178079045,0.0,,,,0.0
2007-06-13,0.0067082732513541465,0.0,,,,0.0
2007-06-14,0.0010847620664558022,0.0,,,,0.0
2007-06-15,0.0038699691316579354,0.0,,,,0.0
2007-06-18,0.0015419965531842106,0.0,,,,0.0
2007-06-19,0.008160222226242242,0.0,,,,0.0
2007-06-20,-0.011759380467096459,0.0,,,,0.0
2007-06-21,-0.0023180579199683082,0.0,,,,0.0
2007-06-22,0.0034077018126195124,0.0,,,,0.0
2007-06-25,-0.005402878677314038,0.0,,,,0.0
2007-06-26,-0.012571804585665092,0.0,,,,0.0
2007-06-27,0.0007859043995597226,0.0,,,,0.0
2007-06-28,0.009266593124749312,0.0,,,,0.0
2007-06-29,0.00015553231409404233,0.0,,,,0.0
2007-07-02,0.011669519825327601,0.0,,,,0.0
2007-07-03,-0.004306348719670949,0.0,,,,0.0
2007-07-05,-0.00494284376557419,0.0,,,,0.0
2007-07-06,0.008382504360077148,0.0,,,,0.0
2007-07-09,0.006465489145083714,0.0,,,,0.0
2007-07-10,0.003517946873599298,0.0,,,,0.0
2007-07-11,-0.0025910405024214267,0.0,,,,0.0
2007-07-12,0.008862991748502358,0.0,,,,0.0
2007-07-13,0.00015150161676835694,0.0,,,,0.0
2007-07-16,-0.00318035875139977,0.0,,,,0.0
2007-07-17,-0.0010635019013791602,0.0,,,,0.0
2007-07-18,0.013231980936608823,0.0,,,,0.0
2007-07-19,0.005854088465471419,0.0,,,,0.0
2007-07-20,0.008506188280152926,0.0,,,,0.0
2007-07-23,-0.0016277094905465805,0.0,,,,0.0
2007-07-24,0.0,0.0,,,,0.0
2007-07-25,-0.008448194523662078,0.0,,,,0.0
2007-07-26,-0.018684603460232596,0.0,,,,0.0
2007-07-27,-0.0036557175657478957,0.0,,,,0.0
2007-07-30,0.00550363798810749,0.0,,,,0.0
2007-07-31,0.0003041549868019189,0.0,,,,0.0
2007-08-01,0.0021279736692538798,0.0,,,,0.0
2007-08-02,-0.0006067179636309872,0.0,,,,0.0
2007-08-03,0.01214149429607514,0.0,,,,0.0
2007-08-06,-0.002549194663611143,0.0,,,,0.0
2007-08-07,-0.0006012220106896837,0.0,,,,0.0
2007-08-08,0.004362112988710809,0.0,,,,0.0
2007-08-09,-0.01961955405803939,0.0,,,,0.0
2007-08-10,0.01695692981784447,0.0,,,,0.0
2007-08-13,-0.004656715637897935,0.0,,,,0.0
2007-08-14,0.00045274340974521543,0.0,,,,0.0
2007-08-15,-0.002413692259761291,0.0,,,,0.0
2007-08-16,-0.021926463155376053,0.0,,,,0.0
2007-08-17,0.005102069101695417,0.0,,,,0.0
2007-08-20,0.0016920567103051454,0.0,,,,0.0
2007-08-21,-0.000767860099029849,0.0,,,,0.0
2007-08-22,0.005071489666549578,0.0,,,,0.0
2007-08-23,-0.0013762074187344542,0.0,,,,0.0
2007-08-24,0.012249319884602317,0.0,,,,0.0
2007-08-27,-0.001966378039899963,0.0,,,,0.0
2007-08-28,-0.005910988166113573,0.0,,,,0.0
2007-08-29,0.007318240337456761,0.0,,,,0.0
2007-08-30,-0.004086524054994878,0.0,,,,0.0
2007-08-31,0.01094215133610632,0.0,,,,0.0
2007-09-04,0.013830514804088478,0.0,,,,0.0
2007-09-05,0.0017792869638721953,0.0,,,,0.0
2007-09-06,0.01924220098780105,0.0,,,,0.0
2007-09-07,0.007696758271843462,0.0,,,,0.0
2007-09-10,0.0033146470522653626,0.0,,,,0.0
2007-09-11,0.012927231556717489,0.0,,,,0.0
2007-09-12,-0.0008507878821580883,0.0,,,,0.0
2007-09-13,-0.005393091943733941,0.0,,,,0.0
2007-09-14,-0.001284303152590316,0.0,,,,0.0
2007-09-17,0.014002048676170942,0.0,,,,0.0
2007-09-18,0.010285975975524053,0.0,,,,0.0
2007-09-19,-0.003765643717688172,0.0,,,,0.0
2007-09-20,0.01805965154719269,0.0,,,,0.0
2007-09-21,-0.0052255896099230315,0.0,,,,0.0
2007-09-24,-0.0008293829365639827,0.0,,,,0.0
2007-09-25,0.0006917965218911082,0.0,,,,0.0
2007-09-26,-0.004562447431226246,0.0,,,,0.0
2007-09-27,0.009722179836697098,0.0,,,,0.0
2007-09-28,0.011141749958599734,0.0,,,,0.0
2007-10-01,0.005305392168615031,0.0,,,,0.0
2007-10-02,-0.020974330443214173,0.0,,,,0.0
2007-10-03,-0.006219722981793074,0.0,,,,0.0
2007-10-04,0.013490976357684703,0.0,,,,0.0
2007-10-05,0.007273209267468328,0.0,,,,0.0
2007-10-08,-0.011852898208391638,0.0,,,,0.0
2007-10-09,0.0077209095273498285,0.0,,,,0.0
2007-10-10,0.0036941344368486284,0.0,,,,0.0
2007-10-11,0.007497315256022485,0.0,,,,0.0
2007-10-12,0.009200279286819324,0.0,,,,0.0
2007-10-15,0.007373683855222524,0.0,,,,0.0
2007-10-16,-0.0002661251427845679,0.0,,,,0.0
2007-10-17,-0.008253497389684838,0.0,,,,0.0
2007-10-18,0.020134228187919545,0.0,,,,0.0
2007-10-19,-0.0039474085757607025,0.0,,,,0.0
2007-10-22,-0.01453102402201134,0.0,,,,0.0
2007-10-23,0.008445105840465317,0.0,,,,0.0
2007-10-24,0.003854755725011927,0.0,,,,0.0
2007-10-25,0.006753206553238078,0.0,,,,0.0
2007-10-26,0.021833535298719342,0.0,,,,0.0
2007-10-29,0.005534821620067465,0.0,,,,0.0
2007-10-30,-0.009856685168826762,0.0,,,,0.0
2007-10-31,0.01641893080173551,0.0,,,,0.0
2007-11-01,-0.00877642352201835,0.0,,,,0.0
2007-11-02,0.02438087409776024,0.0,,,,0.0
2007-11-05,-0.001002152439179449,0.0,,,,0.0
2007-11-06,0.021065834547658646,0.0,,,,0.0
2007-11-07,0.009947163889943766,0.0,,,,0.0
2007-11-08,-0.00012152853958602439,0.0,,,,0.0
2007-11-09,-0.0006080876774474664,0.0,,,,0.0
2007-11-12,-0.047213400328663724,0.0,,,,0.0
2007-11-13,0.010472537201335452,0.0,,,,0.0
2007-11-14,0.014661223362570697,0.0,,,,0.0
2007-11-15,-0.029023441286543217,0.0,,,,0.0
2007-11-16,-0.0025657082241450357,0.0,,,,0.0
2007-11-19,-0.006559513006179629,0.0,,,,0.0
2007-11-20,0.028871095528339108,0.0,,,,0.0
2007-11-21,-0.0013841777861065552,0.0,,,,0.0
2007-11-23,0.023815516319463104,0.0,,,,0.0
2007-11-26,0.0006154221754808287,0.0,,,,0.0
2007-11-27,-0.014760203352917056,0.0,,,,0.0
2007-11-28,-0.006616713974946009,0.0,,,,0.0
2007-11-29,-0.016212151821979437,0.0,,,,0.0
2007-11-30,-0.012263657376634374,0.0,,,,0.0
2007-12-03,0.01241592198993402,0.0,,,,0.0
2007-12-04,0.014307649004182688,0.0,,,,0.0
2007-12-05,-0.009697786620444404,0.0,,,,0.0
2007-12-06,0.009411236411201784,0.0,,,,0.0
2007-12-07,-0.009701452007245814,0.0,,,,0.0
2007-12-10,0.017811724593606026,0.0,,,,0.0
2007-12-11,-0.01450004577636721,0.0,,,,0.0
2007-12-12,0.02092848303553141,0.0,,,,0.0
2007-12-13,-0.024723542260960518,0.0,,,,0.0
2007-12-14,0.000254734306578408,0.0,,,,0.0
2007-12-17,-0.00496687985636679,0.0,,,,0.0
2007-12-18,0.01433511821265343,0.0,,,,0.0
2007-12-19,-0.00012620992088918648,0.0,,,,0.0
2007-12-20,-0.007193333041277561,0.0,,,,0.0
2007-12-21,0.018177200183795872,0.0,,,,0.0
2007-12-24,0.0004993872195924176,0.0,,,,0.0
2007-12-26,0.017219831094685834,0.0,,,,0.0
2007-12-27,0.0004906883853601496,0.0,,,,0.0
2007-12-28,0.017655744047463173,0.0,,,,0.0
2007-12-31,-0.006506035126835452,0.0,,,,0.0
2008-01-02,0.02910503944367404,0.0,,,,0.0
2008-01-03,0.008366710810346678,0.0,,,,0.0
2008-01-04,-0.005142017564280343,0.0,,,,0.0
2008-01-07,-0.004228833806723897,0.0,,,,0.0
2008-01-08,0.023711244730771908,0.0,,,,0.0
2008-01-09,-0.0026503310759889986,0.0,,,,0.0
2008-01-10,0.019641789581746893,0.0,,,,0.0
2008-01-11,0.003739397519033183,0.0,,,,0.0
2008-01-14,0.010837650311902536,0.0,,,,0.0
2008-01-15,-0.01731073303450259,0.0,,,,0.0
2008-01-16,-0.014660767665031549,0.0,,,,0.0
2008-01-17,-0.0023067699571152067,0.0,,,,0.0
2008-01-18,0.010635816982026647,0.0,,,,0.0
2008-01-22,0.008579272657391002,0.0,,,,0.0
2008-01-23,-0.0031756695600737572,0.0,,,,0.0
2008-01-24,0.02491753847553424,0.0,,,,0.0
2008-01-25,0.0024422870363138838,0.0,,,,0.0
2008-01-28,0.016057551486582833,0.0,,,,0.0
2008-01-29,-0.006539492905952016,0.0,,,,0.0
2008-01-30,0.009983499917512129,0.0,,,,0.0
2008-01-31,-0.007169194549399904,0.0,,,,0.0
2008-02-01,-0.02242891704085337,0.0,,,,0.0
2008-02-04,-0.002797985498258382,0.0,,,,0.0
2008-02-05,-0.01593712899285571,0.0,,,,0.0
2008-02-06,0.014484450714485675,0.0,,,,0.0
2008-02-07,0.01011806134633808,0.0,,,,0.0
2008-02-08,0.012799126827031992,0.0,,,,0.0
2008-02-11,0.0036263937478537844,0.0,,,,0.0
2008-02-12,-0.021898608999260327,0.0,,,,0.0
2008-02-13,0.0012313960382492883,0.0,,,,0.0
2008-02-14,0.003018745926838262,0.0,,,,0.0
2008-02-15,-0.006242309266623058,0.0,,,,0.0
2008-02-19,0.027257434252206725,0.0,,,,0.0
2008-02-20,0.01812618475130834,0.0,,,,0.0
2008-02-21,0.00010727302080248968,0.0,,,,0.0
2008-02-22,0.0015013339372487167,0.0,,,,0.0
2008-02-25,-0.006960076347863775,0.0,,,,0.0
2008-02-26,0.010459362120408988,0.0,,,,0.0
2008-02-27,0.01141820195579868,0.0,,,,0.0
2008-02-28,0.012766396919778877,0.0,,,,0.0
2008-02-29,0.0019793983293541206,0.0,,,,0.0
2008-03-03,0.01102097686868797,0.0,,,,0.0
2008-03-04,-0.02118467301366822,0.0,,,,0.0
2008-03-05,0.02668628816330454,0.0,,,,0.0
2008-03-06,-0.01248466235635548,0.0,,,,0.0
2008-03-07,-0.004248742612532386,0.0,,,,0.0
2008-03-10,-0.0022894536340183347,0.0,,,,0.0
2008-03-11,0.0012516440361922676,0.0,,,,0.0
2008-03-12,0.010626151632053826,0.0,,,,0.0
2008-03-13,0.013709866739230137,0.0,,,,0.0
2008-03-14,0.003762484852152248,0.0,,,,0.0
2008-03-17,0.004660106258120855,0.0,,,,0.0
2008-03-18,-0.026923446790799832,0.0,,,,0.0
2008-03-19,-0.03585491279246278,0.0,,,,0.0
2008-03-20,-0.033641414688503124,0.0,,,,0.0
2008-03-24,0.0021131665473592687,0.0,,,,0.0
2008-03-25,0.02918984381079537,0.0,,,,0.0
2008-03-26,0.011538872598824357,0.0,,,,0.0
2008-03-27,-0.0036247756526995856,0.0,,,,0.0
2008-03-28,-0.0169056478336429,0.0,,,,0.0
2008-03-31,-0.015999060026679612,0.0,,,,0.0
2008-04-01,-0.03926560013231817,0.0,,,,0.0
2008-04-02,0.027745751966154586,0.0,,,,0.0
2008-04-03,0.0016803128880877871,0.0,,,,0.0
2008-04-04,0.009282060479206544,0.0,,,,0.0
2008-04-07,0.010193885528479996,0.0,,,,0.0
2008-04-08,-0.008994183517528342,0.0,,,,0.0
2008-04-09,0.021472080511013125,0.0,,,,0.0
2008-04-10,-0.005634459500514,0.0,,,,0.0
2008-04-11,-0.005121429753741857,0.0,,,,0.0
2008-04-14,-0.002081078149565263,0.0,,,,0.0
2008-04-15,0.006036692438517344,0.0,,,,0.0
2008-04-16,0.017564836533195294,0.0,,,,0.0
2008-04-17,-0.0076122988101923195,0.0,,,,0.0
2008-04-18,-0.020959322203780717,0.0,,,,0.0
2008-04-21,-0.004083014073799407,0.0,,,,0.0
2008-04-22,0.00022156945225937363,0.0,,,,0.0
2008-04-23,-0.011631721074667034,0.0,,,,0.0
2008-04-24,-0.022416498236226268,0.0,,,,0.0
2008-04-25,0.0005732105212514771,0.0,,,,0.0
2008-04-28,0.004812717021838164,0.0,,,,0.0
2008-04-29,-0.021439215765431285,0.0,,,,0.0
2008-04-30,0.009789115384970959,0.0,,,,0.0
2008-05-01,-0.030698252917109703,0.0,,,,0.0
2008-05-02,0.007024693205042398,0.0,,,,0.0
2008-05-05,0.01998102122754042,0.0,,,,0.0
2008-05-06,0.00417295264124129,0.0,,,,0.0
2008-05-07,-0.009350081776226649,0.0,,,,0.0
2008-05-08,0.01654623833599178,0.0,,,,0.0
2008-05-09,0.002063277276288522,0.0,,,,0.0
2008-05-12,-0.004918786481152515,0.0,,,,0.0
2008-05-13,-0.018392901637114267,0.0,,,,0.0
2008-05-14,-0.0022251135117034027,0.0,,,,0.0
2008-05-15,0.021126797138869557,0.0,,,,0.0
2008-05-16,0.02413791349564476,0.0,,,,0.0
2008-05-19,0.0032547802524549585,0.0,,,,0.0
2008-05-20,0.016892293842048378,0.0,,,,0.0
2008-05-21,0.01166113906270927,0.0,,,,0.0
2008-05-22,-0.010656760953627886,0.0,,,,0.0
2008-05-23,0.0027478565704068814,0.0,,,,0.0
2008-05-27,-0.020497672670971245,0.0,,,,0.0
2008-05-28,-0.0024619652999156028,0.0,,,,0.0
2008-05-29,-0.02950412016407733,0.0,,,,0.0
2008-05-30,0.01086573562362747,0.0,,,,0.0
2008-06-02,0.005831928576650602,0.0,,,,0.0
2008-06-03,-0.012278329266664723,0.0,,,,0.0
2008-06-04,-0.0026472805572057556,0.0,,,,0.0
2008-06-05,-0.0023081889684327672,0.0,,,,0.0
2008-06-06,0.030190869895740713,0.0,,,,0.0
2008-06-09,-0.012014369235977762,0.0,,,,0.0
2008-06-10,-0.027730365623936493,0.0,,,,0.0
2008-06-11,0.017182858432152726,0.0,,,,0.0
2008-06-12,-0.016318067383635726,0.0,,,,0.0
2008-06-13,0.00268695515226125,0.0,,,,0.0
2008-06-16,0.013748109984879964,0.0,,,,0.0
2008-06-17,0.002758279023988175,0.0,,,,0.0
2008-06-18,0.011805143602256374,0.0,,,,0.0
2008-06-19,0.0015858562707782298,0.0,,,,0.0
2008-06-20,0.005994105296001084,0.0,,,,0.0
2008-06-23,-0.020910631525191015,0.0,,,,0.0
2008-06-24,0.004363358580681931,0.0,,,,0.0
2008-06-25,-0.0005716594382072504,0.0,,,,0.0
2008-06-26,0.03649053429675608,0.0,,,,0.0
2008-06-27,0.009491232806076333,0.0,,,,0.0
2008-06-30,-0.0007652748867392756,0.0,,,,0.0
2008-07-01,0.013785581129051927,0.0,,,,0.0
2008-07-02,0.0055039335924880195,0.0,,,,0.0
2008-07-03,-0.011913712913665608,0.0,,,,0.0
2008-07-07,-0.00901579647698647,0.0,,,,0.0
2008-07-08,-0.0040557133943578405,0.0,,,,0.0
2008-07-09,0.007043796889161902,0.0,,,,0.0
2008-07-10,0.022185779008708995,0.0,,,,0.0
2008-07-11,0.017427615781957062,0.0,,,,0.0
2008-07-14,0.007881462496187819,0.0,,,,0.0
2008-07-15,0.002710817400778165,0.0,,,,0.0
2008-07-16,-0.01798893376809596,0.0,,,,0.0
2008-07-17,-0.002329534254720267,0.0,,,,0.0
2008-07-18,-0.0005307052760558095,0.0,,,,0.0
2008-07-21,0.010088187279481131,0.0,,,,0.0
2008-07-22,-0.021656908415746523,0.0,,,,0.0
2008-07-23,-0.02675690875880099,0.0,,,,0.0
2008-07-24,0.008391323162098896,0.0,,,,0.0
2008-07-25,0.003941756302791921,0.0,,,,0.0
2008-07-28,0.0004362625636629147,0.0,,,,0.0
2008-07-29,-0.012427853235838726,0.0,,,,0.0
2008-07-30,-0.011811455327067621,0.0,,,,0.0
2008-07-31,0.006255643532038224,0.0,,,,0.0
2008-08-01,-0.005661657702749401,0.0,,,,0.0
2008-08-04,-0.01596517037007883,0.0,,,,0.0
2008-08-05,-0.023371880790320154,0.0,,,,0.0
2008-08-06,0.006505547707733816,0.0,,,,0.0
2008-08-07,-0.0063481423780287205,0.0,,,,0.0
2008-08-08,-0.019282101328005674,0.0,,,,0.0
2008-08-11,-0.03908566907295763,0.0,,,,0.0
2008-08-12,-0.007518804770153764,0.0,,,,0.0
2008-08-13,0.012916057611595866,0.0,,,,0.0
2008-08-14,-0.02709660557413529,0.0,,,,0.0
2008-08-15,-0.02167613426311632,0.0,,,,0.0
2008-08-18,0.015071568204755081,0.0,,,,0.0
2008-08-19,0.02068524353161938,0.0,,,,0.0
2008-08-20,-0.004600307661048464,0.0,,,,0.0
2008-08-21,0.02797908520450143,0.0,,,,0.0
2008-08-22,-0.014823829592519933,0.0,,,,0.0
2008-08-25,-0.0018500434446395708,0.0,,,,0.0
2008-08-26,0.003706944898387965,0.0,,,,0.0
2008-08-27,0.001600360064577977,0.0,,,,0.0
2008-08-28,0.01007865890698989,0.0,,,,0.0
2008-08-29,-0.005719167911386824,0.0,,,,0.0
2008-09-02,-0.030718420809619618,0.0,,,,0.0
2008-09-03,-0.003914110739124621,0.0,,,,0.0
2008-09-04,-0.0063379389513039674,0.0,,,,0.0
2008-09-05,0.007526520881221854,0.0,,,,0.0
2008-09-08,-0.0015194067039945303,0.0,,,,0.0
2008-09-09,-0.03005329353587316,0.0,,,,0.0
2008-09-10,-0.029677038913105025,0.0,,,,0.0
2008-09-11,-0.015359732833451378,0.0,,,,0.0
2008-09-12,0.03379859275884045,0.0,,,,0.0
2008-09-15,0.026604823635267394,0.0,,,,0.0
2008-09-16,-0.009927754864673677,0.0,,,,0.0
2008-09-17,0.11290530102327678,0.0,,,,0.0
2008-09-18,-0.031125626740126422,0.0,,,,0.0
2008-09-19,0.03840579937162536,0.0,,,,0.0
2008-09-22,0.037217920717656394,0.0,,,,0.0
2008-09-23,-0.009643424617723939,0.0,,,,0.0
2008-09-24,-0.01822917364033816,0.0,,,,0.0
2008-09-25,-0.002998525417780007,0.0,,,,0.0
2008-09-26,0.002197830516061261,0.0,,,,0.0
2008-09-29,0.033818101636850395,0.0,,,,0.0
2008-09-30,-0.05024003589742143,0.0,,,,0.0
2008-10-01,0.010579540720671465,0.0,,,,0.0
2008-10-02,-0.0423403435845463,0.0,,,,0.0
2008-10-03,0.0031579558004803943,0.0,,,,0.0
2008-10-06,0.020462556197389237,0.0,,,,0.0
2008-10-07,0.03547695665728945,0.0,,,,0.0
2008-10-08,0.024636204979729737,0.0,,,,0.0
2008-10-09,0.005367964289450189,0.0,,,,0.0
2008-10-10,-0.07430478522575834,0.0,,,,0.0
2008-10-13,-0.014780141058536755,0.0,,,,0.0
2008-10-14,0.0025612768623506366,0.0,,,,0.0
2008-10-15,0.013503657561574789,0.0,,,,0.0
2008-10-16,-0.04825347210266151,0.0,,,,0.0
2008-10-17,-0.026232839034402877,0.0,,,,0.0
2008-10-20,0.016707692408026054,0.0,,,,0.0
2008-10-21,-0.03146498370322448,0.0,,,,0.0
2008-10-22,-0.05681967334189364,0.0,,,,0.0
2008-10-23,-0.014781726009298946,0.0,,,,0.0
2008-10-24,0.02208064437227697,0.0,,,,0.0
2008-10-27,-0.00041543802350396675,0.0,,,,0.0
2008-10-28,0.02230535610341522,0.0,,,,0.0
2008-10-29,0.0028459016379882573,0.0,,,,0.0
2008-10-30,-0.01743244480442352,0.0,,,,0.0
2008-10-31,-0.01884201298077859,0.0,,,,0.0
2008-11-03,-0.0033641418010847968,0.0,,,,0.0
2008-11-04,0.061603445524780476,0.0,,,,0.0
2008-11-05,-0.03550609679364303,0.0,,,,0.0
2008-11-06,-0.007967057784906029,0.0,,,,0.0
2008-11-07,0.0038770254024393935,0.0,,,,0.0
2008-11-10,0.014896576980064635,0.0,,,,0.0
2008-11-11,-0.020793676830966557,0.0,,,,0.0
2008-11-12,-0.02845250471794114,0.0,,,,0.0
2008-11-13,0.030714307512555772,0.0,,,,0.0
2008-11-14,0.015939036750628688,0.0,,,,0.0
2008-11-17,-0.008867687569125149,0.0,,,,0.0
2008-11-18,-0.0019270390462217124,0.0,,,,0.0
2008-11-19,-0.003447800201830109,0.0,,,,0.0
2008-11-20,0.016468236601602237,0.0,,,,0.0
2008-11-21,0.07351942478206097,0.0,,,,0.0
2008-11-24,0.02612562115222339,0.0,,,,0.0
2008-11-25,-0.0004943877606827796,0.0,,,,0.0
2008-11-26,-0.006059174929170741,0.0,,,,0.0
2008-11-28,-0.0008708596319495499,0.0,,,,0.0
2008-12-01,-0.05802510489824053,0.0,,,,0.0
2008-12-02,0.017184340993285696,0.0,,,,0.0
2008-12-03,-0.010006454497773598,0.0,,,,0.0
2008-12-04,-0.008926231326486067,0.0,,,,0.0
2008-12-05,-0.012980176913027774,0.0,,,,0.0
2008-12-08,0.02254428852463053,0.0,,,,0.0
2008-12-09,0.0017061008926391175,0.0,,,,0.0
2008-12-10,0.044805424956165796,0.0,,,,0.0
2008-12-11,0.011285285590957983,0.0,,,,0.0
2008-12-12,0.001983831738223918,0.0,,,,0.0
2008-12-15,0.02215073591889971,0.0,,,,0.0
2008-12-16,0.022518167611520035,0.0,,,,0.0
2008-12-17,0.011484741075274973,0.0,,,,0.0
2008-12-18,-0.01826053556152496,0.0,,,,0.0
2008-12-19,-0.014784850990297582,0.0,,,,0.0
2008-12-22,0.010044800419261257,0.0,,,,0.0
2008-12-23,-0.009944905825060135,0.0,,,,0.0
2008-12-24,0.010044800419261257,0.0,,,,0.0
2008-12-26,0.025641018609195987,0.0,,,,0.0
2008-12-29,0.008761682399173631,0.0,,,,0.0
2008-12-30,-0.005211313910758797,0.0,,,,0.0
2008-12-31,0.007217638022983142,0.0,,,,0.0
2009-01-02,-0.003351748698386614,0.0,,,,0.0
2009-01-05,-0.020294560267569373,0.0,,,,0.0
2009-01-06,0.007694056234090141,0.0,,,,0.0
2009-01-07,-0.027957210503990804,0.0,,,,0.0
2009-01-08,0.02066464150420133,0.0,,,,0.0
2009-01-09,-0.006393569990301162,0.0,,,,0.0
2009-01-12,-0.037654862984544346,0.0,,,,0.0
2009-01-13,0.0014858236009589465,0.0,,,,0.0
2009-01-14,-0.01347671086678437,0.0,,,,0.0
2009-01-15,0.007519720105734873,0.0,,,,0.0
2009-01-16,0.02885930728247965,0.0,,,,0.0
2009-01-20,0.021883660725774856,0.0,,,,0.0
2009-01-21,-0.004377604494590903,0.0,,,,0.0
2009-01-22,0.00510992629089313,0.0,,,,0.0
2009-01-23,0.04670131074402373,0.0,,,,0.0
2009-01-26,0.00474413390643269,0.0,,,,0.0
2009-01-27,-0.006408091224060275,0.0,,,,0.0
2009-01-28,-0.010862175993511136,0.0,,,,0.0
2009-01-29,0.02379320378198746,0.0,,,,0.0
2009-01-30,0.0202234364088687,0.0,,,,0.0
2009-02-02,-0.027050720476891055,0.0,,,,0.0
2009-02-03,-0.00416473584465582,0.0,,,,0.0
2009-02-04,0.008025308858100377,0.0,,,,0.0
2009-02-05,0.01054050726832867,0.0,,,,0.0
2009-02-06,-0.005881118425859255,0.0,,,,0.0
2009-02-09,-0.014175652360522317,0.0,,,,0.0
2009-02-10,0.021399449684998073,0.0,,,,0.0
2009-02-11,0.023057331251128632,0.0,,,,0.0
2009-02-12,0.009535131050907975,0.0,,,,0.0
2009-02-13,-0.006654450245488497,0.0,,,,0.0
2009-02-17,0.031334346848833405,0.0,,,,0.0
2009-02-18,0.01529603730274487,0.0,,,,0.0
2009-02-19,-0.011763563883639527,0.0,,,,0.0
2009-02-20,0.021196684555155887,0.0,,,,0.0
2009-02-23,-0.0007157432785270812,0.0,,,,0.0
2009-02-24,-0.03069681670881841,0.0,,,,0.0
2009-02-25,-0.01667900110909304,0.0,,,,0.0
2009-02-26,-0.0009662261493377233,0.0,,,,0.0
2009-02-27,-0.004620678234007469,0.0,,,,0.0
2009-03-02,-0.018352553153934803,0.0,,,,0.0
2009-03-03,-0.00978774207259936,0.0,,,,0.0
2009-03-04,-0.011661517559766521,0.0,,,,0.0
2009-03-05,0.03371165380397634,0.0,,,,0.0
2009-03-06,0.003261257296712783,0.0,,,,0.0
2009-03-09,-0.018636918448808326,0.0,,,,0.0
2009-03-10,-0.026830079644072802,0.0,,,,0.0
2009-03-11,0.012253254351412224,0.0,,,,0.0
2009-03-12,0.02107147755767702,0.0,,,,0.0
2009-03-13,0.002195439966923063,0.0,,,,0.0
2009-03-16,-0.005476451076530053,0.0,,,,0.0
2009-03-17,-0.008370067298315575,0.0,,,,0.0
2009-03-18,0.033873782667158014,0.0,,,,0.0
2009-03-19,0.013535311911035075,0.0,,,,0.0
2009-03-20,-0.008055136709291255,0.0,,,,0.0
2009-03-23,-0.01613414430944482,0.0,,,,0.0
2009-03-24,-0.01227199022960268,0.0,,,,0.0
2009-03-25,0.011324974637190621,0.0,,,,0.0
2009-03-26,-0.0005436295926601886,0.0,,,,0.0
2009-03-27,-0.013488500594508568,0.0,,,,0.0
2009-03-30,-0.007828857264960187,0.0,,,,0.0
2009-03-31,0.003334023240399997,0.0,,,,0.0
2009-04-01,0.008307487928012502,0.0,,,,0.0
2009-04-02,-0.024497371827343573,0.0,,,,0.0
2009-04-03,-0.013626201264451798,0.0,,,,0.0
2009-04-06,-0.026487039523035216,0.0,,,,0.0
2009-04-07,0.017239372329946656,0.0,,,,0.0
2009-04-08,-0.0014987002146591433,0.0,,,,0.0
2009-04-09,-0.0034638384671937805,0.0,,,,0.0
2009-04-13,0.018190241446344402,0.0,,,,0.0
2009-04-14,-0.005803305903222533,0.0,,,,0.0
2009-04-15,0.0014878934340316619,0.0,,,,0.0
2009-04-16,-0.019314313616071388,0.0,,,,0.0
2009-04-17,-0.006875613036671613,0.0,,,,0.0
2009-04-20,0.02030034854210716,0.0,,,,0.0
2009-04-21,-0.0006900236998221843,0.0,,,,0.0
2009-04-22,0.0056392895294219425,0.0,,,,0.0
2009-04-23,0.01625092518853677,0.0,,,,0.0
2009-04-24,0.010360339384325012,0.0,,,,0.0
2009-04-27,-0.007913498381772466,0.0,,,,0.0
2009-04-28,-0.014155736501410554,0.0,,,,0.0
2009-04-29,0.006609707476406657,0.0,,,,0.0
2009-04-30,-0.012000511332669439,0.0,,,,0.0
2009-05-01,-0.0036667778977123033,0.0,,,,0.0
2009-05-04,0.019436486494786687,0.0,,,,0.0
2009-05-05,-0.004399812639145684,0.0,,,,0.0
2009-05-06,0.014617574113624299,0.0,,,,0.0
2009-05-07,-0.001116802245908266,0.0,,,,0.0
2009-05-08,0.006037577155491469,0.0,,,,0.0
2009-05-11,-0.0032229484853091295,0.0,,,,0.0
2009-05-12,0.011260948593414977,0.0,,,,0.0
2009-05-13,0.0042998831617491184,0.0,,,,0.0
2009-05-14,-0.0006586624328229762,0.0,,,,0.0
2009-05-15,0.005712449515919316,0.0,,,,0.0
2009-05-18,-0.012998387785235543,0.0,,,,0.0
2009-05-19,0.0066400893101847824,0.0,,,,0.0
2009-05-20,0.01418206825540258,0.0,,,,0.0
2009-05-21,0.01734415690104174,0.0,,,,0.0
2009-05-22,0.003196622873047117,0.0,,,,0.0
2009-05-26,-0.004142319525520577,0.0,,,,0.0
2009-05-27,-0.0033063692504812225,0.0,,,,0.0
2009-05-28,0.008453728639123304,0.0,,,,0.0
2009-05-29,0.020797953405155667,0.0,,,,0.0
2009-06-01,-0.004885588422226861,0.0,,,,0.0
2009-06-02,0.006580980166364325,0.0,,,,0.0
2009-06-03,-0.02023658090380609,0.0,,,,0.0
2009-06-04,0.01927761491608404,0.0,,,,0.0
2009-06-05,-0.026187303175224996,0.0,,,,0.0
2009-06-08,-0.0016006992566897082,0.0,,,,0.0
2009-06-09,0.0028858943940421877,0.0,,,,0.0
2009-06-10,0.0003197141501807277,0.0,,,,0.0
2009-06-11,-0.0017047055302461533,0.0,,,,0.0
2009-06-12,-0.016328696148645738,0.0,,,,0.0
2009-06-15,-0.011608980319853468,0.0,,,,0.0
2009-06-16,0.009110887430919812,0.0,,,,0.0
2009-06-17,0.004568673638105869,0.0,,,,0.0
2009-06-18,-0.008012971044898287,0.0,,,,0.0
2009-06-19,0.0031656032485014585,0.0,,,,0.0
2009-06-22,-0.014798700628623873,0.0,,,,0.0
2009-06-23,0.004197009604324009,0.0,,,,0.0
2009-06-24,0.005829287175215692,0.0,,,,0.0
2009-06-25,0.009404052914712357,0.0,,,,0.0
2009-06-26,-0.00021662488999318885,0.0,,,,0.0
2009-06-29,-0.0027088525031961908,0.0,,,,0.0
2009-06-30,-0.00934377011948162,0.0,,,,0.0
2009-07-01,0.013270443961645562,0.0,,,,0.0
2009-07-02,-0.012338991202289873,0.0,,,,0.0
2009-07-06,-0.005369839602953785,0.0,,,,0.0
2009-07-07,-0.0005509370932226254,0.0,,,,0.0
2009-07-08,-0.015874792811597982,0.0,,,,0.0
2009-07-09,0.0026885348066461034,0.0,,,,0.0
2009-07-10,0.0007820320986886564,0.0,,,,0.0
2009-07-13,0.006809562378688128,0.0,,,,0.0
2009-07-14,0.0068743219914013665,0.0,,,,0.0
2009-07-15,0.015747168193161798,0.0,,,,0.0
2009-07-16,-0.002818674250404163,0.0,,,,0.0
2009-07-17,-0.0005436295926601886,0.0,,,,0.0
2009-07-20,0.014685069831823938,0.0,,,,0.0
2009-07-21,-0.001608078128665258,0.0,,,,0.0
2009-07-22,0.003328736144431632,0.0,,,,0.0
2009-07-23,-0.0019263730786892586,0.0,,,,0.0
2009-07-24,0.0016084229299051511,0.0,,,,0.0
2009-07-27,0.003211598443443542,0.0,,,,0.0
2009-07-28,-0.01707393543648217,0.0,,,,0.0
2009-07-29,-0.009879531604379377,0.0,,,,0.0
2009-07-30,0.0046053268902870315,0.0,,,,0.0
2009-07-31,0.018882292901956976,0.0,,,,0.0
2009-08-03,0.005570479710346188,0.0,,,,0.0
2009-08-04,0.008628928676826408,0.0,,,,0.0
2009-08-05,0.0010561731495435378,0.0,,,,0.0
2009-08-06,-0.0018991380828662363,0.0,,,,0.0
2009-08-07,-0.008985184860797024,0.0,,,,0.0
2009-08-10,-0.008746663411458355,0.0,,,,0.0
2009-08-11,-0.0015065037037413909,0.0,,,,0.0
2009-08-12,0.001724280969244818,0.0,,,,0.0
2009-08-13,0.008284069905776459,0.0,,,,0.0
2009-08-14,-0.00768247131162092,0.0,,,,0.0
2009-08-17,-0.014946229996219751,0.0,,,,0.0
2009-08-18,0.004912094151774626,0.0,,,,0.0
2009-08-19,0.005105379460867088,0.0,,,,0.0
2009-08-20,-0.00280992261602242,0.0,,,,0.0
2009-08-21,0.014956160539929986,0.0,,,,0.0
2009-08-24,-0.013988309307461977,0.0,,,,0.0
2009-08-25,0.00454847103093825,0.0,,,,0.0
2009-08-26,0.000323402097951897,0.0,,,,0.0
2009-08-27,0.004310825756355552,0.0,,,,0.0
2009-08-28,0.0072969233540189915,0.0,,,,0.0
2009-08-31,-0.005006937327699634,0.0,,,,0.0
2009-09-01,0.0053533189703585116,0.0,,,,0.0
2009-09-02,0.02438765578609936,0.0,,,,0.0
2009-09-03,0.013203000424498512,0.0,,,,0.0
2009-09-04,0.0007182402573546742,0.0,,,,0.0
2009-09-08,-0.0010253099084660544,0.0,,,,0.0
2009-09-09,-0.003592307020679586,0.0,,,,0.0
2009-09-10,0.006386434955640619,0.0,,,,0.0
2009-09-11,0.011054266783926625,0.0,,,,0.0
2009-09-14,-0.008301272574991025,0.0,,,,0.0
2009-09-15,0.009595778380884434,0.0,,,,0.0
2009-09-16,0.010212357134961048,0.0,,,,0.0
2009-09-17,-0.005705207720204775,0.0,,,,0.0
2009-09-18,-0.00674449560745316,0.0,,,,0.0
2009-09-21,-0.0031417610656377937,0.0,,,,0.0
2009-09-22,0.013318397219040712,0.0,,,,0.0
2009-09-23,-0.008427775191354847,0.0,,,,0.0
2009-09-24,-0.012951520343842282,0.0,,,,0.0
2009-09-25,-0.005638165397760075,0.0,,,,0.0
2009-09-28,0.0005154953789465733,0.0,,,,0.0
2009-09-29,0.003915479046562309,0.0,,,,0.0
2009-09-30,0.014574547516139846,0.0,,,,0.0
2009-10-01,-0.009711675258386454,0.0,,,,0.0
2009-10-02,0.004903497394283862,0.0,,,,0.0
2009-10-05,0.014740234906545968,0.0,,,,0.0
2009-10-06,0.024644350751287458,0.0,,,,0.0
2009-10-07,0.0007821845131941174,0.0,,,,0.0
2009-10-08,0.01250487272044265,0.0,,,,0.0
2009-10-09,-0.007719056893758736,0.0,,,,0.0
2009-10-12,0.007001178980379219,0.0,,,,0.0
2009-10-13,0.006759410912892783,0.0,,,,0.0
2009-10-14,-0.0007673300346776601,0.0,,,,0.0
2009-10-15,-0.012670375225163455,0.0,,,,0.0
2009-10-16,0.0031110217083940572,0.0,,,,0.0
2009-10-19,0.010176420320335389,0.0,,,,0.0
2009-10-20,-0.007771324588894402,0.0,,,,0.0
2009-10-21,0.0031908899332564467,0.0,,,,0.0
2009-10-22,0.0016385365681474973,0.0,,,,0.0
2009-10-23,-0.004137801315938439,0.0,,,,0.0
2009-10-26,-0.015750287825531117,0.0,,,,0.0
2009-10-27,-9.819493589768857e-05,0.0,,,,0.0
2009-10-28,-0.01099651579741634,0.0,,,,0.0
2009-10-29,0.019457947177142998,0.0,,,,0.0
2009-10-30,-0.0015581230724058814,0.0,,,,0.0
2009-11-02,0.01384958729982988,0.0,,,,0.0
2009-11-03,0.02414624540566579,0.0,,,,0.0
2009-11-04,0.0060116418857059095,0.0,,,,0.0
2009-11-05,-0.0011204026040811943,0.0,,,,0.0
2009-11-06,0.004206365060027029,0.0,,,,0.0
2009-11-09,0.007074393875747376,0.0,,,,0.0
2009-11-10,0.0018485714366307526,0.0,,,,0.0
2009-11-11,0.011163383073034883,0.0,,,,0.0
2009-11-12,-0.012682476359492378,0.0,,,,0.0
2009-11-13,0.014139162667421434,0.0,,,,0.0
2009-11-16,0.017222520743937597,0.0,,,,0.0
2009-11-17,0.0030458118395657596,0.0,,,,0.0
2009-11-18,0.0025006588929563645,0.0,,,,0.0
2009-11-19,0.00044546148559287957,0.0,,,,0.0
2009-11-20,0.005699014890974352,0.0,,,,0.0
2009-11-23,0.011953235744097679,0.0,,,,0.0
2009-11-24,0.0038498769610777472,0.0,,,,0.0
2009-11-25,0.016473453624580747,0.0,,,,0.0
2009-11-27,-0.013376823454362308,0.0,,,,0.0
2009-11-30,0.005040864273957002,0.0,,,,0.0
2009-12-01,0.015046678251066092,0.0,,,,0.0
2009-12-02,0.015334836376522443,0.0,,,,0.0
2009-12-03,-0.004027549552814924,0.0,,,,0.0
2009-12-04,-0.041701744528271356,0.0,,,,0.0
2009-12-07,-0.005626368260645553,0.0,,,,0.0
2009-12-08,-0.019096487052018385,0.0,,,,0.0
2009-12-09,-0.0009914431129085521,0.0,,,,0.0
2009-12-10,-0.00018040999392898716,0.0,,,,0.0
2009-12-11,-0.013535462950105548,0.0,,,,0.0
2009-12-14,0.008415643720394828,0.0,,,,0.0
2009-12-15,-0.00027212245898211584,0.0,,,,0.0
2009-12-16,0.012521524951290885,0.0,,,,0.0
2009-12-17,-0.038085851236441925,0.0,,,,0.0
2009-12-18,0.014999074578720073,0.0,,,,0.0
2009-12-21,-0.018357045030025332,0.0,,,,0.0
2009-12-22,-0.007293116424064494,0.0,,,,0.0
2009-12-23,0.0035792115415487213,0.0,,,,0.0
2009-12-24,0.01698730649228164,0.0,,,,0.0
2009-12-28,0.0017534370647473985,0.0,,,,0.0
2009-12-29,-0.00994934869361297,0.0,,,,0.0
2009-12-30,-0.005024666505943243,0.0,,,,0.0
2009-12-31,0.003553701041180801,0.0,,,,0.0
2010-01-04,0.023203853786358142,0.0,,,,0.0
2010-01-05,-0.0009108023746454696,0.0,,,,0.0
2010-01-06,0.01649959196299955,0.0,,,,0.0
2010-01-07,-0.006187807624317698,0.0,,,,0.0
2010-01-08,0.0049630306196752905,0.0,,,,0.0
2010-01-11,0.01328899785435711,0.0,,,,0.0
2010-01-12,-0.020912721685971136,0.0,,,,0.0
2010-01-13,0.00950315025847348,0.0,,,,0.0
2010-01-14,0.004393023666376061,0.0,,,,0.0
2010-01-15,-0.01044361493969348,0.0,,,,0.0
2010-01-19,0.005953418988644765,0.0,,,,0.0
2010-01-20,-0.02313481240425197,0.0,,,,0.0
2010-01-21,-0.01441159959280014,0.0,,,,0.0
2010-01-22,-0.001862760291706178,0.0,,,,0.0
2010-01-25,0.002892648999579084,0.0,,,,0.0
2010-01-26,0.0007442705541653716,0.0,,,,0.0
2010-01-27,-0.009576039444736728,0.0,,,,0.0
2010-01-28,-0.0004693083914030227,0.0,,,,0.0
2010-01-29,-0.004883586176437471,0.0,,,,0.0
2010-02-01,0.02255567582388429,0.0,,,,0.0
2010-02-02,0.007198881313165595,0.0,,,,0.0
2010-02-03,-0.003940257637661704,0.0,,,,0.0
2010-02-04,-0.03983435439949368,0.0,,,,0.0
2010-02-05,0.002970178695371306,0.0,,,,0.0
2010-02-08,-0.006113864996012963,0.0,,,,0.0
2010-02-09,0.01316803858637372,0.0,,,,0.0
2010-02-10,-0.002751170718643947,0.0,,,,0.0
2010-02-11,0.019120951810489784,0.0,,,,0.0
2010-02-12,-0.0008400666498453724,0.0,,,,0.0
2010-02-16,0.02410315591356116,0.0,,,,0.0
2010-02-17,-0.0033753214496573536,0.0,,,,0.0
2010-02-18,0.006681952923877299,0.0,,,,0.0
2010-02-19,-0.004637226047132237,0.0,,,,0.0
2010-02-22,-0.0036539830220012615,0.0,,,,0.0
2010-02-23,-0.010818743086801086,0.0,,,,0.0
2010-02-24,-0.004912399502225995,0.0,,,,0.0
2010-02-25,0.008848704758209536,0.0,,,,0.0
2010-02-26,0.010340714355349556,0.0,,,,0.0
2010-03-01,0.0,0.0,,,,0.0
2010-03-02,0.01452980291927708,0.0,,,,0.0
2010-03-03,0.005494511158316229,0.0,,,,0.0
2010-03-04,-0.007166491463286184,0.0,,,,0.0
2010-03-05,-0.0001804951017815304,0.0,,,,0.0
2010-03-08,-0.008392747276111279,0.0,,,,0.0
2010-03-09,-0.0014560978951050352,0.0,,,,0.0
2010-03-10,-0.011392635673468599,0.0,,,,0.0
2010-03-11,0.0011984627266063974,0.0,,,,0.0
2010-03-12,-0.0059852811695370045,0.0,,,,0.0
2010-03-15,0.003798088686431056,0.0,,,,0.0
2010-03-16,0.01882614344810607,0.0,,,,0.0
2010-03-17,-0.0073370034129791595,0.0,,,,0.0
2010-03-18,0.006843690346403308,0.0,,,,0.0
2010-03-19,-0.018669545286964517,0.0,,,,0.0
2010-03-22,-0.004894706180937014,0.0,,,,0.0
2010-03-23,0.005290020369598247,0.0,,,,0.0
2010-03-24,-0.018648418101527398,0.0,,,,0.0
2010-03-25,0.004515481785126063,0.0,,,,0.0
2010-03-26,0.016950717168810137,0.0,,,,0.0
2010-03-29,0.0014734659499526792,0.0,,,,0.0
2010-03-30,-0.007172402568247138,0.0,,,,0.0
2010-03-31,0.009076555677125953,0.0,,,,0.0
2010-04-01,0.012023912112733903,0.0,,,,0.0
2010-04-05,0.0057137424379838375,0.0,,,,0.0
2010-04-06,0.0012625069025071767,0.0,,,,0.0
2010-04-07,0.013149591106227154,0.0,,,,0.0
2010-04-08,0.0014223812352023302,0.0,,,,0.0
2010-04-09,0.008788263207809122,0.0,,,,0.0
2010-04-12,-0.0055437984583037725,0.0,,,,0.0
2010-04-13,-0.002831605068359111,0.0,,,,0.0
2010-04-14,0.0030170940680156466,0.0,,,,0.0
2010-04-15,0.005485293756329668,0.0,,,,0.0
2010-04-16,-0.021205487283346813,0.0,,,,0.0
2010-04-19,-0.0008090285834133626,0.0,,,,0.0
2010-04-20,0.002789001838399141,0.0,,,,0.0
2010-04-21,0.00762604056256011,0.0,,,,0.0
2010-04-22,-0.004184856476894816,0.0,,,,0.0
2010-04-23,0.012070870419532032,0.0,,,,0.0
2010-04-26,-0.0038872906786446837,0.0,,,,0.0
2010-04-27,0.016674033289738155,0.0,,,,0.0
2010-04-28,-0.0027915877387381105,0.0,,,,0.0
2010-04-29,-0.0002624335573229164,0.0,,,,0.0
2010-04-30,0.009450488647102961,0.0,,,,0.0
2010-05-03,0.003207374693346088,0.0,,,,0.0
2010-05-04,-0.007431094663491455,0.0,,,,0.0
2010-05-05,0.0019151526599501256,0.0,,,,0.0
2010-05-06,0.02954211168707399,0.0,,,,0.0
2010-05-07,-0.0018567071032954408,0.0,,,,0.0
2010-05-10,-0.00591863505631729,0.0,,,,0.0
2010-05-11,0.026282248662974128,0.0,,,,0.0
2010-05-12,0.006132917630615964,0.0,,,,0.0
2010-05-13,-0.0069193077160389915,0.0,,,,0.0
2010-05-14,-0.0015759357652556094,0.0,,,,0.0
2010-05-17,-0.008390812604340048,0.0,,,,0.0
2010-05-18,0.0010891190746751267,0.0,,,,0.0
2010-05-19,-0.023935062862853518,0.0,,,,0.0
2010-05-20,-0.006773565413114135,0.0,,,,0.0
2010-05-21,-0.005352167962601184,0.0,,,,0.0
2010-05-24,0.014060016490404337,0.0,,,,0.0
2010-05-25,0.0044505673464516615,0.0,,,,0.0
2010-05-26,0.009458082861100836,0.0,,,,0.0
2010-05-27,0.0018570204983223704,0.0,,,,0.0
2010-05-28,0.0016007650863898437,0.0,,,,0.0
2010-06-01,0.00866425330155196,0.0,,,,0.0
2010-06-02,-0.0010841871306987994,0.0,,,,0.0
2010-06-03,-0.015194520899751374,0.0,,,,0.0
2010-06-04,0.01042729201831194,0.0,,,,0.0
2010-06-07,0.01929688208114566,0.0,,,,0.0
2010-06-08,-0.0040332362530698385,0.0,,,,0.0
2010-06-09,-0.0036363838132748016,0.0,,,,0.0
2010-06-10,-0.013188423773133118,0.0,,,,0.0
2010-06-11,0.008741707193883563,0.0,,,,0.0
2010-06-14,-0.00341641242239088,0.0,,,,0.0
2010-06-15,0.011622068623597936,0.0,,,,0.0
2010-06-16,-0.0054549635868080815,0.0,,,,0.0
2010-06-17,0.013047450103329306,0.0,,,,0.0
2010-06-18,0.007629206673786193,0.0,,,,0.0
2010-06-21,-0.019864873443235176,0.0,,,,0.0
2010-06-22,0.008804697765326885,0.0,,,,0.0
2010-06-23,-0.004116920646882183,0.0,,,,0.0
2010-06-24,0.0028938082872824733,0.0,,,,0.0
2010-06-25,0.012036265851120165,0.0,,,,0.0
2010-06-28,-0.013603826729219115,0.0,,,,0.0
2010-06-29,0.0014865002115740378,0.0,,,,0.0
2010-06-30,0.0033809159186846127,0.0,,,,0.0
2010-07-01,-0.0381328022519003,0.0,,,,0.0
2010-07-02,0.01238890069121501,0.0,,,,0.0
2010-07-06,-0.016710235152637143,0.0,,,,0.0
2010-07-07,0.01047121447372934,0.0,,,,0.0
2010-07-08,-0.004416922259692702,0.0,,,,0.0
2010-07-09,0.009811462629993661,0.0,,,,0.0
2010-07-12,-0.00861781232849812,0.0,,,,0.0
2010-07-13,0.008692724597704427,0.0,,,,0.0
2010-07-14,-0.000506907386653932,0.0,,,,0.0
2010-07-15,-0.0005917133813900799,0.0,,,,0.0
2010-07-16,-0.013194664160489422,0.0,,,,0.0
2010-07-19,-0.008056868318884747,0.0,,,,0.0
2010-07-20,0.00794952166473073,0.0,,,,0.0
2010-07-21,-0.006858148660892516,0.0,,,,0.0
2010-07-22,0.008718188601928079,0.0,,,,0.0
2010-07-23,-0.006589117477659223,0.0,,,,0.0
2010-07-26,-0.004909981159489263,0.0,,,,0.0
2010-07-27,-0.01739953744152556,0.0,,,,0.0
2010-07-28,0.0023786154346325805,0.0,,,,0.0
2010-07-29,0.004482353152593488,0.0,,,,0.0
2010-07-30,0.010499579478777887,0.0,,,,0.0
2010-08-02,0.0004329643491447488,0.0,,,,0.0
2010-08-03,0.00389472861932183,0.0,,,,0.0
2010-08-04,0.006293675061456394,0.0,,,,0.0
2010-08-05,0.0022275713974577727,0.0,,,,0.0
2010-08-06,0.007351623835511356,0.0,,,,0.0
2010-08-09,-0.0037338325329719924,0.0,,,,0.0
2010-08-10,0.0028109184562654654,0.0,,,,0.0
2010-08-11,-0.0033127240968519045,0.0,,,,0.0
2010-08-12,0.012186810548876936,0.0,,,,0.0
2010-08-13,-0.00025257876690043535,0.0,,,,0.0
2010-08-16,0.008337590626369185,0.0,,,,0.0
2010-08-17,0.00016701447010558645,0.0,,,,0.0
2010-08-18,0.003924853617562674,0.0,,,,0.0
2010-08-19,0.001414058952080799,0.0,,,,0.0
2010-08-20,-0.00348864665731885,0.0,,,,0.0
2010-08-23,-0.0015837495996745554,0.0,,,,0.0
2010-08-24,0.004842226055815635,0.0,,,,0.0
2010-08-25,0.008308408066874051,0.0,,,,0.0
2010-08-26,-0.0032959914623202913,0.0,,,,0.0
2010-08-27,0.00041338502096799346,0.0,,,,0.0
2010-08-30,-0.0008263653611749744,0.0,,,,0.0
2010-08-31,0.009676603535758277,0.0,,,,0.0
2010-09-01,-0.0031946214269242823,0.0,,,,0.0
2010-09-02,0.004930548624238806,0.0,,,,0.0
2010-09-03,-0.0035162343769447046,0.0,,,,0.0
2010-09-07,0.00689312599444758,0.0,,,,0.0
2010-09-08,8.151700472081025e-05,0.0,,,,0.0
2010-09-09,-0.009371701853630121,0.0,,,,0.0
2010-09-10,0.0013985340716866634,0.0,,,,0.0
2010-09-13,-0.0009036441905699855,0.0,,,,0.0
2010-09-14,0.019733545817173015,0.0,,,,0.0
2010-09-15,-0.0006450105130254569,0.0,,,,0.0
2010-09-16,0.0055671679717606,0.0,,,,0.0
2010-09-17,-0.0007221081591426426,0.0,,,,0.0
2010-09-20,0.0026497657670527808,0.0,,,,0.0
2010-09-21,0.009129489585757655,0.0,,,,0.0
2010-09-22,0.0015077756431296496,0.0,,,,0.0
2010-09-23,0.0007924414099362842,0.0,,,,0.0
2010-09-24,0.0030878810785825994,0.0,,,,0.0
2010-09-27,0.00023678884457156713,0.0,,,,0.0
2010-09-28,0.008917276219480907,0.0,,,,0.0
2010-09-29,0.0007821546759059217,0.0,,,,0.0
2010-09-30,-0.0003125696528855082,0.0,,,,0.0
2010-10-01,0.00781799680532913,0.0,,,,0.0
2010-10-04,-0.0034907837674234,0.0,,,,0.0
2010-10-05,0.01969483611294076,0.0,,,,0.0
2010-10-06,0.0062599590124643445,0.0,,,,0.0
2010-10-07,-0.01092483474757766,0.0,,,,0.0
2010-10-08,0.009894980388411412,0.0,,,,0.0
2010-10-11,0.004784973465747688,0.0,,,,0.0
2010-10-12,-0.0024944182403267012,0.0,,,,0.0
2010-10-13,0.01598969765837266,0.0,,,,0.0
2010-10-14,0.00507192241838883,0.0,,,,0.0
2010-10-15,-0.007940685151901716,0.0,,,,0.0
2010-10-18,0.004488376244684789,0.0,,,,0.0
2010-10-19,-0.03105449960421236,0.0,,,,0.0
2010-10-20,0.00929987478434402,0.0,,,,0.0
2010-10-21,-0.014087770334554661,0.0,,,,0.0
2010-10-22,0.002008144777821741,0.0,,,,0.0
2010-10-25,0.008633395612906769,0.0,,,,0.0
2010-10-26,0.00022926081694740752,0.0,,,,0.0
2010-10-27,-0.010391202319783521,0.0,,,,0.0
2010-10-28,0.013279811333891667,0.0,,,,0.0
2010-10-29,0.010515007362563056,0.0,,,,0.0
2010-11-01,-0.0052782157594233325,0.0,,,,0.0
2010-11-02,0.004320856065270329,0.0,,,,0.0
2010-11-03,-0.00694390618764662,0.0,,,,0.0
2010-11-04,0.03389823825188132,0.0,,,,0.0
2010-11-05,0.00257300673863492,0.0,,,,0.0
2010-11-08,0.010265389693213,0.0,,,,0.0
2010-11-09,-0.015894922781312437,0.0,,,,0.0
2010-11-10,0.012169106865093537,0.0,,,,0.0
2010-11-11,0.003060318800163886,0.0,,,,0.0
2010-11-12,-0.0288391770673464,0.0,,,,0.0
2010-11-15,-0.009499620384983976,0.0,,,,0.0
2010-11-16,-0.010949984657092626,0.0,,,,0.0
2010-11-17,-0.004504820435149881,0.0,,,,0.0
2010-11-18,0.013115442483800255,0.0,,,,0.0
2010-11-19,0.0008327701824608624,0.0,,,,0.0
2010-11-22,0.009682290535891758,0.0,,,,0.0
2010-11-23,0.006967395597379689,0.0,,,,0.0
2010-11-24,-0.0017112638945114833,0.0,,,,0.0
2010-11-26,-0.007974304097743579,0.0,,,,0.0
2010-11-29,0.0030049875640467683,0.0,,,,0.0
2010-11-30,0.014306072509137735,0.0,,,,0.0
2010-12-01,-0.00029532777044438685,0.0,,,,0.0
2010-12-02,-0.0013296493431664835,0.0,,,,0.0
2010-12-03,0.021227887875435947,0.0,,,,0.0
2010-12-06,0.007532362069704757,0.0,,,,0.0
2010-12-07,-0.018762134993171364,0.0,,,,0.0
2010-12-08,-0.012527521713312728,0.0,,,,0.0
2010-12-09,0.004303003634872571,0.0,,,,0.0
2010-12-10,0.0002955495779344286,0.0,,,,0.0
2010-12-13,0.004726381894541776,0.0,,,,0.0
2010-12-14,0.0009554547674208713,0.0,,,,0.0
2010-12-15,-0.010867938075622141,0.0,,,,0.0
2010-12-16,-0.006607271045376617,0.0,,,,0.0
2010-12-17,0.002914575867006164,0.0,,,,0.0
2010-12-20,0.006780951436685445,0.0,,,,0.0
2010-12-21,0.0015543387826104649,0.0,,,,0.0
2010-12-22,-0.0019953019350200663,0.0,,,,0.0
2010-12-23,-0.0028878147414700406,0.0,,,,0.0
2010-12-27,0.0026734041330853664,0.0,,,,0.0
2010-12-28,0.01629385926993998,0.0,,,,0.0
2010-12-29,0.0035709480309356056,0.0,,,,0.0
2010-12-30,-0.004937970382814849,0.0,,,,0.0
2010-12-31,0.012333083678473855,0.0,,,,0.0
2011-01-03,-0.005190320172774543,0.0,,,,0.0
2011-01-04,-0.023550724637681153,0.0,,,,0.0
2011-01-05,-0.0028200733418367596,0.0,,,,0.0
2011-01-06,-0.004018704366714254,0.0,,,,0.0
2011-01-07,-0.0018680415196855593,0.0,,,,0.0
2011-01-10,0.004042471019095828,0.0,,,,0.0
2011-01-11,0.0058903114649804245,0.0,,,,0.0
2011-01-12,0.004076814445393762,0.0,,,,0.0
2011-01-13,-0.010409003338437195,0.0,,,,0.0
2011-01-14,-0.010145472431108082,0.0,,,,0.0
2011-01-18,0.00557683488401306,0.0,,,,0.0
2011-01-19,0.0021734884271975563,0.0,,,,0.0
2011-01-20,-0.01884538026814475,0.0,,,,0.0
2011-01-21,-0.001295717781246375,0.0,,,,0.0
2011-01-24,-0.005113318897864261,0.0,,,,0.0
2011-01-25,-0.0019944346856293205,0.0,,,,0.0
2011-01-26,0.00814755963770164,0.0,,,,0.0
2011-01-27,-0.024626435397597568,0.0,,,,0.0
2011-01-28,0.01836940880571558,0.0,,,,0.0
2011-01-31,-0.003147095992869553,0.0,,,,0.0
2011-02-01,0.007161068526499337,0.0,,,,0.0
2011-02-02,-0.002675887579124292,0.0,,,,0.0
2011-02-03,0.013415101885317249,0.0,,,,0.0
2011-02-04,-0.004084669429638699,0.0,,,,0.0
2011-02-07,0.00015182297672700074,0.0,,,,0.0
2011-02-08,0.011087536414601473,0.0,,,,0.0
2011-02-09,-0.0005257027621342614,0.0,,,,0.0
2011-02-10,-0.0016532742811616874,0.0,,,,0.0
2011-02-11,-0.003989452427152318,0.0,,,,0.0
2011-02-14,0.004761106326723441,0.0,,,,0.0
2011-02-15,0.007672089476301602,0.0,,,,0.0
2011-02-16,0.0009704029381796264,0.0,,,,0.0
2011-02-17,0.007009598358195257,0.0,,,,0.0
2011-02-18,0.002740005882498453,0.0,,,,0.0
2011-02-22,0.006498704676349387,0.0,,,,0.0
2011-02-23,0.008951509874549624,0.0,,,,0.0
2011-02-24,-0.0074903557591639025,0.0,,,,0.0
2011-02-25,0.006594440089741527,0.0,,,,0.0
2011-02-28,0.0020381334207675295,0.0,,,,0.0
2011-03-01,0.01721629416053716,0.0,,,,0.0
2011-03-02,-0.0007855503200063785,0.0,,,,0.0
2011-03-03,-0.013078915487442111,0.0,,,,0.0
2011-03-04,0.009124554993410916,0.0,,,,0.0
2011-03-07,0.0026551496302960054,0.0,,,,0.0
2011-03-08,-0.0025765860807780427,0.0,,,,0.0
2011-03-09,0.0003588049048421915,0.0,,,,0.0
2011-03-10,-0.011763857302689251,0.0,,,,0.0
2011-03-11,0.0032662911685206186,0.0,,,,0.0
2011-03-14,0.0046302950658096975,0.0,,,,0.0
2011-03-15,-0.01865185313629869,0.0,,,,0.0
2011-03-16,-0.00022014220559418707,0.0,,,,0.0
2011-03-17,0.005358159851040822,0.0,,,,0.0
2011-03-18,0.010221171672682772,0.0,,,,0.0
2011-03-21,0.005564821129095288,0.0,,,,0.0
2011-03-22,-0.0006468042136366092,0.0,,,,0.0
2011-03-23,0.009277189916009121,0.0,,,,0.0
2011-03-24,-0.007980583913447803,0.0,,,,0.0
2011-03-25,0.00028726681354784844,0.0,,,,0.0
2011-03-28,-0.005170194234553005,0.0,,,,0.0
2011-03-29,-0.0023818867349306716,0.0,,,,0.0
2011-03-30,0.0033282065894868484,0.0,,,,0.0
2011-03-31,0.008581542201770542,0.0,,,,0.0
2011-04-01,-0.004719030882519015,0.0,,,,0.0
2011-04-04,0.004597696865513701,0.0,,,,0.0
2011-04-05,0.015803824168639347,0.0,,,,0.0
2011-04-06,0.002323138500281763,0.0,,,,0.0
2011-04-07,0.0009129766790669791,0.0,,,,0.0
2011-04-08,0.008069673704311775,0.0,,,,0.0
2011-04-11,-0.007100127011412383,0.0,,,,0.0
2011-04-12,-0.007220967356311059,0.0,,,,0.0
2011-04-13,0.0020478305549249676,0.0,,,,0.0
2011-04-14,0.013460209614263308,0.0,,,,0.0
2011-04-15,0.008622526348759818,0.0,,,,0.0
2011-04-18,0.006066801830465485,0.0,,,,0.0
2011-04-19,0.0,0.0,,,,0.0
2011-04-20,0.0039060327062796496,0.0,,,,0.0
2011-04-21,0.0016382627519730963,0.0,,,,0.0
2011-04-25,0.0008858499329242875,0.0,,,,0.0
2011-04-26,-0.0033362174076743134,0.0,,,,0.0
2011-04-27,0.0192648720546722,0.0,,,,0.0
2011-04-28,0.00415556560762953,0.0,,,,0.0
2011-04-29,0.01702034219935955,0.0,,,,0.0
2011-05-02,-0.012863368890775995,0.0,,,,0.0
2011-05-03,-0.003523693679893136,0.0,,,,0.0
2011-05-04,-0.01434486979737204,0.0,,,,0.0
2011-05-05,-0.028836354362946848,0.0,,,,0.0
2011-05-06,0.012755292503549676,0.0,,,,0.0
2011-05-09,0.01431522221175574,0.0,,,,0.0
2011-05-10,0.00352821954433602,0.0,,,,0.0
2011-05-11,-0.009195406805110662,0.0,,,,0.0
2011-05-12,0.00034122460794838716,0.0,,,,0.0
2011-05-13,-0.006548819694799257,0.0,,,,0.0
2011-05-16,-0.0017854134237942354,0.0,,,,0.0
2011-05-17,-0.004333697772470724,0.0,,,,0.0
2011-05-18,0.0059416925363608986,0.0,,,,0.0
2011-05-19,0.0003433227395142069,0.0,,,,0.0
2011-05-20,0.012633104523076089,0.0,,,,0.0
2011-05-23,0.002305216117890696,0.0,,,,0.0
2011-05-24,0.005141003161891922,0.0,,,,0.0
2011-05-25,-6.726231295683949e-05,0.0,,,,0.0
2011-05-26,-0.0024229412162809494,0.0,,,,0.0
2011-05-27,0.009985128291392531,0.0,,,,0.0
2011-05-31,-0.0004007853027178099,0.0,,,,0.0
2011-06-01,0.001804358951899454,0.0,,,,0.0
2011-06-02,-0.002734998679831291,0.0,,,,0.0
2011-06-03,0.004816061676943928,0.0,,,,0.0
2011-06-06,0.0017307582527172904,0.0,,,,0.0
2011-06-07,-0.0003987078701302993,0.0,,,,0.0
2011-06-08,-0.0040553159006586625,0.0,,,,0.0
2011-06-09,0.005006341447316709,0.0,,,,0.0
2011-06-10,-0.008767216304689351,0.0,,,,0.0
2011-06-13,-0.009849914008281502,0.0,,,,0.0
2011-06-14,0.0060905046387151884,0.0,,,,0.0
2011-06-15,0.0030268174734946474,0.0,,,,0.0
2011-06-16,-0.0010058603902615149,0.0,,,,0.0
2011-06-17,0.006511386270756869,0.0,,,,0.0
2011-06-20,0.000600215662433401,0.0,,,,0.0
2011-06-21,0.004865665090172611,0.0,,,,0.0
2011-06-22,0.0015256765369389136,0.0,,,,0.0
2011-06-23,-0.017550891177319783,0.0,,,,0.0
2011-06-24,-0.014021854404774547,0.0,,,,0.0
2011-06-27,-0.003623675640655799,0.0,,,,0.0
2011-06-28,0.0034996897040917574,0.0,,,,0.0
2011-06-29,0.006427702046695627,0.0,,,,0.0
2011-06-30,-0.008017344302908236,0.0,,,,0.0
2011-07-01,-0.007328817289169565,0.0,,,,0.0
2011-07-05,0.018629768463946483,0.0,,,,0.0
2011-07-06,0.008670315904364623,0.0,,,,0.0
2011-07-07,0.001611646151856716,0.0,,,,0.0
2011-07-08,0.007375166936172128,0.0,,,,0.0
2011-07-11,0.00891844484452986,0.0,,,,0.0
2011-07-12,0.007784207157971679,0.0,,,,0.0
2011-07-13,0.008967697053566592,0.0,,,,0.0
2011-07-14,0.0025950038800326425,0.0,,,,0.0
2011-07-15,0.004270762849635679,0.0,,,,0.0
2011-07-18,0.008827386616724331,0.0,,,,0.0
2011-07-19,-0.012199039233320219,0.0,,,,0.0
2011-07-20,0.008793486215885604,0.0,,,,0.0
2011-07-21,-0.007627242717723082,0.0,,,,0.0
2011-07-22,0.008331675197810862,0.0,,,,0.0
2011-07-25,0.007814509728797825,0.0,,,,0.0
2011-07-26,0.0027329855381899026,0.0,,,,0.0
2011-07-27,-0.0036762490673009074,0.0,,,,0.0
2011-07-28,0.0008270556701654996,0.0,,,,0.0
2011-07-29,0.006165687241006967,0.0,,,,0.0
2011-08-01,-0.003600935558821683,0.0,,,,0.0
2011-08-02,0.024093349114550966,0.0,,,,0.0
2011-08-03,-0.00018572795011984056,0.0,,,,0.0
2011-08-04,-0.00526352142301223,0.0,,,,0.0
2011-08-05,0.006909864383522146,0.0,,,,0.0
2011-08-08,0.03319935157457499,0.0,,,,0.0
2011-08-09,0.008915782292353791,0.0,,,,0.0
2011-08-10,0.035407159712308234,0.0,,,,0.0
2011-08-11,-0.021938376623234723,0.0,,,,0.0
2011-08-12,-0.004568074842148606,0.0,,,,0.0
2011-08-15,0.010766616567110976,0.0,,,,0.0
2011-08-16,0.012339901510646678,0.0,,,,0.0
2011-08-17,0.002874885034866992,0.0,,,,0.0
2011-08-18,0.01891986633643583,0.0,,,,0.0
2011-08-19,0.012547803917521527,0.0,,,,0.0
2011-08-22,0.025784937306684297,0.0,,,,0.0
2011-08-23,-0.03748847882459627,0.0,,,,0.0
2011-08-24,-0.033883065990334194,0.0,,,,0.0
2011-08-25,0.004136363175726965,0.0,,,,0.0
2011-08-26,0.02964725337814067,0.0,,,,0.0
2011-08-29,-0.020172433686990066,0.0,,,,0.0
2011-08-30,0.029961508609777754,0.0,,,,0.0
2011-08-31,-0.007705219630282367,0.0,,,,0.0
2011-09-01,0.0008439899586658584,0.0,,,,0.0
2011-09-02,0.030190647795535153,0.0,,,,0.0
2011-09-06,-0.0018555532988803192,0.0,,,,0.0
2011-09-07,-0.031820624711029866,0.0,,,,0.0
2011-09-08,0.026711066628809732,0.0,,,,0.0
2011-09-09,-0.006105278176431583,0.0,,,,0.0
2011-09-12,-0.022302151894618927,0.0,,,,0.0
2011-09-13,0.010584678420606952,0.0,,,,0.0
2011-09-14,-0.007449236150323779,0.0,,,,0.0
2011-09-15,-0.015856964679878405,0.0,,,,0.0
2011-09-16,0.009346358600104132,0.0,,,,0.0
2011-09-19,-0.015451918647760743,0.0,,,,0.0
2011-09-20,0.014251925771726182,0.0,,,,0.0
2011-09-21,-0.01245876923776712,0.0,,,,0.0
2011-09-22,-0.026153542150526787,0.0,,,,0.0
2011-09-23,-0.05471753820180614,0.0,,,,0.0
2011-09-26,-0.013892372830456634,0.0,,,,0.0
2011-09-27,0.01935526726943304,0.0,,,,0.0
2011-09-28,-0.027454420270526025,0.0,,,,0.0
2011-09-29,0.009473791550213662,0.0,,,,0.0
2011-09-30,0.0022828193869255387,0.0,,,,0.0
2011-10-03,0.018347521194908234,0.0,,,,0.0
2011-10-04,-0.02062628718772741,0.0,,,,0.0
2011-10-05,0.011545339579202452,0.0,,,,0.0
2011-10-06,0.006459292210774237,0.0,,,,0.0
2011-10-07,-0.00816258192126873,0.0,,,,0.0
2011-10-10,0.025694256721133568,0.0,,,,0.0
2011-10-11,-0.007166032573826864,0.0,,,,0.0
2011-10-12,0.007156004686264872,0.0,,,,0.0
2011-10-13,-0.005880138964710846,0.0,,,,0.0
2011-10-14,0.00677751585978581,0.0,,,,0.0
2011-10-17,-0.00477355451916972,0.0,,,,0.0
2011-10-18,-0.004796450637787775,0.0,,,,0.0
2011-10-19,-0.012172523883343,0.0,,,,0.0
2011-10-20,-0.013135615868301143,0.0,,,,0.0
2011-10-21,0.011092095788866496,0.0,,,,0.0
2011-10-24,0.009403209377038424,0.0,,,,0.0
2011-10-25,0.028381517477150453,0.0,,,,0.0
2011-10-26,0.010930597249971585,0.0,,,,0.0
2011-10-27,0.0128435438092247,0.0,,,,0.0
2011-10-28,0.0004128107588905472,0.0,,,,0.0
2011-10-31,-0.01344180429743358,0.0,,,,0.0
2011-11-01,0.00023908536989014628,0.0,,,,0.0
2011-11-02,0.010036997411712711,0.0,,,,0.0
2011-11-03,0.015734080802807693,0.0,,,,0.0
2011-11-04,-0.005066358671109827,0.0,,,,0.0
2011-11-07,0.024173189795036576,0.0,,,,0.0
2011-11-08,-0.008286644094448237,0.0,,,,0.0
2011-11-09,-0.00841348161901967,0.0,,,,0.0
2011-11-10,-0.005404823007986281,0.0,,,,0.0
2011-11-11,0.01647778038025005,0.0,,,,0.0
2011-11-14,-0.004368876387059961,0.0,,,,0.0
2011-11-15,0.000923808688964245,0.0,,,,0.0
2011-11-16,-0.010671470333423416,0.0,,,,0.0
2011-11-17,-0.025712719634799708,0.0,,,,0.0
2011-11-18,0.0031118431758150322,0.0,,,,0.0
2011-11-21,-0.024579377384584156,0.0,,,,0.0
2011-11-22,0.0110703214592891,0.0,,,,0.0
2011-11-23,-0.0029036097914703074,0.0,,,,0.0
2011-11-25,-0.00867565321048791,0.0,,,,0.0
2011-11-28,0.01976750983463549,0.0,,,,0.0
2011-11-29,0.0015003300286513532,0.0,,,,0.0
2011-11-30,0.019475071338128425,0.0,,,,0.0
2011-12-01,-0.0029389289699039978,0.0,,,,0.0
2011-12-02,0.0011200992509403651,0.0,,,,0.0
2011-12-05,-0.014721469156617206,0.0,,,,0.0
2011-12-06,0.00513976400859284,0.0,,,,0.0
2011-12-07,0.007254140051337954,0.0,,,,0.0
2011-12-08,-0.02018889192543405,0.0,,,,0.0
2011-12-09,0.002530414385808033,0.0,,,,0.0
2011-12-12,-0.026502335126668997,0.0,,,,0.0
2011-12-13,-0.021853252823497593,0.0,,,,0.0
2011-12-14,-0.03508991900081848,0.0,,,,0.0
2011-12-15,-0.0036627481249873473,0.0,,,,0.0
2011-12-16,0.019037575406193996,0.0,,,,0.0
2011-12-19,-0.0023191433373703774,0.0,,,,0.0
2011-12-20,0.013624334453907316,0.0,,,,0.0
2011-12-21,0.001146693460756243,0.0,,,,0.0
2011-12-22,-0.00712656114710053,0.0,,,,0.0
2011-12-23,0.0017303530125498678,0.0,,,,0.0
2011-12-27,-0.008956521773084813,0.0,,,,0.0
2011-12-28,-0.02504683229674176,0.0,,,,0.0
2011-12-29,-0.004568644951223,0.0,,,,0.0
2011-12-30,0.010975184218875667,0.0,,,,0.0
2012-01-03,0.025856915150634707,0.0,,,,0.0
2012-01-04,0.005066755734988382,0.0,,,,0.0
2012-01-05,0.006827847741614601,0.0,,,,0.0
2012-01-06,-0.0036760161968690808,0.0,,,,0.0
2012-01-09,-0.0044529068818790485,0.0,,,,0.0
2012-01-10,0.01367411750574088,0.0,,,,0.0
2012-01-11,0.006492680176876542,0.0,,,,0.0
2012-01-12,0.004446713358861265,0.0,,,,0.0
2012-01-13,-0.006983478874407978,0.0,,,,0.0
2012-01-17,0.007786045057981195,0.0,,,,0.0
2012-01-18,0.006853620582651931,0.0,,,,0.0
2012-01-19,-0.0023515152751236723,0.0,,,,0.0
2012-01-20,0.005272336540625755,0.0,,,,0.0
2012-01-23,0.006725466086455523,0.0,,,,0.0
2012-01-24,-0.007048352105060052,0.0,,,,0.0
2012-01-25,0.02722056546902296,0.0,,,,0.0
2012-01-26,0.005107595919167762,0.0,,,,0.0
2012-01-27,0.010163190678665446,0.0,,,,0.0
2012-01-30,-0.0055631321217690655,0.0,,,,0.0
2012-01-31,0.0076176801082890044,0.0,,,,0.0
2012-02-01,0.001476581439991298,0.0,,,,0.0
2012-02-02,0.00878748239335847,0.0,,,,0.0
2012-02-03,-0.019935712372232683,0.0,,,,0.0
2012-02-06,-0.0027440152442257393,0.0,,,,0.0
2012-02-07,0.015073599610379684,0.0,,,,0.0
2012-02-08,-0.0070712844420862675,0.0,,,,0.0
2012-02-09,-0.002848639332576064,0.0,,,,0.0
2012-02-10,-0.005237500657275795,0.0,,,,0.0
2012-02-13,0.0022136838491002564,0.0,,,,0.0
2012-02-14,-0.0023282156434702994,0.0,,,,0.0
2012-02-15,0.0059239200699465755,0.0,,,,0.0
2012-02-16,-0.0006543371004235077,0.0,,,,0.0
2012-02-17,-0.0038690112885975125,0.0,,,,0.0
2012-02-21,0.021930074903464325,0.0,,,,0.0
2012-02-22,0.01122674611729324,0.0,,,,0.0
2012-02-23,0.00046259876214471696,0.0,,,,0.0
2012-02-24,-0.004565995407547319,0.0,,,,0.0
2012-02-27,-0.003077273369589517,0.0,,,,0.0
2012-02-28,0.010425210114951122,0.0,,,,0.0
2012-02-29,-0.053029061708074865,0.0,,,,0.0
2012-03-01,0.014121415904973178,0.0,,,,0.0
2012-03-02,-0.001620576624883352,0.0,,,,0.0
2012-03-05,-0.004148145103987089,0.0,,,,0.0
2012-03-06,-0.0178086148924681,0.0,,,,0.0
2012-03-07,0.005716090670033314,0.0,,,,0.0
2012-03-08,0.010083687876597303,0.0,,,,0.0
2012-03-09,0.006655409678363311,0.0,,,,0.0
2012-03-12,-0.007873527588344698,0.0,,,,0.0
2012-03-13,-0.016780784815864758,0.0,,,,0.0
2012-03-14,-0.01682067576220847,0.0,,,,0.0
2012-03-15,0.00946289676961598,0.0,,,,0.0
2012-03-16,0.001365788541111801,0.0,,,,0.0
2012-03-19,0.0017978504689784014,0.0,,,,0.0
2012-03-20,-0.009035159899535072,0.0,,,,0.0
2012-03-21,0.0004996054993768873,0.0,,,,0.0
2012-03-22,-0.0039947529044891406,0.0,,,,0.0
2012-03-23,0.012282956477502438,0.0,,,,0.0
2012-03-26,0.0177675672560913,0.0,,,,0.0
2012-03-27,-0.007055890793102537,0.0,,,,0.0
2012-03-28,-0.010597959618425579,0.0,,,,0.0
2012-03-29,-0.0014240340248994343,0.0,,,,0.0
2012-03-30,0.0052083106662228484,0.0,,,,0.0
2012-04-02,0.005058027072021742,0.0,,,,0.0
2012-04-03,-0.01871856515317416,0.0,,,,0.0
2012-04-04,-0.01676147780356274,0.0,,,,0.0
2012-04-05,0.006996951833534437,0.0,,,,0.0
2012-04-09,0.006695708261895694,0.0,,,,0.0
2012-04-10,0.010855311785985977,0.0,,,,0.0
2012-04-11,-0.00018621215493686005,0.0,,,,0.0
2012-04-12,0.010119758799926215,0.0,,,,0.0
2012-04-13,-0.011370564716820963,0.0,,,,0.0
2012-04-16,-0.0024246153239028123,0.0,,,,0.0
2012-04-17,-0.0013087791666472892,0.0,,,,0.0
2012-04-18,-0.005865849868369688,0.0,,,,0.0
2012-04-19,0.0007532177454423472,0.0,,,,0.0
2012-04-20,0.0006899618353195525,0.0,,,,0.0
2012-04-23,-0.0029458817957397354,0.0,,,,0.0
2012-04-24,0.0014458773932806146,0.0,,,,0.0
2012-04-25,0.0020087386020055664,0.0,,,,0.0
2012-04-26,0.008833502726736775,0.0,,,,0.0
2012-04-27,0.0021735459614287134,0.0,,,,0.0
2012-04-30,0.003098277264045768,0.0,,,,0.0
2012-05-01,-0.003459337420944286,0.0,,,,0.0
2012-05-02,-0.004525235266453653,0.0,,,,0.0
2012-05-03,-0.010087771057537998,0.0,,,,0.0
2012-05-04,0.0031452475068289854,0.0,,,,0.0
2012-05-07,-0.0024455972073937904,0.0,,,,0.0
2012-05-08,-0.019361338921316418,0.0,,,,0.0
2012-05-09,-0.00980768448267233,0.0,,,,0.0
2012-05-10,0.0019421444253708842,0.0,,,,0.0
2012-05-11,-0.007818095757993637,0.0,,,,0.0
2012-05-14,-0.014521983348483536,0.0,,,,0.0
2012-05-15,-0.010506815031071648,0.0,,,,0.0
2012-05-16,-0.0018698996195085638,0.0,,,,0.0
2012-05-17,0.022347090779173184,0.0,,,,0.0
2012-05-18,0.011452879352412237,0.0,,,,0.0
2012-05-21,0.000646980541909592,0.0,,,,0.0
2012-05-22,-0.016618119410660492,0.0,,,,0.0
2012-05-23,-0.0030247679400885463,0.0,,,,0.0
2012-05-24,-0.001384985238363945,0.0,,,,0.0
2012-05-25,0.00838774838488221,0.0,,,,0.0
2012-05-29,-0.010872337457110914,0.0,,,,0.0
2012-05-30,0.005893254962718419,0.0,,,,0.0
2012-05-31,-0.0019090812845146132,0.0,,,,0.0
2012-06-01,0.038781196888100666,0.0,,,,0.0
2012-06-04,-0.0011428106398809756,0.0,,,,0.0
2012-06-05,-0.0011442151423203262,0.0,,,,0.0
2012-06-06,0.0004455092560180507,0.0,,,,0.0
2012-06-07,-0.01723813115026185,0.0,,,,0.0
2012-06-08,0.0014886454856897213,0.0,,,,0.0
2012-06-11,0.004071640277957922,0.0,,,,0.0
2012-06-12,0.007080368815616023,0.0,,,,0.0
2012-06-13,0.004218256263578635,0.0,,,,0.0
2012-06-14,0.004009705335992431,0.0,,,,0.0
2012-06-15,0.0005704997647584253,0.0,,,,0.0
2012-06-18,0.0005701744803514597,0.0,,,,0.0
2012-06-19,-0.004875508449193711,0.0,,,,0.0
2012-06-20,-0.0075719166052243825,0.0,,,,0.0
2012-06-21,-0.025325363321968553,0.0,,,,0.0
2012-06-22,0.004078378501268132,0.0,,,,0.0
2012-06-25,0.00733749424571517,0.0,,,,0.0
2012-06-26,-0.007414148220444616,0.0,,,,0.0
2012-06-27,0.001376010487393442,0.0,,,,0.0
2012-06-28,-0.011646919832302038,0.0,,,,0.0
2012-06-29,0.027408138404537707,0.0,,,,0.0
2012-07-02,-0.0006444107348563266,0.0,,,,0.0
2012-07-03,0.015281516744723334,0.0,,,,0.0
2012-07-05,-0.011304546946454441,0.0,,,,0.0
2012-07-06,-0.012654072807009586,0.0,,,,0.0
2012-07-09,0.002146812555150701,0.0,,,,0.0
2012-07-10,-0.012269536951600046,0.0,,,,0.0
2012-07-11,0.005520944005105832,0.0,,,,0.0
2012-07-12,-0.00261460971900751,0.0,,,,0.0
2012-07-13,0.010157959820154439,0.0,,,,0.0
2012-07-16,0.00045418012518472217,0.0,,,,0.0
2012-07-17,-0.0047986866023365105,0.0,,,,0.0
2012-07-18,-0.002736679257213992,0.0,,,,0.0
2012-07-19,0.0021561700390366756,0.0,,,,0.0
2012-07-20,0.0018906850756352789,0.0,,,,0.0
2012-07-23,-0.0041647647379081665,0.0,,,,0.0
2012-07-24,0.003202022460124132,0.0,,,,0.0
2012-07-25,0.014004649795792412,0.0,,,,0.0
2012-07-26,0.007066269136341896,0.0,,,,0.0
2012-07-27,0.004911583802304831,0.0,,,,0.0
2012-07-30,-0.0006982392728160924,0.0,,,,0.0
2012-07-31,-0.00597082656640302,0.0,,,,0.0
2012-08-01,-0.008626788012826792,0.0,,,,0.0
2012-08-02,-0.006510213425354183,0.0,,,,0.0
2012-08-03,0.009212989839486152,0.0,,,,0.0
2012-08-06,0.004821600676860438,0.0,,,,0.0
2012-08-07,-0.0001279863856068486,0.0,,,,0.0
2012-08-08,0.0012797347696722472,0.0,,,,0.0
2012-08-09,0.003259264951112506,0.0,,,,0.0
2012-08-10,0.0012101864830207365,0.0,,,,0.0
2012-08-13,-0.0075708565852385945,0.0,,,,0.0
2012-08-14,-0.00551317764002035,0.0,,,,0.0
2012-08-15,0.003223103102315328,0.0,,,,0.0
2012-08-16,0.0059756643744985904,0.0,,,,0.0
2012-08-17,0.001021995813774046,0.0,,,,0.0
2012-08-20,0.003445592661605268,0.0,,,,0.0
2012-08-21,0.009983513792826137,0.0,,,,0.0
2012-08-22,0.010766174119276384,0.0,,,,0.0
2012-08-23,0.008409157592958794,0.0,,,,0.0
2012-08-24,0.000494174015419846,0.0,,,,0.0
2012-08-27,-0.003766133270076133,0.0,,,,0.0
2012-08-28,0.0017352428001844444,0.0,,,,0.0
2012-08-29,-0.006495935756759552,0.0,,,,0.0
2012-08-30,-0.0004358432469381279,0.0,,,,0.0
2012-08-31,0.02305006759133854,0.0,,,,0.0
2012-09-04,0.001583208530649749,0.0,,,,0.0
2012-09-05,-0.0010335492057460538,0.0,,,,0.0
2012-09-06,0.0035299241657396063,0.0,,,,0.0
2012-09-07,0.021529523105697113,0.0,,,,0.0
2012-09-10,-0.006827411176709486,0.0,,,,0.0
2012-09-11,0.003646366398665668,0.0,,,,0.0
2012-09-12,0.00011914397372314589,0.0,,,,0.0
2012-09-13,0.02018818143529133,0.0,,,,0.0
2012-09-14,0.002860343822002953,0.0,,,,0.0
2012-09-17,-0.008149063622843289,0.0,,,,0.0
2012-09-18,0.007746522133214695,0.0,,,,0.0
2012-09-19,0.00011649354949172519,0.0,,,,0.0
2012-09-20,-0.0015721687657199723,0.0,,,,0.0
2012-09-21,0.0028576747517099488,0.0,,,,0.0
2012-09-24,-0.005291949445103139,0.0,,,,0.0
2012-09-25,-0.0016369410950092256,0.0,,,,0.0
2012-09-26,-0.005621635473730624,0.0,,,,0.0
2012-09-27,0.014898997795603108,0.0,,,,0.0
2012-09-28,-0.0026110999060248163,0.0,,,,0.0
2012-10-01,0.0023270341375569714,0.0,,,,0.0
2012-10-02,-0.0011027174532514117,0.0,,,,0.0
2012-10-03,0.0018012640766977839,0.0,,,,0.0
2012-10-04,0.006960135274945767,0.0,,,,0.0
2012-10-05,-0.005702468116373205,0.0,,,,0.0
2012-10-08,-0.0033020048751752906,0.0,,,,0.0
2012-10-09,-0.006160985410008202,0.0,,,,0.0
2012-10-10,-0.0008772977978495078,0.0,,,,0.0
2012-10-11,0.0028097108207538746,0.0,,,,0.0
2012-10-12,-0.007354714637855864,0.0,,,,0.0
2012-10-15,-0.010055224506803517,0.0,,,,0.0
2012-10-16,0.006355758993983995,0.0,,,,0.0
2012-10-17,0.000708270089035512,0.0,,,,0.0
2012-10-18,-0.004423734987025862,0.0,,,,0.0
2012-10-19,-0.010782582723043554,0.0,,,,0.0
2012-10-22,0.003653354530106512,0.0,,,,0.0
2012-10-23,-0.012829747772893363,0.0,,,,0.0
2012-10-24,-0.0034455182897020764,0.0,,,,0.0
2012-10-25,0.007036295388904268,0.0,,,,0.0
2012-10-26,-0.0005421731981886113,0.0,,,,0.0
2012-10-31,0.005424029379860196,0.0,,,,0.0
2012-11-01,-0.0045555025984209685,0.0,,,,0.0
2012-11-02,-0.020894809825163896,0.0,,,,0.0
2012-11-05,0.0038744747870573804,0.0,,,,0.0
2012-11-06,0.018807862553296584,0.0,,,,0.0
2012-11-07,0.0011425281895340866,0.0,,,,0.0
2012-11-08,0.009009549825869767,0.0,,,,0.0
2012-11-09,-0.0010119540650425085,0.0,,,,0.0
2012-11-12,-0.0022048049089982147,0.0,,,,0.0
2012-11-13,-0.0020901215354142133,0.0,,,,0.0
2012-11-14,0.00023933743071213875,0.0,,,,0.0
2012-11-15,-0.006282176951012075,0.0,,,,0.0
2012-11-16,-0.0012643233169258306,0.0,,,,0.0
2012-11-19,0.011996564840836887,0.0,,,,0.0
2012-11-20,-0.0028593300857844284,0.0,,,,0.0
2012-11-21,0.0010155813941403746,0.0,,,,0.0
2012-11-23,0.012234441881278757,0.0,,,,0.0
2012-11-26,-0.0010613049579774048,0.0,,,,0.0
2012-11-27,-0.004249459912872733,0.0,,,,0.0
2012-11-28,-0.012803055990465051,0.0,,,,0.0
2012-11-29,0.003782585484718659,0.0,,,,0.0
2012-11-30,-0.00675911995172096,0.0,,,,0.0
2012-12-03,0.000481793613877457,0.0,,,,0.0
2012-12-04,-0.010293184034235181,0.0,,,,0.0
2012-12-05,-0.0018246141290523266,0.0,,,,0.0
2012-12-06,0.00231540881134662,0.0,,,,0.0
2012-12-07,0.004012180316774305,0.0,,,,0.0
2012-12-10,0.0038750264922358113,0.0,,,,0.0
2012-12-11,-0.0009047596653337653,0.0,,,,0.0
2012-12-12,0.0007244816202742754,0.0,,,,0.0
2012-12-13,-0.008445491459192933,0.0,,,,0.0
2012-12-14,-0.0014600610908572786,0.0,,,,0.0
2012-12-17,0.001888731794135401,0.0,,,,0.0
2012-12-18,-0.014351742734815875,0.0,,,,0.0
2012-12-19,-0.002406215358110364,0.0,,,,0.0
2012-12-20,-0.012122003118760882,0.0,,,,0.0
2012-12-21,0.003756377133691924,0.0,,,,0.0
2012-12-24,0.0018087275171267958,0.0,,,,0.0
2012-12-26,0.0009961627877814738,0.0,,,,0.0
2012-12-27,0.002363508432004169,0.0,,,,0.0
2012-12-28,-0.0038471727592938043,0.0,,,,0.0
2012-12-31,0.009218955078005298,0.0,,,,0.0
2013-01-02,0.007097851290946089,0.0,,,,0.0
2013-01-03,-0.012073305404241008,0.0,,,,0.0
2013-01-04,-0.004714606211065564,0.0,,,,0.0
2013-01-07,-0.006295249004336423,0.0,,,,0.0
2013-01-08,0.007087781062064646,0.0,,,,0.0
2013-01-09,-0.0004359246792099425,0.0,,,,0.0
2013-01-10,0.00928400637657445,0.0,,,,0.0
2013-01-11,-0.0056797023904903154,0.0,,,,0.0
2013-01-14,0.002980229323326755,0.0,,,,0.0
2013-01-15,0.006314252289550515,0.0,,,,0.0
2013-01-16,0.0005536192128581252,0.0,,,,0.0
2013-01-17,0.00430379485582244,0.0,,,,0.0
2013-01-18,-0.0015917340429129068,0.0,,,,0.0
2013-01-22,0.003556329904214506,0.0,,,,0.0
2013-01-23,-0.00281048121356553,0.0,,,,0.0
2013-01-24,-0.01096751713306432,0.0,,,,0.0
2013-01-25,-0.004770191309598659,0.0,,,,0.0
2013-01-28,-0.0022409002429438774,0.0,,,,0.0
2013-01-29,0.004367160997889918,0.0,,,,0.0
2013-01-30,0.0074538599123976645,0.0,,,,0.0
2013-01-31,-0.006103985931695921,0.0,,,,0.0
2013-02-01,0.0015508685157126223,0.0,,,,0.0
2013-02-04,0.0034066464054138823,0.0,,,,0.0
2013-02-05,-0.00024687213662233365,0.0,,,,0.0
2013-02-06,0.0026549312049666263,0.0,,,,0.0
2013-02-07,-0.003386926866340456,0.0,,,,0.0
2013-02-08,-0.0016682465384403322,0.0,,,,0.0
2013-02-11,-0.011573994499016527,0.0,,,,0.0
2013-02-12,0.0011897460553353945,0.0,,,,0.0
2013-02-13,-0.005253588974277079,0.0,,,,0.0
2013-02-14,-0.004401112447727451,0.0,,,,0.0
2013-02-15,-0.016356245638453393,0.0,,,,0.0
2013-02-19,-0.0027606104965699485,0.0,,,,0.0
2013-02-20,-0.025043451643549264,0.0,,,,0.0
2013-02-21,0.0077918162754770925,0.0,,,,0.0
2013-02-22,0.002293317486000923,0.0,,,,0.0
2013-02-25,0.008955972453781325,0.0,,,,0.0
2013-02-26,0.012180931238955583,0.0,,,,0.0
2013-02-27,-0.01056198875682579,0.0,,,,0.0
2013-02-28,-0.010157257228600503,0.0,,,,0.0
2013-03-01,-0.003660114762050637,0.0,,,,0.0
2013-03-04,-0.0009183901036885489,0.0,,,,0.0
2013-03-05,0.0005252910666555533,0.0,,,,0.0
2013-03-06,0.0055780996028989005,0.0,,,,0.0
2013-03-07,-0.0035240703595200706,0.0,,,,0.0
2013-03-08,0.00013101232655099437,0.0,,,,0.0
2013-03-11,0.0018335326238412275,0.0,,,,0.0
2013-03-12,0.00784362968269714,0.0,,,,0.0
2013-03-13,-0.0034373096238732304,0.0,,,,0.0
2013-03-14,0.0001300859898183404,0.0,,,,0.0
2013-03-15,0.0020822965868685372,0.0,,,,0.0
2013-03-18,0.008961070667613535,0.0,,,,0.0
2013-03-19,0.00450506452725441,0.0,,,,0.0
2013-03-20,-0.004548992218975756,0.0,,,,0.0
2013-03-21,0.005663930684613572,0.0,,,,0.0
2013-03-22,-0.004479980468749978,0.0,,,,0.0
2013-03-25,-0.0019929125844543316,0.0,,,,0.0
2013-03-26,-0.003349679554628948,0.0,,,,0.0
2013-03-27,0.004136500676053423,0.0,,,,0.0
2013-03-28,-0.0058573870914927495,0.0,,,,0.0
2013-04-01,0.001424417125607702,0.0,,,,0.0
2013-04-02,-0.014482482185829704,0.0,,,,0.0
2013-04-03,-0.011152640752650878,0.0,,,,0.0
2013-04-04,-0.0029191431956356872,0.0,,,,0.0
2013-04-05,0.016767611850665,0.0,,,,0.0
2013-04-08,-0.004253608447543744,0.0,,,,0.0
2013-04-09,0.007754946420753139,0.0,,,,0.0
2013-04-10,-0.016890546496319603,0.0,,,,0.0
2013-04-11,0.001990069995076782,0.0,,,,0.0
2013-04-12,-0.04700434266845255,0.0,,,,0.0
2013-04-15,-0.0878082643808128,0.0,,,,0.0
2013-04-16,0.011347235708379255,0.0,,,,0.0
2013-04-17,0.0005270486733528479,0.0,,,,0.0
2013-04-18,0.010762459449999096,0.0,,,,0.0
2013-04-19,0.008711825334020373,0.0,,,,0.0
2013-04-22,0.01793749652236576,0.0,,,,0.0
2013-04-23,-0.007396584908027859,0.0,,,,0.0
2013-04-24,0.010885375374223738,0.0,,,,0.0
2013-04-25,0.023560091643163306,0.0,,,,0.0
2013-04-26,-0.005083677157950217,0.0,,,,0.0
2013-04-29,0.009864447899536888,0.0,,,,0.0
2013-04-30,0.003302889744367654,0.0,,,,0.0
2013-05-01,-0.011627117828906464,0.0,,,,0.0
2013-05-02,0.005740185352492544,0.0,,,,0.0
2013-05-03,0.0011978450615743874,0.0,,,,0.0
2013-05-06,0.0004222504056590193,0.0,,,,0.0
2013-05-07,-0.012451558843968757,0.0,,,,0.0
2013-05-08,0.014816938016144476,0.0,,,,0.0
2013-05-09,-0.011582262231585427,0.0,,,,0.0
2013-05-10,-0.008593079156717032,0.0,,,,0.0
2013-05-13,-0.00838118464598625,0.0,,,,0.0
2013-05-14,-0.004478762912597967,0.0,,,,0.0
2013-05-15,-0.02307519579215711,0.0,,,,0.0
2013-05-16,-0.004011056416375558,0.0,,,,0.0
2013-05-17,-0.02252210527369891,0.0,,,,0.0
2013-05-20,0.030899424480465454,0.0,,,,0.0
2013-05-21,-0.01657778504530205,0.0,,,,0.0
2013-05-22,-0.007074069889109635,0.0,,,,0.0
2013-05-23,0.02023645687084974,0.0,,,,0.0
2013-05-24,-0.006314583609401292,0.0,,,,0.0
2013-05-28,-0.002018458618119001,0.0,,,,0.0
2013-05-29,0.010038177262336356,0.0,,,,0.0
2013-05-30,0.013869280514663629,0.0,,,,0.0
2013-05-31,-0.020336494816085793,0.0,,,,0.0
2013-06-03,0.01933987733947884,0.0,,,,0.0
2013-06-04,-0.009376593881796569,0.0,,,,0.0
2013-06-05,0.002144557820634496,0.0,,,,0.0
2013-06-06,0.007452733729297778,0.0,,,,0.0
2013-06-07,-0.023804292309807185,0.0,,,,0.0
2013-06-10,0.0049520083144831695,0.0,,,,0.0
2013-06-11,-0.005151578533889478,0.0,,,,0.0
2013-06-12,0.007504690431519689,0.0,,,,0.0
2013-06-13,-0.0037988417641410255,0.0,,,,0.0
2013-06-14,0.005159168194085684,0.0,,,,0.0
2013-06-17,-0.004909532390677707,0.0,,,,0.0
2013-06-18,-0.012259844040283574,0.0,,,,0.0
2013-06-19,-0.011655252312203657,0.0,,,,0.0
2013-06-20,-0.053526288841325154,0.0,,,,0.0
2013-06-21,0.011731428766484253,0.0,,,,0.0
2013-06-24,-0.008956439178321896,0.0,,,,0.0
2013-06-25,-0.003711765378358045,0.0,,,,0.0
2013-06-26,-0.04203452166594779,0.0,,,,0.0
2013-06-27,-0.019783533666219544,0.0,,,,0.0
2013-06-28,0.02734171211137726,0.0,,,,0.0
2013-07-01,0.016959085154188536,0.0,,,,0.0
2013-07-02,-0.00891599295095069,0.0,,,,0.0
2013-07-03,0.005747561803178369,0.0,,,,0.0
2013-07-05,-0.021948000437012505,0.0,,,,0.0
2013-07-08,0.01202477637713506,0.0,,,,0.0
2013-07-09,0.009287930637690511,0.0,,,,0.0
2013-07-10,0.0027358165656277134,0.0,,,,0.0
2013-07-11,0.027201331116488037,0.0,,,,0.0
2013-07-12,-0.0008853880573321815,0.0,,,,0.0
2013-07-15,0.0004028281065351358,0.0,,,,0.0
2013-07-16,0.0057174994582687155,0.0,,,,0.0
2013-07-17,-0.01257106015291043,0.0,,,,0.0
2013-07-18,0.0055952192921973065,0.0,,,,0.0
2013-07-19,0.008870239941716207,0.0,,,,0.0
2013-07-22,0.029813729592696125,0.0,,,,0.0
2013-07-23,0.006752642042110235,0.0,,,,0.0
2013-07-24,-0.017192222970528803,0.0,,,,0.0
2013-07-25,0.009334756673011979,0.0,,,,0.0
2013-07-26,0.0008549048878288001,0.0,,,,0.0
2013-07-29,-0.002407187152758228,0.0,,,,0.0
2013-07-30,-0.0027244189319679535,0.0,,,,0.0
2013-07-31,-0.0012487983048118378,0.0,,,,0.0
2013-08-01,-0.010550160079556559,0.0,,,,0.0
2013-08-02,-0.001974567560183438,0.0,,,,0.0
2013-08-05,-0.005223200846164788,0.0,,,,0.0
2013-08-06,-0.013762893950199584,0.0,,,,0.0
2013-08-07,0.0014519666322767577,0.0,,,,0.0
2013-08-08,0.02182842570410881,0.0,,,,0.0
2013-08-09,0.0,0.0,,,,0.0
2013-08-12,0.017893774724416334,0.0,,,,0.0
2013-08-13,-0.010764399957271187,0.0,,,,0.0
2013-08-14,0.009863802703161229,0.0,,,,0.0
2013-08-15,0.020852732103924465,0.0,,,,0.0
2013-08-16,0.006758291238125214,0.0,,,,0.0
2013-08-19,-0.004299346178506691,0.0,,,,0.0
2013-08-20,0.0033330994600069275,0.0,,,,0.0
2013-08-21,-0.002868928899801504,0.0,,,,0.0
2013-08-22,0.0056030150173187465,0.0,,,,0.0
2013-08-23,0.01573673952496346,0.0,,,,0.0
2013-08-26,0.004077116950649051,0.0,,,,0.0
2013-08-27,0.009597660251366102,0.0,,,,0.0
2013-08-28,-0.0002924554744629937,0.0,,,,0.0
2013-08-29,-0.0061444777662679195,0.0,,,,0.0
2013-08-30,-0.009199970890717113,0.0,,,,0.0
2013-09-03,0.013370993292570743,0.0,,,,0.0
2013-09-04,-0.012901294021836374,0.0,,,,0.0
2013-09-05,-0.01826828046165707,0.0,,,,0.0
2013-09-06,0.014750355470928067,0.0,,,,0.0
2013-09-09,-0.0017889694021170355,0.0,,,,0.0
2013-09-10,-0.016204899631104497,0.0,,,,0.0
2013-09-11,-0.00030369320824075174,0.0,,,,0.0
2013-09-12,-0.030599839579955712,0.0,,,,0.0
2013-09-13,0.0011749160180953844,0.0,,,,0.0
2013-09-16,-0.010718218978665095,0.0,,,,0.0
2013-09-17,0.00039543735045155515,0.0,,,,0.0
2013-09-18,0.04355726882874267,0.0,,,,0.0
2013-09-19,-0.0019695062317609535,0.0,,,,0.0
2013-09-20,-0.028766610364533873,0.0,,,,0.0
2013-09-23,-0.0032040953082860257,0.0,,,,0.0
2013-09-24,0.000862411663815621,0.0,,,,0.0
2013-09-25,0.0088515556290778,0.0,,,,0.0
2013-09-26,-0.007764519160924133,0.0,,,,0.0
2013-09-27,0.009233901688096902,0.0,,,,0.0
2013-09-30,-0.006125521729428818,0.0,,,,0.0
2013-10-01,-0.028007462498232272,0.0,,,,0.0
2013-10-02,0.019825036466045276,0.0,,,,0.0
2013-10-03,0.0009444573342345386,0.0,,,,0.0
2013-10-04,-0.005110878473967517,0.0,,,,0.0
2013-10-07,0.008772628001741278,0.0,,,,0.0
2013-10-08,-0.0018802715834939088,0.0,,,,0.0
2013-10-09,-0.010125595761985129,0.0,,,,0.0
2013-10-10,-0.014590468308459559,0.0,,,,0.0
2013-10-11,-0.013438466355977674,0.0,,,,0.0
2013-10-14,0.0018760469803933422,0.0,,,,0.0
2013-10-15,0.007327212508852821,0.0,,,,0.0
2013-10-16,-0.0015356214034694116,0.0,,,,0.0
2013-10-17,0.031406809330291274,0.0,,,,0.0
2013-10-18,-0.004473392740662718,0.0,,,,0.0
2013-10-21,0.0010248709844409287,0.0,,,,0.0
2013-10-22,0.01858554826403047,0.0,,,,0.0
2013-10-23,-0.00502546710134677,0.0,,,,0.0
2013-10-24,0.009402373394382657,0.0,,,,0.0
2013-10-25,0.004311107341768539,0.0,,,,0.0
2013-10-28,0.0007664482567892872,0.0,,,,0.0
2013-10-29,-0.006050806532669206,0.0,,,,0.0
2013-10-30,-0.0013099958645943488,0.0,,,,0.0
2013-10-31,-0.014351914754235806,0.0,,,,0.0
2013-11-01,-0.0061844444084760974,0.0,,,,0.0
2013-11-04,-0.0011027915952256384,0.0,,,,0.0
2013-11-05,-0.001971453393369016,0.0,,,,0.0
2013-11-06,0.005056885287565871,0.0,,,,0.0
2013-11-07,-0.008176048043114226,0.0,,,,0.0
2013-11-08,-0.014901750382376844,0.0,,,,0.0
2013-11-11,-0.0032989703632274603,0.0,,,,0.0
2013-11-12,-0.01146367778198043,0.0,,,,0.0
2013-11-13,0.003266651987325009,0.0,,,,0.0
2013-11-14,0.01155879679757943,0.0,,,,0.0
2013-11-15,0.000402374290726204,0.0,,,,0.0
2013-11-18,-0.011422121721614165,0.0,,,,0.0
2013-11-19,0.00040679757316963716,0.0,,,,0.0
2013-11-20,-0.02301744019441898,0.0,,,,0.0
2013-11-21,-0.001498504004828649,0.0,,,,0.0
2013-11-22,-0.00016678565994454608,0.0,,,,0.0
2013-11-25,0.004503009704574623,0.0,,,,0.0
2013-11-26,-0.005312961933526483,0.0,,,,0.0
2013-11-27,-0.0030045118616964794,0.0,,,,0.0
2013-11-29,0.010380025726374864,0.0,,,,0.0
2013-12-02,-0.02584917312405066,0.0,,,,0.0
2013-12-03,0.0032318187404347665,0.0,,,,0.0
2013-12-04,0.016954900097682968,0.0,,,,0.0
2013-12-05,-0.013837913015870562,0.0,,,,0.0
2013-12-06,0.0021132712895250982,0.0,,,,0.0
2013-12-09,0.009869237780065765,0.0,,,,0.0
2013-12-10,0.01754091590969642,0.0,,,,0.0
2013-12-11,-0.007880471900160724,0.0,,,,0.0
2013-12-12,-0.02126427007980758,0.0,,,,0.0
2013-12-13,0.009214610951512325,0.0,,,,0.0
2013-12-16,0.002596793391862917,0.0,,,,0.0
2013-12-17,-0.008689121015236556,0.0,,,,0.0
2013-12-18,-0.00876528362539053,0.0,,,,0.0
2013-12-19,-0.023722480240186083,0.0,,,,0.0
2013-12-20,0.00975442213515798,0.0,,,,0.0
2013-12-23,-0.0031913294703355133,0.0,,,,0.0
2013-12-24,0.004585954665539571,0.0,,,,0.0
2013-12-26,0.005512484048749489,0.0,,,,0.0
2013-12-27,0.0032551386822530226,0.0,,,,0.0
2013-12-30,-0.014771203179331227,0.0,,,,0.0
2013-12-31,0.006326400561529777,0.0,,,,0.0
2014-01-02,0.0161901240867246,0.0,,,,0.0
2014-01-03,0.010932211148536819,0.0,,,,0.0
2014-01-06,0.0017604081051298959,0.0,,,,0.0
2014-01-07,-0.0056903791228098966,0.0,,,,0.0
2014-01-08,-0.005891238428211154,0.0,,,,0.0
2014-01-09,0.0028783976463331307,0.0,,,,0.0
2014-01-10,0.015195028411862932,0.0,,,,0.0
2014-01-13,0.0063195949886565295,0.0,,,,0.0
2014-01-14,-0.009337277183627424,0.0,,,,0.0
2014-01-15,-0.0019183895963796882,0.0,,,,0.0
2014-01-16,0.0010863885127820883,0.0,,,,0.0
2014-01-17,0.009516648976840125,0.0,,,,0.0
2014-01-21,-0.0101712011397469,0.0,,,,0.0
2014-01-22,-0.00426060584660215,0.0,,,,0.0
2014-01-23,0.021813897314074238,0.0,,,,0.0
2014-01-24,0.00410542734412811,0.0,,,,0.0
2014-01-27,-0.010875801955168796,0.0,,,,0.0
2014-01-28,-8.268961893331817e-05,0.0,,,,0.0
2014-01-29,0.012567212160504493,0.0,,,,0.0
2014-01-30,-0.02204625255756343,0.0,,,,0.0
2014-01-31,0.002671785119756409,0.0,,,,0.0
2014-02-03,0.010242346527122859,0.0,,,,0.0
2014-02-04,-0.002720094229185621,0.0,,,,0.0
2014-02-05,0.0024795690309509233,0.0,,,,0.0
2014-02-06,-0.0004122602966475375,0.0,,,,0.0
2014-02-07,0.007670738383060538,0.0,,,,0.0
2014-02-10,0.0061389867499452855,0.0,,,,0.0
2014-02-11,0.011714956580352931,0.0,,,,0.0
2014-02-12,0.0005628794988796759,0.0,,,,0.0
2014-02-13,0.008518826295861315,0.0,,,,0.0
2014-02-14,0.01322817507664209,0.0,,,,0.0
2014-02-18,0.0019661816515914587,0.0,,,,0.0
2014-02-19,-0.00886973994723983,0.0,,,,0.0
2014-02-20,0.010532999654813135,0.0,,,,0.0
2014-02-21,-0.0001567135055292601,0.0,,,,0.0
2014-02-24,0.011051917556613278,0.0,,,,0.0
2014-02-25,0.001705567961347132,0.0,,,,0.0
2014-02-26,-0.008513319761305871,0.0,,,,0.0
2014-02-27,0.0007024926817724708,0.0,,,,0.0
2014-02-28,-0.004524135846074251,0.0,,,,0.0
2014-03-03,0.02092141108046075,0.0,,,,0.0
2014-03-04,-0.012357054979777349,0.0,,,,0.0
2014-03-05,0.0016320075055982208,0.0,,,,0.0
2014-03-06,0.009930939447266862,0.0,,,,0.0
2014-03-07,-0.008296856773808758,0.0,,,,0.0
2014-03-10,0.0003099275393667611,0.0,,,,0.0
2014-03-11,0.005653184387327759,0.0,,,,0.0
2014-03-12,0.014631094159512248,0.0,,,,0.0
2014-03-13,0.003415393334794903,0.0,,,,0.0
2014-03-14,0.006731709737936908,0.0,,,,0.0
2014-03-17,-0.010969246032428437,0.0,,,,0.0
2014-03-18,-0.007748437231769989,0.0,,,,0.0
2014-03-19,-0.019369153834579822,0.0,,,,0.0
2014-03-20,-0.0017955791561766743,0.0,,,,0.0
2014-03-21,0.0047708478604697735,0.0,,,,0.0
2014-03-24,-0.01782518014920287,0.0,,,,0.0
2014-03-25,0.001822819435546963,0.0,,,,0.0
2014-03-26,-0.007910766324103369,0.0,,,,0.0
2014-03-27,-0.006538611755630641,0.0,,,,0.0
2014-03-28,-0.00024077999982852205,0.0,,,,0.0
2014-03-31,-0.0076268221488628996,0.0,,,,0.0
2014-04-01,-0.0017798011456744423,0.0,,,,0.0
2014-04-02,0.007537080069503599,0.0,,,,0.0
2014-04-03,-0.003217515499202128,0.0,,,,0.0
2014-04-04,0.0133150544727203,0.0,,,,0.0
2014-04-07,-0.00525600091039935,0.0,,,,0.0
2014-04-08,0.009446742784294582,0.0,,,,0.0
2014-04-09,0.0018241205774742753,0.0,,,,0.0
2014-04-10,0.0054623372630875355,0.0,,,,0.0
2014-04-11,-0.0006298860696725139,0.0,,,,0.0
2014-04-14,0.0072480750550174555,0.0,,,,0.0
2014-04-15,-0.01845913678934663,0.0,,,,0.0
2014-04-16,0.0003984624480757315,0.0,,,,0.0
2014-04-17,-0.006292822285853816,0.0,,,,0.0
2014-04-21,-0.004088193476797342,0.0,,,,0.0
2014-04-22,-0.003702503963152415,0.0,,,,0.0
2014-04-23,-0.0001615498728680942,0.0,,,,0.0
2014-04-24,0.006464087011591069,0.0,,,,0.0
2014-04-25,0.0069846079289843654,0.0,,,,0.0
2014-04-28,-0.004384940209038013,0.0,,,,0.0
2014-04-29,-0.00016012686984467894,0.0,,,,0.0
2014-04-30,-0.005125735916385876,0.0,,,,0.0
2014-05-01,-0.003381083278200081,0.0,,,,0.0
2014-05-02,0.01017766135521958,0.0,,,,0.0
2014-05-05,0.009275577200982044,0.0,,,,0.0
2014-05-06,-0.001901424983746236,0.0,,,,0.0
2014-05-07,-0.014367400696601584,0.0,,,,0.0
2014-05-08,0.0,0.0,,,,0.0
2014-05-09,-0.0005637408058022375,0.0,,,,0.0
2014-05-12,0.006768766942896631,0.0,,,,0.0
2014-05-13,-0.002721337927335199,0.0,,,,0.0
2014-05-14,0.009711068212604923,0.0,,,,0.0
2014-05-15,-0.008266440948327514,0.0,,,,0.0
2014-05-16,-0.0021639548796237307,0.0,,,,0.0
2014-05-19,0.0006425849883910928,0.0,,,,0.0
2014-05-20,0.0008829716546379096,0.0,,,,0.0
2014-05-21,-0.0024059912253092675,0.0,,,,0.0
2014-05-22,0.0022509750033825604,0.0,,,,0.0
2014-05-23,-0.0012833563412588678,0.0,,,,0.0
2014-05-27,-0.02136377492949504,0.0,,,,0.0
2014-05-28,-0.005334440164288967,0.0,,,,0.0
2014-05-29,-0.0021451692523306587,0.0,,,,0.0
2014-05-30,-0.004216984669547674,0.0,,,,0.0
2014-06-02,-0.006061640414213421,0.0,,,,0.0
2014-06-03,0.002589851260583753,0.0,,,,0.0
2014-06-04,-0.002083159699607484,0.0,,,,0.0
2014-06-05,0.007515042667209704,0.0,,,,0.0
2014-06-06,-0.00041441281485321557,0.0,,,,0.0
2014-06-09,0.0003316550478809077,0.0,,,,0.0
2014-06-10,0.006133426062251646,0.0,,,,0.0
2014-06-11,0.00016479341429698202,0.0,,,,0.0
2014-06-12,0.010130925709896266,0.0,,,,0.0
2014-06-13,0.0026092604078342685,0.0,,,,0.0
2014-06-16,-0.00439167956691644,0.0,,,,0.0
2014-06-17,-0.001143599017664032,0.0,,,,0.0
2014-06-18,0.0031893964143092646,0.0,,,,0.0
2014-06-19,0.034808872064872265,0.0,,,,0.0
2014-06-20,-0.0034662236721584305,0.0,,,,0.0
2014-06-23,0.0027667863566884776,0.0,,,,0.0
2014-06-24,0.0010248709844409287,0.0,,,,0.0
2014-06-25,7.870929730446896e-05,0.0,,,,0.0
2014-06-26,-0.002047362085279003,0.0,,,,0.0
2014-06-27,-0.0005523529785370629,0.0,,,,0.0
2014-06-30,0.010895228044559557,0.0,,,,0.0
2014-07-01,-0.0026553917191390886,0.0,,,,0.0
2014-07-02,0.0,0.0,,,,0.0
2014-07-03,-0.0042286084497846765,0.0,,,,0.0
2014-07-07,-0.001101030316222662,0.0,,,,0.0
2014-07-08,0.0003936628332492642,0.0,,,,0.0
2014-07-09,0.0060596257567928635,0.0,,,,0.0
2014-07-10,0.005475570778272321,0.0,,,,0.0
2014-07-11,0.0018671659071103353,0.0,,,,0.0
2014-07-14,-0.02376143490914273,0.0,,,,0.0
2014-07-15,-0.009465498169358044,0.0,,,,0.0
2014-07-16,0.0035333047917720517,0.0,,,,0.0
2014-07-17,0.016964032139549223,0.0,,,,0.0
2014-07-18,-0.007553695114762116,0.0,,,,0.0
2014-07-21,0.0016649416399394656,0.0,,,,0.0
2014-07-22,-0.004749077817894021,0.0,,,,0.0
2014-07-23,-0.0009543114301425737,0.0,,,,0.0
2014-07-24,-0.010109888908559905,0.0,,,,0.0
2014-07-25,0.011580236904513708,0.0,,,,0.0
2014-07-28,-0.0016694417914320248,0.0,,,,0.0
2014-07-29,-0.003025998385664419,0.0,,,,0.0
2014-07-30,-0.0029552326374293614,0.0,,,,0.0
2014-07-31,-0.011535707925047989,0.0,,,,0.0
2014-08-01,0.008023323354133804,0.0,,,,0.0
2014-08-04,-0.003135547501692204,0.0,,,,0.0
2014-08-05,-0.0009677806214606344,0.0,,,,0.0
2014-08-06,0.014531326248904408,0.0,,,,0.0
2014-08-07,0.0040582648496965135,0.0,,,,0.0
2014-08-08,7.92687922512858e-05,0.0,,,,0.0
2014-08-11,-0.0018226749543046594,0.0,,,,0.0
2014-08-12,0.00023816115842256735,0.0,,,,0.0
2014-08-13,0.0016667917138923904,0.0,,,,0.0
2014-08-14,0.0008716371870964856,0.0,,,,0.0
2014-08-15,-0.006571088731714414,0.0,,,,0.0
2014-08-18,-0.004144120645117932,0.0,,,,0.0
2014-08-19,-0.002240707277115117,0.0,,,,0.0
2014-08-20,-0.003689437627099168,0.0,,,,0.0
2014-08-21,-0.010787344663637177,0.0,,,,0.0
2014-08-22,0.002522828734679683,0.0,,,,0.0
2014-08-25,-0.003652930990489689,0.0,,,,0.0
2014-08-26,0.004969860037219664,0.0,,,,0.0
2014-08-27,-0.00024320048372894476,0.0,,,,0.0
2014-08-28,0.0055141121217852085,0.0,,,,0.0
2014-08-29,-0.0011290273358744995,0.0,,,,0.0
2014-09-02,-0.01784271817844607,0.0,,,,0.0
2014-09-03,0.004110152024072278,0.0,,,,0.0
2014-09-04,-0.005485044294521457,0.0,,,,0.0
2014-09-05,0.004774400606131213,0.0,,,,0.0
2014-09-08,-0.010896233231708075,0.0,,,,0.0
2014-09-09,0.0011596072704027627,0.0,,,,0.0
2014-09-10,-0.0050467493711445766,0.0,,,,0.0
2014-09-11,-0.006569107778930827,0.0,,,,0.0
2014-09-12,-0.009123662477173111,0.0,,,,0.0
2014-09-15,0.002196335041923403,0.0,,,,0.0
2014-09-16,0.0016015040659451696,0.0,,,,0.0
2014-09-17,-0.010855852020951628,0.0,,,,0.0
2014-09-18,0.002041839900460918,0.0,,,,0.0
2014-09-19,-0.00585840081981337,0.0,,,,0.0
2014-09-22,-0.002049687174615289,0.0,,,,0.0
2014-09-23,0.006418485321299405,0.0,,,,0.0
2014-09-24,-0.004676831883499655,0.0,,,,0.0
2014-09-25,0.0029047102009922554,0.0,,,,0.0
2014-09-26,-0.0028111579586888036,0.0,,,,0.0
2014-09-29,-0.0002562684087009659,0.0,,,,0.0
2014-09-30,-0.007006747871292629,0.0,,,,0.0
2014-10-01,0.004818841433659182,0.0,,,,0.0
2014-10-02,-0.00025690485706331145,0.0,,,,0.0
2014-10-03,-0.018245650954213488,0.0,,,,0.0
2014-10-06,0.012389827775788786,0.0,,,,0.0
2014-10-07,0.0028441078559553468,0.0,,,,0.0
2014-10-08,0.009539365800353972,0.0,,,,0.0
2014-10-09,0.0014471624004321892,0.0,,,,0.0
2014-10-10,-0.0004250514452333043,0.0,,,,0.0
2014-10-13,0.007908838626913939,0.0,,,,0.0
2014-10-14,0.0005906150591197257,0.0,,,,0.0
2014-10-15,0.0033729786510761084,0.0,,,,0.0
2014-10-16,0.001932963787401043,0.0,,,,0.0
2014-10-17,-0.001929234646691591,0.0,,,,0.0
2014-10-20,0.006807338453066025,0.0,,,,0.0
2014-10-21,0.0018363404482848456,0.0,,,,0.0
2014-10-22,-0.005665725080780226,0.0,,,,0.0
2014-10-23,-0.006871122171836941,0.0,,,,0.0
2014-10-24,-0.0014343416618317617,0.0,,,,0.0
2014-10-27,-0.0024503668717051896,0.0,,,,0.0
2014-10-28,0.00033881853595230105,0.0,,,,0.0
2014-10-29,-0.0143098631147065,0.0,,,,0.0
2014-10-30,-0.010480209452138567,0.0,,,,0.0
2014-10-31,-0.021963701064975805,0.0,,,,0.0
2014-11-03,-0.004526913897145546,0.0,,,,0.0
2014-11-04,0.0006241613363515697,0.0,,,,0.0
2014-11-05,-0.021653896620413504,0.0,,,,0.0
2014-11-06,0.0008197134269072315,0.0,,,,0.0
2014-11-07,0.02812162399457141,0.0,,,,0.0
2014-11-10,-0.02221830671070646,0.0,,,,0.0
2014-11-11,0.014303837082656479,0.0,,,,0.0
2014-11-12,-0.004819715379460576,0.0,,,,0.0
2014-11-13,0.0015246472551149193,0.0,,,,0.0
2014-11-14,0.025073906131185764,0.0,,,,0.0
2014-11-17,-0.0036690675676288587,0.0,,,,0.0
2014-11-18,0.008768083938990978,0.0,,,,0.0
2014-11-19,-0.011907889702234109,0.0,,,,0.0
2014-11-20,0.010380016731246,0.0,,,,0.0
2014-11-21,0.0046143024245213216,0.0,,,,0.0
2014-11-24,-0.0024265428614084206,0.0,,,,0.0
2014-11-25,0.002345553311048576,0.0,,,,0.0
2014-11-26,-0.0019066874375581744,0.0,,,,0.0
2014-11-28,-0.02648491624493876,0.0,,,,0.0
2014-12-01,0.03987156539441128,0.0,,,,0.0
2014-12-02,-0.012352053686644049,0.0,,,,0.0
2014-12-03,0.010335265309313835,0.0,,,,0.0
2014-12-04,-0.003868344971663107,0.0,,,,0.0
2014-12-05,-0.012512918386347494,0.0,,,,0.0
2014-12-08,0.011797592156958414,0.0,,,,0.0
2014-12-09,0.020815371286221795,0.0,,,,0.0
2014-12-10,-0.00194604748441074,0.0,,,,0.0
2014-12-11,-0.0022888830549503414,0.0,,,,0.0
2014-12-12,-0.002379121195415723,0.0,,,,0.0
2014-12-15,-0.025721865073372374,0.0,,,,0.0
2014-12-16,0.004895511509587669,0.0,,,,0.0
2014-12-17,-0.005915618296901348,0.0,,,,0.0
2014-12-18,0.007701101852319869,0.0,,,,0.0
2014-12-19,-0.003300085781823392,0.0,,,,0.0
2014-12-22,-0.019342978620211615,0.0,,,,0.0
2014-12-23,0.0016880924643276618,0.0,,,,0.0
2014-12-24,0.00026608816627016196,0.0,,,,0.0
2014-12-26,0.018267316212737805,0.0,,,,0.0
2014-12-29,-0.010101921480555665,0.0,,,,0.0
2014-12-30,0.013460005313124634,0.0,,,,0.0
2014-12-31,-0.014062457987002785,0.0,,,,0.0
2015-01-02,0.004402183412038685,0.0,,,,0.0
2015-01-05,0.015077149308345472,0.0,,,,0.0
2015-01-06,0.011398960794795743,0.0,,,,0.0
2015-01-07,-0.005891414149803653,0.0,,,,0.0
2015-01-08,-0.00420851895976293,0.0,,,,0.0
2015-01-09,0.011385196369055883,0.0,,,,0.0
2015-01-12,0.011086435260788896,0.0,,,,0.0
2015-01-13,-0.003373767752371082,0.0,,,,0.0
2015-01-14,-0.0016080097792615655,0.0,,,,0.0
2015-01-15,0.025175902263040006,0.0,,,,0.0
2015-01-16,0.013064281211881523,0.0,,,,0.0
2015-01-20,0.013712049879254229,0.0,,,,0.0
2015-01-21,0.00024159749942587183,0.0,,,,0.0
2015-01-22,0.008049585228834255,0.0,,,,0.0
2015-01-23,-0.007985306821000182,0.0,,,,0.0
2015-01-26,-0.00998152990144674,0.0,,,,0.0
2015-01-27,0.011464376669647391,0.0,,,,0.0
2015-01-28,-0.00787784039319106,0.0,,,,0.0
2015-01-29,-0.021552390797103027,0.0,,,,0.0
2015-01-30,0.022275544587827323,0.0,,,,0.0
2015-02-02,-0.008343449208254805,0.0,,,,0.0
2015-02-03,-0.011190942147351168,0.0,,,,0.0
2015-02-04,0.0043783458565487265,0.0,,,,0.0
2015-02-05,0.0017272502164005221,0.0,,,,0.0
2015-02-06,-0.025864204796777424,0.0,,,,0.0
2015-02-09,0.004467285755423989,0.0,,,,0.0
2015-02-10,-0.005873936049321848,0.0,,,,0.0
2015-02-11,-0.011817350480741395,0.0,,,,0.0
2015-02-12,0.0023062837940568404,0.0,,,,0.0
2015-02-13,0.005454295543013465,0.0,,,,0.0
2015-02-17,-0.01669775525216033,0.0,,,,0.0
2015-02-18,0.002844532329830063,0.0,,,,0.0
2015-02-19,-0.0034381460295276334,0.0,,,,0.0
2015-02-20,-0.005692631086866906,0.0,,,,0.0
2015-02-23,0.0013011929863573357,0.0,,,,0.0
2015-02-24,-0.0014727381832787545,0.0,,,,0.0
2015-02-25,0.0038174111040851777,0.0,,,,0.0
2015-02-26,0.0031979494930112207,0.0,,,,0.0
2015-02-27,0.0007754283408443197,0.0,,,,0.0
2015-03-02,-0.004132260173905,0.0,,,,0.0
2015-03-03,-0.0018153447779967191,0.0,,,,0.0
2015-03-04,-0.0031176981600916642,0.0,,,,0.0
2015-03-05,-0.0009556129768769628,0.0,,,,0.0
2015-03-06,-0.02730434251868208,0.0,,,,0.0
2015-03-09,0.000983377523255502,0.0,,,,0.0
2015-03-10,-0.004912057209624399,0.0,,,,0.0
2015-03-11,-0.006013266738071565,0.0,,,,0.0
2015-03-12,-0.0002708693390236494,0.0,,,,0.0
2015-03-13,0.001445050857576513,0.0,,,,0.0
2015-03-16,-0.0006313103946443688,0.0,,,,0.0
2015-03-17,-0.005414660114975933,0.0,,,,0.0
2015-03-18,0.019598980855210835,0.0,,,,0.0
2015-03-19,-0.0007119500676271429,0.0,,,,0.0
2015-03-20,0.011399045051747603,0.0,,,,0.0
2015-03-23,0.006339713151693793,0.0,,,,0.0
2015-03-24,0.002449897428068226,0.0,,,,0.0
2015-03-25,0.001396558108890389,0.0,,,,0.0
2015-03-26,0.00653708688272836,0.0,,,,0.0
2015-03-27,-0.0036370435238182175,0.0,,,,0.0
2015-03-30,-0.01138534318086215,0.0,,,,0.0
2015-03-31,-0.0007911765968406925,0.0,,,,0.0
2015-04-01,0.017068403567705115,0.0,,,,0.0
2015-04-02,-0.0027681634865752702,0.0,,,,0.0
2015-04-06,0.012231121417765056,0.0,,,,0.0
2015-04-07,-0.004970450072155241,0.0,,,,0.0
2015-04-08,-0.00551200918339656,0.0,,,,0.0
2015-04-09,-0.006928232816320268,0.0,,,,0.0
2015-04-10,0.011336906536289382,0.0,,,,0.0
2015-04-13,-0.007157039081814864,0.0,,,,0.0
2015-04-14,-0.006079528851422933,0.0,,,,0.0
2015-04-15,0.008650802539753588,0.0,,,,0.0
2015-04-16,-0.0034653168571547877,0.0,,,,0.0
2015-04-17,0.004955226470251928,0.0,,,,0.0
2015-04-20,-0.007612433088526105,0.0,,,,0.0
2015-04-21,0.005753103431764384,0.0,,,,0.0
2015-04-22,-0.013433831333510171,0.0,,,,0.0
2015-04-23,0.007291591124513719,0.0,,,,0.0
2015-04-24,-0.01404151891618688,0.0,,,,0.0
2015-04-27,0.02016805588455428,0.0,,,,0.0
2015-04-28,0.008670770693864016,0.0,,,,0.0
2015-04-29,-0.007048909841977813,0.0,,,,0.0
2015-04-30,-0.017660816187341055,0.0,,,,0.0
2015-05-01,-0.0034370263986326366,0.0,,,,0.0
2015-05-04,0.009020132884241638,0.0,,,,0.0
2015-05-05,0.0028045547686559313,0.0,,,,0.0
2015-05-06,-0.0005243625201353241,0.0,,,,0.0
2015-05-07,-0.00821967852736405,0.0,,,,0.0
2015-05-08,0.004849259924502469,0.0,,,,0.0
2015-05-11,-0.0038606864674344266,0.0,,,,0.0
2015-05-12,0.00854400802548061,0.0,,,,0.0
2015-05-13,0.01790395678391099,0.0,,,,0.0
2015-05-14,0.005405381698172951,0.0,,,,0.0
2015-05-15,0.002986844796122101,0.0,,,,0.0
2015-05-18,-8.510283616403047e-05,0.0,,,,0.0
2015-05-19,-0.013869956602948319,0.0,,,,0.0
2015-05-20,0.0016395067944336983,0.0,,,,0.0
2015-05-21,-0.003359746584222556,0.0,,,,0.0
2015-05-22,-0.0007779753253159827,0.0,,,,0.0
2015-05-26,-0.014619332476808355,0.0,,,,0.0
2015-05-27,-0.00017561471177085508,0.0,,,,0.0
2015-05-28,0.0011414281685366845,0.0,,,,0.0
2015-05-29,0.0007016473724792416,0.0,,,,0.0
2015-06-01,-0.0008764108278561666,0.0,,,,0.0
2015-06-02,0.004035079688356591,0.0,,,,0.0
2015-06-03,-0.007164072177032299,0.0,,,,0.0
2015-06-04,-0.007039801619628361,0.0,,,,0.0
2015-06-05,-0.005317250031845466,0.0,,,,0.0
2015-06-08,0.002940144666210953,0.0,,,,0.0
2015-06-09,0.002220840372015198,0.0,,,,0.0
2015-06-10,0.008509121495031247,0.0,,,,0.0
2015-06-11,-0.004570193783136389,0.0,,,,0.0
2015-06-12,-0.0002648664906503839,0.0,,,,0.0
2015-06-15,0.004415790737229308,0.0,,,,0.0
2015-06-16,-0.003605061549348698,0.0,,,,0.0
2015-06-17,0.004677010066397758,0.0,,,,0.0
2015-06-18,0.012911736850284239,0.0,,,,0.0
2015-06-19,-0.0017342780850801987,0.0,,,,0.0
2015-06-22,-0.01285617895780966,0.0,,,,0.0
2015-06-23,-0.006599788842205134,0.0,,,,0.0
2015-06-24,-0.0026574812063053788,0.0,,,,0.0
2015-06-25,-0.0013322133525454083,0.0,,,,0.0
2015-06-26,0.001067192410014739,0.0,,,,0.0
2015-06-29,0.0045309359212182265,0.0,,,,0.0
2015-06-30,-0.006190828249150737,0.0,,,,0.0
2015-07-01,-0.0034706717105629226,0.0,,,,0.0
2015-07-02,-0.0019646473844252554,0.0,,,,0.0
2015-07-06,0.002684282539629823,0.0,,,,0.0
2015-07-07,-0.011600887477117294,0.0,,,,0.0
2015-07-08,0.002979362543296782,0.0,,,,0.0
2015-07-09,0.0024305003273175085,0.0,,,,0.0
2015-07-10,0.0011673603870820948,0.0,,,,0.0
2015-07-13,-0.00448470723455352,0.0,,,,0.0
2015-07-14,-0.002252455219495131,0.0,,,,0.0
2015-07-15,-0.005237440968471563,0.0,,,,0.0
2015-07-16,-0.0036310957932229604,0.0,,,,0.0
2015-07-17,-0.010112979124889843,0.0,,,,0.0
2015-07-20,-0.027151445340146352,0.0,,,,0.0
2015-07-21,-0.003121988752958438,0.0,,,,0.0
2015-07-22,-0.005409506310776968,0.0,,,,0.0
2015-07-23,-0.004484744341763047,0.0,,,,0.0
2015-07-24,0.009776637833459612,0.0,,,,0.0
2015-07-27,-0.00465114258060384,0.0,,,,0.0
2015-07-28,0.0015258061394580746,0.0,,,,0.0
2015-07-29,0.0014283139466164663,0.0,,,,0.0
2015-07-30,-0.008557588110186587,0.0,,,,0.0
2015-07-31,0.006329756242044127,0.0,,,,0.0
2015-08-03,-0.007910052688847147,0.0,,,,0.0
2015-08-04,0.0020172823011603835,0.0,,,,0.0
2015-08-05,-0.0036429610038530846,0.0,,,,0.0
2015-08-06,0.004426047177157111,0.0,,,,0.0
2015-08-07,0.002490680503407061,0.0,,,,0.0
2015-08-10,0.010224554985406531,0.0,,,,0.0
2015-08-11,0.005107840610028225,0.0,,,,0.0
2015-08-12,0.014022189288677822,0.0,,,,0.0
2015-08-13,-0.00825985512434746,0.0,,,,0.0
2015-08-14,-9.360037594363657e-05,0.0,,,,0.0
2015-08-17,0.0026204846354274114,0.0,,,,0.0
2015-08-18,-0.00018665773900006233,0.0,,,,0.0
2015-08-19,0.013444145581183786,0.0,,,,0.0
2015-08-20,0.017411325071518213,0.0,,,,0.0
2015-08-21,0.006247689213677798,0.0,,,,0.0
2015-08-24,-0.005399068558895714,0.0,,,,0.0
2015-08-25,-0.01239478089494117,0.0,,,,0.0
2015-08-26,-0.013649738394807875,0.0,,,,0.0
2015-08-27,0.0005573064828525709,0.0,,,,0.0
2015-08-28,0.009003931691107248,0.0,,,,0.0
2015-08-31,0.001103981140304633,0.0,,,,0.0
2015-09-01,0.0034919799162251852,0.0,,,,0.0
2015-09-02,-0.005311302361437398,0.0,,,,0.0
2015-09-03,-0.00718105679403469,0.0,,,,0.0
2015-09-04,-0.0032455349221680585,0.0,,,,0.0
2015-09-08,0.000279084378947525,0.0,,,,0.0
2015-09-09,-0.012927822107945297,0.0,,,,0.0
2015-09-10,0.0023556016816155267,0.0,,,,0.0
2015-09-11,-0.002067997715628156,0.0,,,,0.0
2015-09-14,0.0005651616100608159,0.0,,,,0.0
2015-09-15,-0.0030126124190049675,0.0,,,,0.0
2015-09-16,0.013314409937664529,0.0,,,,0.0
2015-09-17,0.010250732723341871,0.0,,,,0.0
2015-09-18,0.007379350570420495,0.0,,,,0.0
2015-09-21,-0.0062265388780913256,0.0,,,,0.0
2015-09-22,-0.00681837162160448,0.0,,,,0.0
2015-09-23,0.003989241131120869,0.0,,,,0.0
2015-09-24,0.020975758801157207,0.0,,,,0.0
2015-09-25,-0.006154405994415857,0.0,,,,0.0
2015-09-28,-0.012658222571280353,0.0,,,,0.0
2015-09-29,-0.004058244045771819,0.0,,,,0.0
2015-09-30,-0.010372316278596583,0.0,,,,0.0
2015-10-01,-0.001216519302596475,0.0,,,,0.0
2015-10-02,0.021174875253005654,0.0,,,,0.0
2015-10-05,-0.002018545050144094,0.0,,,,0.0
2015-10-06,0.010021182319808863,0.0,,,,0.0
2015-10-07,-0.0014564323795780432,0.0,,,,0.0
2015-10-08,-0.005104809244962594,0.0,,,,0.0
2015-10-09,0.015851231139897504,0.0,,,,0.0
2015-10-12,0.00396856499604703,0.0,,,,0.0
2015-10-13,0.00494118285707712,0.0,,,,0.0
2015-10-14,0.017432477539802038,0.0,,,,0.0
2015-10-15,-0.004568989141737645,0.0,,,,0.0
2015-10-16,-0.0070615504042084165,0.0,,,,0.0
2015-10-19,-0.004178160099818973,0.0,,,,0.0
2015-10-20,0.006338214025568112,0.0,,,,0.0
2015-10-21,-0.008870752862782494,0.0,,,,0.0
2015-10-22,-0.0003580140904458906,0.0,,,,0.0
2015-10-23,-0.0017011588974217284,0.0,,,,0.0
2015-10-26,-0.0006277999535804213,0.0,,,,0.0
2015-10-27,0.0022435609738429285,0.0,,,,0.0
2015-10-28,-0.008058752895948817,0.0,,,,0.0
2015-10-29,-0.009568492239339532,0.0,,,,0.0
2015-10-30,-0.0038279088978543374,0.0,,,,0.0
2015-11-02,-0.00649594413580179,0.0,,,,0.0
2015-11-03,-0.014826347133739204,0.0,,,,0.0
2015-11-04,-0.009441036684777915,0.0,,,,0.0
2015-11-05,-0.0031141061362016664,0.0,,,,0.0
2015-11-06,-0.014577820185771806,0.0,,,,0.0
2015-11-09,0.0028818737382825255,0.0,,,,0.0
2015-11-10,-0.0021072913552456773,0.0,,,,0.0
2015-11-11,-0.0033595553186392957,0.0,,,,0.0
2015-11-12,0.00019259022164841433,0.0,,,,0.0
2015-11-13,-0.0027924980239610875,0.0,,,,0.0
2015-11-16,0.001448450457852024,0.0,,,,0.0
2015-11-17,-0.013209938855231806,0.0,,,,0.0
2015-11-18,0.0008794603332600293,0.0,,,,0.0
2015-11-19,0.011031897393842582,0.0,,,,0.0
2015-11-20,-0.004538443721352925,0.0,,,,0.0
2015-11-23,-0.008051161423458963,0.0,,,,0.0
2015-11-24,0.0066497192545516,0.0,,,,0.0
2015-11-25,-0.004662942933256753,0.0,,,,0.0
2015-11-27,-0.011809477798990442,0.0,,,,0.0
2015-11-30,0.006617265866126543,0.0,,,,0.0
2015-12-01,0.003532188155604299,0.0,,,,0.0
2015-12-02,-0.015545525585325515,0.0,,,,0.0
2015-12-03,0.010626672647533919,0.0,,,,0.0
2015-12-04,0.022209065049059173,0.0,,,,0.0
2015-12-07,-0.012978259158702654,0.0,,,,0.0
2015-12-08,0.0016557725915762322,0.0,,,,0.0
2015-12-09,-0.00194473896697811,0.0,,,,0.0
2015-12-10,-0.0008768154562138752,0.0,,,,0.0
2015-12-11,0.005460726883753653,0.0,,,,0.0
2015-12-14,-0.012801859053540698,0.0,,,,0.0
2015-12-15,-0.002652561843328849,0.0,,,,0.0
2015-12-16,0.012115872710852793,0.0,,,,0.0
2015-12-17,-0.021897810218978075,0.0,,,,0.0
2015-12-18,0.0153233921943019,0.0,,,,0.0
2015-12-21,0.010878092908588544,0.0,,,,0.0
2015-12-22,-0.005235103320787249,0.0,,,,0.0
2015-12-23,-0.0029237213719258692,0.0,,,,0.0
2015-12-24,0.007232973422174549,0.0,,,,0.0
2015-12-28,-0.0075692031595538944,0.0,,,,0.0
2015-12-29,-0.000684459735229348,0.0,,,,0.0
2015-12-30,-0.007632082217105096,0.0,,,,0.0
2015-12-31,0.0003944085609299819,0.0,,,,0.0
2016-01-04,0.014094227459880093,0.0,,,,0.0
2016-01-05,0.0028185529910356166,0.0,,,,0.0
2016-01-06,0.014440762350867997,0.0,,,,0.0
2016-01-07,0.014139709399294764,0.0,,,,0.0
2016-01-08,-0.004427708091822691,0.0,,,,0.0
2016-01-11,-0.008894799760520211,0.0,,,,0.0
2016-01-12,-0.005060137388834152,0.0,,,,0.0
2016-01-13,0.004893984653210337,0.0,,,,0.0
2016-01-14,-0.016233809757639994,0.0,,,,0.0
2016-01-15,0.010289314914859515,0.0,,,,0.0
2016-01-19,-0.000960784707550344,0.0,,,,0.0
2016-01-20,0.013367949074563512,0.0,,,,0.0
2016-01-21,0.001138797703897687,0.0,,,,0.0
2016-01-22,-0.004644969889963546,0.0,,,,0.0
2016-01-25,0.010285731724330338,0.0,,,,0.0
2016-01-26,0.011406476843766722,0.0,,,,0.0
2016-01-27,0.0037282274439893737,0.0,,,,0.0
2016-01-28,-0.010678814187088714,0.0,,,,0.0
2016-01-29,0.0038482826092700595,0.0,,,,0.0
2016-02-01,0.01028523735300313,0.0,,,,0.0
2016-02-02,0.00037013683482878257,0.0,,,,0.0
2016-02-03,0.010731831819877025,0.0,,,,0.0
2016-02-04,0.012082377069329242,0.0,,,,0.0
2016-02-05,0.015827077912906162,0.0,,,,0.0
2016-02-08,0.013443751249405,0.0,,,,0.0
2016-02-09,-0.002196257541759894,0.0,,,,0.0
2016-02-10,0.007747818623272451,0.0,,,,0.0
2016-02-11,0.0401886992042193,0.0,,,,0.0
2016-02-12,-0.005879363032051943,0.0,,,,0.0
2016-02-16,-0.030331226332987904,0.0,,,,0.0
2016-02-17,0.00618634429410414,0.0,,,,0.0
2016-02-18,0.02433319602449635,0.0,,,,0.0
2016-02-19,-0.006002190201855551,0.0,,,,0.0
2016-02-22,-0.01777516528948675,0.0,,,,0.0
2016-02-23,0.014979681261872324,0.0,,,,0.0
2016-02-24,0.003327072049028157,0.0,,,,0.0
2016-02-25,0.0026358095143692584,0.0,,,,0.0
2016-02-26,-0.006869043174790868,0.0,,,,0.0
2016-02-29,0.013064629590324062,0.0,,,,0.0
2016-03-01,-0.0073331317520045625,0.0,,,,0.0
2016-03-02,0.007726956678680841,0.0,,,,0.0
2016-03-03,0.017273365743903035,0.0,,,,0.0
2016-03-04,-0.0015737798071993048,0.0,,,,0.0
2016-03-07,0.004977588099916774,0.0,,,,0.0
2016-03-08,-0.0046227304062674834,0.0,,,,0.0
2016-03-09,-0.00829324916913754,0.0,,,,0.0
2016-03-10,0.016056181130168712,0.0,,,,0.0
2016-03-11,-0.01720161594971703,0.0,,,,0.0
2016-03-14,-0.012896749587957723,0.0,,,,0.0
2016-03-15,0.000763521980092996,0.0,,,,0.0
2016-03-16,0.02229567034444102,0.0,,,,0.0
2016-03-17,-0.003814570847019083,0.0,,,,0.0
2016-03-18,-0.002746975852867317,0.0,,,,0.0
2016-03-21,-0.007011719080860512,0.0,,,,0.0
2016-03-22,0.0029421526295789757,0.0,,,,0.0
2016-03-23,-0.02263009809313088,0.0,,,,0.0
2016-03-24,-0.0024011557999427113,0.0,,,,0.0
2016-03-28,0.0023209545157449885,0.0,,,,0.0
2016-03-29,0.01852490300494103,0.0,,,,0.0
2016-03-30,-0.013977800877817192,0.0,,,,0.0
2016-03-31,0.004611451089358232,0.0,,,,0.0
2016-04-01,-0.006035354370591106,0.0,,,,0.0
2016-04-04,-0.006670647201412416,0.0,,,,0.0
2016-04-05,0.013000448699038714,0.0,,,,0.0
2016-04-06,-0.006119337058417829,0.0,,,,0.0
2016-04-07,0.01428081181871077,0.0,,,,0.0
2016-04-08,-0.0015175811841288134,0.0,,,,0.0
2016-04-11,0.013510077429689682,0.0,,,,0.0
2016-04-12,0.0001666606070513943,0.0,,,,0.0
2016-04-13,-0.010662277185778612,0.0,,,,0.0
2016-04-14,-0.01397656040779005,0.0,,,,0.0
2016-04-15,0.006916553277877435,0.0,,,,0.0
2016-04-18,-0.0015264612277036127,0.0,,,,0.0
2016-04-19,0.015627688132066497,0.0,,,,0.0
2016-04-20,-0.005101192515562847,0.0,,,,0.0
2016-04-21,0.0037824404776409803,0.0,,,,0.0
2016-04-22,-0.012811914275298819,0.0,,,,0.0
2016-04-25,0.0028840781155776707,0.0,,,,0.0
2016-04-26,0.003975248058563308,0.0,,,,0.0
2016-04-27,0.002864397439145794,0.0,,,,0.0
2016-04-28,0.018901209532051544,0.0,,,,0.0
2016-04-29,0.01945750344247421,0.0,,,,0.0
2016-05-02,-0.0033158403319838436,0.0,,,,0.0
2016-05-03,-0.002271979748055375,0.0,,,,0.0
2016-05-04,-0.006099544612754526,0.0,,,,0.0
2016-05-05,-0.0011455641166617792,0.0,,,,0.0
2016-05-06,0.009093148301192455,0.0,,,,0.0
2016-05-09,-0.020539038586043668,0.0,,,,0.0
2016-05-10,0.0027351995597273415,0.0,,,,0.0
2016-05-11,0.009423039824896007,0.0,,,,0.0
2016-05-12,-0.0078611125358784,0.0,,,,0.0
2016-05-13,0.0045394140453900444,0.0,,,,0.0
2016-05-16,0.0007394952589121484,0.0,,,,0.0
2016-05-17,0.0034482607423813594,0.0,,,,0.0
2016-05-18,-0.01734579222228738,0.0,,,,0.0
2016-05-19,-0.0019150352244893254,0.0,,,,0.0
2016-05-20,-0.0013348098643798378,0.0,,,,0.0
2016-05-23,-0.002840166573309433,0.0,,,,0.0
2016-05-24,-0.017341037506874768,0.0,,,,0.0
2016-05-25,-0.002728045068191687,0.0,,,,0.0
2016-05-26,-0.003419400875365075,0.0,,,,0.0
2016-05-27,-0.008234680643287917,0.0,,,,0.0
2016-05-31,0.003805525009163979,0.0,,,,0.0
2016-06-01,-0.0010339059082515867,0.0,,,,0.0
2016-06-02,-0.0023288275554194104,0.0,,,,0.0
2016-06-03,0.027751354156539287,0.0,,,,0.0
2016-06-06,0.0003364814640942626,0.0,,,,0.0
2016-06-07,-0.0008408886281601191,0.0,,,,0.0
2016-06-08,0.014812339174809175,0.0,,,,0.0
2016-06-09,0.005556461757929343,0.0,,,,0.0
2016-06-10,0.004041219495006354,0.0,,,,0.0
2016-06-13,0.007392817000752894,0.0,,,,0.0
2016-06-14,0.0010599906561068462,0.0,,,,0.0
2016-06-15,0.007412264290884263,0.0,,,,0.0
2016-06-16,-0.010511020767707824,0.0,,,,0.0
2016-06-17,0.01282889140431287,0.0,,,,0.0
2016-06-20,-0.005970132166106756,0.0,,,,0.0
2016-06-21,-0.019235474102691663,0.0,,,,0.0
2016-06-22,0.0004965672774475127,0.0,,,,0.0
2016-06-23,-0.0065343333792947655,0.0,,,,0.0
2016-06-24,0.049038376152841456,0.0,,,,0.0
2016-06-27,0.005396827818855421,0.0,,,,0.0
2016-06-28,-0.010735716822507735,0.0,,,,0.0
2016-06-29,0.004149350816571085,0.0,,,,0.0
2016-06-30,0.00500639622652943,0.0,,,,0.0
2016-07-01,0.015339625386899147,0.0,,,,0.0
2016-07-05,0.008254789567508913,0.0,,,,0.0
2016-07-06,0.005870043250717272,0.0,,,,0.0
2016-07-07,-0.003762499043616141,0.0,,,,0.0
2016-07-08,0.0060120143847071095,0.0,,,,0.0
2016-07-11,-0.009423926954219786,0.0,,,,0.0
2016-07-12,-0.016551874633622066,0.0,,,,0.0
2016-07-13,0.00920177573180525,0.0,,,,0.0
2016-07-14,-0.007715129649756625,0.0,,,,0.0
2016-07-15,-0.003848311365095336,0.0,,,,0.0
2016-07-18,0.001576825791636871,0.0,,,,0.0
2016-07-19,0.0013381467862105811,0.0,,,,0.0
2016-07-20,-0.014307049036417885,0.0,,,,0.0
2016-07-21,0.015232503958900745,0.0,,,,0.0
2016-07-22,-0.007462722347700734,0.0,,,,0.0
2016-07-25,-0.006964758718206121,0.0,,,,0.0
2016-07-26,0.0042241075487405855,0.0,,,,0.0
2016-07-27,0.016111101422991103,0.0,,,,0.0
2016-07-28,-0.002889909558035031,0.0,,,,0.0
2016-07-29,0.010339903082906332,0.0,,,,0.0
2016-08-01,0.0018607962561190128,0.0,,,,0.0
2016-08-02,0.00812570067976126,0.0,,,,0.0
2016-08-03,-0.004759425467430023,0.0,,,,0.0
2016-08-04,0.0016968857004249216,0.0,,,,0.0
2016-08-05,-0.01786395743940894,0.0,,,,0.0
2016-08-08,-0.000862411663815732,0.0,,,,0.0
2016-08-09,0.004080325118523742,0.0,,,,0.0
2016-08-10,0.004688953410549868,0.0,,,,0.0
2016-08-11,-0.006922832969429749,0.0,,,,0.0
2016-08-12,-0.002114801025602908,0.0,,,,0.0
2016-08-15,0.0034536484045673,0.0,,,,0.0
2016-08-16,0.0049280733796905896,0.0,,,,0.0
2016-08-17,0.0002335080486637331,0.0,,,,0.0
2016-08-18,0.004747086461879935,0.0,,,,0.0
2016-08-19,-0.008829675348611454,0.0,,,,0.0
2016-08-22,-0.00148474204574367,0.0,,,,0.0
2016-08-23,-0.00015649274735829444,0.0,,,,0.0
2016-08-24,-0.011114635054762179,0.0,,,,0.0
2016-08-25,-0.0008706109240564919,0.0,,,,0.0
2016-08-26,-0.0014259708499476664,0.0,,,,0.0
2016-08-29,0.0019833398964483884,0.0,,,,0.0
2016-08-30,-0.010055457179525829,0.0,,,,0.0
2016-08-31,-0.001999520134694288,0.0,,,,0.0
2016-09-01,0.0040872106204499214,0.0,,,,0.0
2016-09-02,0.010216288370529014,0.0,,,,0.0
2016-09-06,0.016907695537669243,0.0,,,,0.0
2016-09-07,-0.003418556588101307,0.0,,,,0.0
2016-09-08,-0.0053013792150961025,0.0,,,,0.0
2016-09-09,-0.00658355954228651,0.0,,,,0.0
2016-09-12,-0.0012623563085552014,0.0,,,,0.0
2016-09-13,-0.0066355664917512325,0.0,,,,0.0
2016-09-14,0.0034194855282367875,0.0,,,,0.0
2016-09-15,-0.006419381491795106,0.0,,,,0.0
2016-09-16,-0.00247272219188599,0.0,,,,0.0
2016-09-19,0.00207901920123299,0.0,,,,0.0
2016-09-20,0.0009575705942728163,0.0,,,,0.0
2016-09-21,0.014588601451239303,0.0,,,,0.0
2016-09-22,0.00235721740921524,0.0,,,,0.0
2016-09-23,0.0006271210413582029,0.0,,,,0.0
2016-09-26,-0.0007833801247610905,0.0,,,,0.0
2016-09-27,-0.007291260548213385,0.0,,,,0.0
2016-09-28,-0.003159070582864132,0.0,,,,0.0
2016-09-29,-0.0011884132817953086,0.0,,,,0.0
2016-09-30,-0.003410805950794571,0.0,,,,0.0
2016-10-03,-0.0025469571504198596,0.0,,,,0.0
2016-10-04,-0.03471112739159021,0.0,,,,0.0
2016-10-05,-0.0015706575141682944,0.0,,,,0.0
2016-10-06,-0.009273018119780652,0.0,,,,0.0
2016-10-07,0.000668512445361813,0.0,,,,0.0
2016-10-10,0.0035076482865623593,0.0,,,,0.0
2016-10-11,-0.005076569505331308,0.0,,,,0.0
2016-10-12,0.0015892497462293154,0.0,,,,0.0
2016-10-13,0.002421921836488483,0.0,,,,0.0
2016-10-14,-0.0055819226506638175,0.0,,,,0.0
2016-10-17,0.0026809625769763645,0.0,,,,0.0
2016-10-18,0.006183137214928136,0.0,,,,0.0
2016-10-19,0.0057299655530487215,0.0,,,,0.0
2016-10-20,-0.0030550965627722526,0.0,,,,0.0
2016-10-21,0.0007454362173064943,0.0,,,,0.0
2016-10-24,-0.0022345797266349887,0.0,,,,0.0
2016-10-25,0.007548139354159433,0.0,,,,0.0
2016-10-26,-0.00559809251948773,0.0,,,,0.0
2016-10-27,0.0018213529185828747,0.0,,,,0.0
2016-10-28,0.0047103519110967,0.0,,,,0.0
2016-10-31,0.0029610183001298473,0.0,,,,0.0
2016-11-01,0.006478603409139305,0.0,,,,0.0
2016-11-02,0.007414617516698918,0.0,,,,0.0
2016-11-03,0.005338107937297831,0.0,,,,0.0
2016-11-04,0.0007240252267182168,0.0,,,,0.0
2016-11-07,-0.018007861361529542,0.0,,,,0.0
2016-11-08,-0.004175211869501427,0.0,,,,0.0
2016-11-09,-0.0006576934516286936,0.0,,,,0.0
2016-11-10,-0.01488974658560116,0.0,,,,0.0
2016-11-11,-0.02212944906788228,0.0,,,,0.0
2016-11-14,-0.008454294420749409,0.0,,,,0.0
2016-11-15,0.00869866618655779,0.0,,,,0.0
2016-11-16,-0.002988440021410743,0.0,,,,0.0
2016-11-17,-0.005138293152093909,0.0,,,,0.0
2016-11-18,-0.008780207102896176,0.0,,,,0.0
2016-11-21,0.0037342622620732957,0.0,,,,0.0
2016-11-22,-0.00034608855246265335,0.0,,,,0.0
2016-11-23,-0.019819983532816443,0.0,,,,0.0
2016-11-25,-0.005651208738617575,0.0,,,,0.0
2016-11-28,0.010567466787642088,0.0,,,,0.0
2016-11-29,-0.004657349687858581,0.0,,,,0.0
2016-11-30,-0.013419234467324848,0.0,,,,0.0
2016-12-01,-0.0018791864382340373,0.0,,,,0.0
2016-12-02,0.005379222424209074,0.0,,,,0.0
2016-12-05,-0.005350441210868029,0.0,,,,0.0
2016-12-06,-0.0009861987578327902,0.0,,,,0.0
2016-12-07,0.003589711251758221,0.0,,,,0.0
2016-12-08,-0.0023249765892274787,0.0,,,,0.0
2016-12-09,-0.010486673587394413,0.0,,,,0.0
2016-12-12,0.003804331187865717,0.0,,,,0.0
2016-12-13,-0.0033387723118656343,0.0,,,,0.0
2016-12-14,-0.014667226454941784,0.0,,,,0.0
2016-12-15,-0.01369112807217554,0.0,,,,0.0
2016-12-16,0.006614558767378709,0.0,,,,0.0
2016-12-19,0.004997623978540311,0.0,,,,0.0
2016-12-20,-0.007367118973593101,0.0,,,,0.0
2016-12-21,0.0005566152526592649,0.0,,,,0.0
2016-12-22,-0.0024107755207141146,0.0,,,,0.0
2016-12-23,0.0031601819765598727,0.0,,,,0.0
2016-12-27,0.005837091185366683,0.0,,,,0.0
2016-12-28,0.0027634769574851337,0.0,,,,0.0
2016-12-29,0.01313614088883086,0.0,,,,0.0
2016-12-30,-0.006165566230220687,0.0,,,,0.0
2017-01-03,0.00784600497730814,0.0,,,,0.0
2017-01-04,0.0035303646722089077,0.0,,,,0.0
2017-01-05,0.015515074970534615,0.0,,,,0.0
2017-01-06,-0.00737255123072611,0.0,,,,0.0
2017-01-09,0.008232645807116912,0.0,,,,0.0
2017-01-10,0.0042602588509306205,0.0,,,,0.0
2017-01-11,0.0030932255360247574,0.0,,,,0.0
2017-01-12,0.003612367067042932,0.0,,,,0.0
2017-01-13,0.0026336178800692167,0.0,,,,0.0
2017-01-17,0.01435950794847174,0.0,,,,0.0
2017-01-18,-0.008459177733679324,0.0,,,,0.0
2017-01-19,-0.0008706024299159898,0.0,,,,0.0
2017-01-20,0.0024397178433508415,0.0,,,,0.0
2017-01-23,0.006431967354547874,0.0,,,,0.0
2017-01-24,-0.004490925540628465,0.0,,,,0.0
2017-01-25,-0.008241493674922662,0.0,,,,0.0
2017-01-26,-0.009272197003353688,0.0,,,,0.0
2017-01-27,0.0020306880028346797,0.0,,,,0.0
2017-01-30,0.004229477187141839,0.0,,,,0.0
2017-01-31,0.01386331327657886,0.0,,,,0.0
2017-02-01,-0.0030290445198764004,0.0,,,,0.0
2017-02-02,0.005555550404536813,0.0,,,,0.0
2017-02-03,0.0025034610211955854,0.0,,,,0.0
2017-02-06,0.013519329475210284,0.0,,,,0.0
2017-02-07,-0.0020390643159919897,0.0,,,,0.0
2017-02-08,0.00621491028966048,0.0,,,,0.0
2017-02-09,-0.00761487018603868,0.0,,,,0.0
2017-02-10,0.0026430007347089113,0.0,,,,0.0
2017-02-13,-0.006802682251218939,0.0,,,,0.0
2017-02-14,0.0011129901542927811,0.0,,,,0.0
2017-02-15,0.004447076385095894,0.0,,,,0.0
2017-02-16,0.0053640263872474225,0.0,,,,0.0
2017-02-17,-0.0033875467452245678,0.0,,,,0.0
2017-02-21,0.000594830851824435,0.0,,,,0.0
2017-02-22,0.0013588421410561935,0.0,,,,0.0
2017-02-23,0.008735465586520608,0.0,,,,0.0
2017-02-24,0.00638973004234078,0.0,,,,0.0
2017-02-27,-0.004845398633643638,0.0,,,,0.0
2017-02-28,0.0009234436519076628,0.0,,,,0.0
2017-03-01,-0.0014258642418293332,0.0,,,,0.0
2017-03-02,-0.01243067157641009,0.0,,,,0.0
2017-03-03,-0.0005953367386810626,0.0,,,,0.0
2017-03-06,-0.006722839768239397,0.0,,,,0.0
2017-03-07,-0.008053482107396648,0.0,,,,0.0
2017-03-08,-0.0062187012290060295,0.0,,,,0.0
2017-03-09,-0.005127727710842134,0.0,,,,0.0
2017-03-10,0.002183978311645074,0.0,,,,0.0
2017-03-13,0.0001743082536056484,0.0,,,,0.0
2017-03-14,-0.005403478549159679,0.0,,,,0.0
2017-03-15,0.018664539100545774,0.0,,,,0.0
2017-03-16,0.004129061134912737,0.0,,,,0.0
2017-03-17,0.0022273151662723922,0.0,,,,0.0
2017-03-20,0.004444860945005402,0.0,,,,0.0
2017-03-21,0.008765200923941618,0.0,,,,0.0
2017-03-22,0.0024464392887426634,0.0,,,,0.0
2017-03-23,-0.001346492128619703,0.0,,,,0.0
2017-03-24,0.001601099219161961,0.0,,,,0.0
2017-03-27,0.005636868294673025,0.0,,,,0.0
2017-03-28,-0.004099371444605038,0.0,,,,0.0
2017-03-29,0.002436163586164053,0.0,,,,0.0
2017-03-30,-0.007206910225050822,0.0,,,,0.0
2017-03-31,0.0021102388572973307,0.0,,,,0.0
2017-04-03,0.005306580584065079,0.0,,,,0.0
2017-04-04,0.002262289701825848,0.0,,,,0.0
2017-04-05,0.0,0.0,,,,0.0
2017-04-06,-0.003678334988324705,0.0,,,,0.0
2017-04-07,0.0023493772325884343,0.0,,,,0.0
2017-04-10,0.0,0.0,,,,0.0
2017-04-11,0.014481863135711759,0.0,,,,0.0
2017-04-12,0.006848701913851674,0.0,,,,0.0
2017-04-13,0.004753334264967268,0.0,,,,0.0
2017-04-17,-0.0029363834815018253,0.0,,,,0.0
2017-04-18,0.004744779460001958,0.0,,,,0.0
2017-04-19,-0.008874746300268521,0.0,,,,0.0
2017-04-20,0.0018893922713916211,0.0,,,,0.0
2017-04-21,0.002869780885113693,0.0,,,,0.0
2017-04-24,-0.006785988212145488,0.0,,,,0.0
2017-04-25,-0.010125150830952667,0.0,,,,0.0
2017-04-26,0.0049064144523129904,0.0,,,,0.0
2017-04-27,-0.003723907331012466,0.0,,,,0.0
2017-04-28,0.0031563855415273068,0.0,,,,0.0
2017-05-01,-0.009108209859209682,0.0,,,,0.0
2017-05-02,-0.00016709821486060594,0.0,,,,0.0
2017-05-03,-0.013957360197643709,0.0,,,,0.0
2017-05-04,-0.010086475737808298,0.0,,,,0.0
2017-05-05,0.0018837333588364036,0.0,,,,0.0
2017-05-08,-0.002222050521183294,0.0,,,,0.0
2017-05-09,-0.005995691205500586,0.0,,,,0.0
2017-05-10,-8.618815999517082e-05,0.0,,,,0.0
2017-05-11,0.003964142371969848,0.0,,,,0.0
2017-05-12,0.0028326337429587234,0.0,,,,0.0
2017-05-15,0.0026534071191921527,0.0,,,,0.0
2017-05-16,0.0043537829852127174,0.0,,,,0.0
2017-05-17,0.018189539837597968,0.0,,,,0.0
2017-05-18,-0.008181011348557088,0.0,,,,0.0
2017-05-19,0.0049659454541624015,0.0,,,,0.0
2017-05-22,0.004187604636601616,0.0,,,,0.0
2017-05-23,-0.006338633249028169,0.0,,,,0.0
2017-05-24,0.003944948993712671,0.0,,,,0.0
2017-05-25,-0.0010868426783263718,0.0,,,,0.0
2017-05-26,0.00887175702052101,0.0,,,,0.0
2017-05-30,-0.003318413164433487,0.0,,,,0.0
2017-05-31,0.003995366733579031,0.0,,,,0.0
2017-06-01,0.0008290372396291268,0.0,,,,0.0
2017-06-02,0.0073724269437449585,0.0,,,,0.0
2017-06-05,0.0009867835373715828,0.0,,,,0.0
2017-06-06,0.011254375087548674,0.0,,,,0.0
2017-06-07,-0.005280272412152454,0.0,,,,0.0
2017-06-08,-0.006533241668445489,0.0,,,,0.0
2017-06-09,-0.00912454251071615,0.0,,,,0.0
2017-06-12,-0.0014932827593217013,0.0,,,,0.0
2017-06-13,0.0009970317877492363,0.0,,,,0.0
2017-06-14,-0.00547811789275976,0.0,,,,0.0
2017-06-15,-0.004172926066378535,0.0,,,,0.0
2017-06-16,0.00016758836001962152,0.0,,,,0.0
2017-06-19,-0.007625239321596311,0.0,,,,0.0
2017-06-20,-0.0021109516115493943,0.0,,,,0.0
2017-06-21,0.0028769363429739236,0.0,,,,0.0
2017-06-22,0.0033749707830614817,0.0,,,,0.0
2017-06-23,0.004288615406013774,0.0,,,,0.0
2017-06-26,-0.008959220397639522,0.0,,,,0.0
2017-06-27,0.0038019343183648413,0.0,,,,0.0
2017-06-28,0.0007575454013519778,0.0,,,,0.0
2017-06-29,-0.00487806411784153,0.0,,,,0.0
2017-06-30,-0.00253552275635216,0.0,,,,0.0
2017-07-03,-0.016353163532217163,0.0,,,,0.0
2017-07-05,0.003704025486608087,0.0,,,,0.0
2017-07-06,-0.00042907160833882685,0.0,,,,0.0
2017-07-07,-0.010217244173899132,0.0,,,,0.0
2017-07-10,0.0016481821948142183,0.0,,,,0.0
2017-07-11,0.0012990519121256483,0.0,,,,0.0
2017-07-12,0.0035460648934033667,0.0,,,,0.0
2017-07-13,-0.0018098688846157618,0.0,,,,0.0
2017-07-14,0.008202356680584888,0.0,,,,0.0
2017-07-17,0.004453235312239068,0.0,,,,0.0
2017-07-18,0.006991215691223296,0.0,,,,0.0
2017-07-19,-0.0002539901713813908,0.0,,,,0.0
2017-07-20,0.001354979930841882,0.0,,,,0.0
2017-07-21,0.008626558617128355,0.0,,,,0.0
2017-07-24,0.00041921366315400554,0.0,,,,0.0
2017-07-25,-0.0032687905257637873,0.0,,,,0.0
2017-07-26,0.008072646310579579,0.0,,,,0.0
2017-07-27,-0.0007507202198243634,0.0,,,,0.0
2017-07-28,0.00751316068954333,0.0,,,,0.0
2017-07-31,0.0004971211979458712,0.0,,,,0.0
2017-08-01,-0.0008281447132181263,0.0,,,,0.0
2017-08-02,-0.002072109381170417,0.0,,,,0.0
2017-08-03,0.0015780299800982611,0.0,,,,0.0
2017-08-04,-0.007794965092940864,0.0,,,,0.0
2017-08-07,-0.0011700742821817434,0.0,,,,0.0
2017-08-08,0.0029286123995055924,0.0,,,,0.0
2017-08-09,0.012097421498902916,0.0,,,,0.0
2017-08-10,0.007419021877765664,0.0,,,,0.0
2017-08-11,0.004745944156777204,0.0,,,,0.0
2017-08-14,-0.007085289845225606,0.0,,,,0.0
2017-08-15,-0.007709931316675078,0.0,,,,0.0
2017-08-16,0.007356582616572016,0.0,,,,0.0
2017-08-17,0.00508734802014188,0.0,,,,0.0
2017-08-18,-0.0015511047050799087,0.0,,,,0.0
2017-08-21,0.0037612352656932746,0.0,,,,0.0
2017-08-22,-0.00448031151993189,0.0,,,,0.0
2017-08-23,0.003764005301683193,0.0,,,,0.0
2017-08-24,-0.003097719565419932,0.0,,,,0.0
2017-08-25,0.003679752595251218,0.0,,,,0.0
2017-08-28,0.015887278895027057,0.0,,,,0.0
2017-08-29,-0.0021654043401579948,0.0,,,,0.0
2017-08-30,-0.00048221796718150856,0.0,,,,0.0
2017-08-31,0.011740101940391323,0.0,,,,0.0
2017-09-01,0.0019074699121892635,0.0,,,,0.0
2017-09-05,0.011105834943620163,0.0,,,,0.0
2017-09-06,-0.005099651110527015,0.0,,,,0.0
2017-09-07,0.010409331674411826,0.0,,,,0.0
2017-09-08,-0.0012487602904230899,0.0,,,,0.0
2017-09-11,-0.01390950036975469,0.0,,,,0.0
2017-09-12,0.0029320477853171933,0.0,,,,0.0
2017-09-13,-0.007506297144185381,0.0,,,,0.0
2017-09-14,0.004378656548724491,0.0,,,,0.0
2017-09-15,-0.004993697404288455,0.0,,,,0.0
2017-09-18,-0.009320466663927607,0.0,,,,0.0
2017-09-19,0.0020907215740946228,0.0,,,,0.0
2017-09-20,-0.008024393981386213,0.0,,,,0.0
2017-09-21,-0.007603967161635139,0.0,,,,0.0
2017-09-22,0.004564701313993336,0.0,,,,0.0
2017-09-25,0.010467388330802407,0.0,,,,0.0
2017-09-26,-0.01116196421162674,0.0,,,,0.0
2017-09-27,-0.009420139990778287,0.0,,,,0.0
2017-09-28,0.001885519931214219,0.0,,,,0.0
2017-09-29,-0.005155038524977895,0.0,,,,0.0
2017-10-02,-0.006662322551317712,0.0,,,,0.0
2017-10-03,0.0004968550936175209,0.0,,,,0.0
2017-10-04,0.002813840376879373,0.0,,,,0.0
2017-10-05,-0.0053643767904709705,0.0,,,,0.0
2017-10-06,0.004729503075844965,0.0,,,,0.0
2017-10-09,0.0081757826666502,0.0,,,,0.0
2017-10-10,0.002621229439913275,0.0,,,,0.0
2017-10-11,0.0031862694835504968,0.0,,,,0.0
2017-10-12,0.000814386133850542,0.0,,,,0.0
2017-10-13,0.0075677460313676725,0.0,,,,0.0
2017-10-16,-0.006864791440930884,0.0,,,,0.0
2017-10-17,-0.006830966568647456,0.0,,,,0.0
2017-10-18,-0.003766470931119148,0.0,,,,0.0
2017-10-19,0.005917656213846323,0.0,,,,0.0
2017-10-20,-0.006373059753138954,0.0,,,,0.0
2017-10-23,0.0015623915833617996,0.0,,,,0.0
2017-10-24,-0.003858794818776823,0.0,,,,0.0
2017-10-25,0.0001648120231156902,0.0,,,,0.0
2017-10-26,-0.00840541125580585,0.0,,,,0.0
2017-10-27,0.004736970715121469,0.0,,,,0.0
2017-10-30,0.0019023633137824625,0.0,,,,0.0
2017-10-31,-0.003797565383496959,0.0,,,,0.0
2017-11-01,0.003646328400454868,0.0,,,,0.0
2017-11-02,0.0006605716344769696,0.0,,,,0.0
2017-11-03,-0.004703355749991034,0.0,,,,0.0
2017-11-06,0.008539203746006141,0.0,,,,0.0
2017-11-07,-0.003616953850285376,0.0,,,,0.0
2017-11-08,0.0034650455582678763,0.0,,,,0.0
2017-11-09,0.004110828013571766,0.0,,,,0.0
2017-11-10,-0.008187996581421442,0.0,,,,0.0
2017-11-13,0.0014860093226882753,0.0,,,,0.0
2017-11-14,0.0020608359165059653,0.0,,,,0.0
2017-11-15,-0.0012339083538733808,0.0,,,,0.0
2017-11-16,-8.23831309511025e-05,0.0,,,,0.0
2017-11-17,0.012026351450757033,0.0,,,,0.0
2017-11-20,-0.012616010451388715,0.0,,,,0.0
2017-11-21,0.0016487064682373376,0.0,,,,0.0
2017-11-22,0.009217308019892956,0.0,,,,0.0
2017-11-24,-0.002527909692056296,0.0,,,,0.0
2017-11-27,0.004169409233999888,0.0,,,,0.0
2017-11-28,-0.0001628614521104188,0.0,,,,0.0
2017-11-29,-0.0062698205225436565,0.0,,,,0.0
2017-11-30,-0.007702412605330111,0.0,,,,0.0
2017-12-01,0.004046225185331043,0.0,,,,0.0
2017-12-04,-0.00337195530112111,0.0,,,,0.0
2017-12-05,-0.007096885692240984,0.0,,,,0.0
2017-12-06,-0.002077792558461522,0.0,,,,0.0
2017-12-07,-0.01315900587216201,0.0,,,,0.0
2017-12-08,-8.434894941455884e-05,0.0,,,,0.0
2017-12-11,-0.003966924437765251,0.0,,,,0.0
2017-12-12,0.0011863349471583629,0.0,,,,0.0
2017-12-13,0.008633065001213636,0.0,,,,0.0
2017-12-14,-0.002013911785324396,0.0,,,,0.0
2017-12-15,0.0021020768465358497,0.0,,,,0.0
2017-12-18,0.004614893860962033,0.0,,,,0.0
2017-12-19,0.0007516606979649509,0.0,,,,0.0
2017-12-20,0.002670670135530351,0.0,,,,0.0
2017-12-21,0.0014150005810633637,0.0,,,,0.0
2017-12-22,0.005236513137702126,0.0,,,,0.0
2017-12-26,0.006862859144246114,0.0,,,,0.0
2017-12-27,0.0037776687734956127,0.0,,,,0.0
2017-12-28,0.005072364396301321,0.0,,,,0.0
2017-12-29,0.006512031434223742,0.0,,,,0.0
2018-01-02,0.012131014811884722,0.0,,,,0.0
2018-01-03,-0.002636850395774437,0.0,,,,0.0
2018-01-04,0.00512737855482448,0.0,,,,0.0
2018-01-05,-0.0010361649479244672,0.0,,,,0.0
2018-01-08,-0.00015961279955856167,0.0,,,,0.0
2018-01-09,-0.0046284750854691525,0.0,,,,0.0
2018-01-10,0.002405158456580736,0.0,,,,0.0
2018-01-11,0.003279242310744168,0.0,,,,0.0
2018-01-12,0.012117319941670202,0.0,,,,0.0
2018-01-16,0.0016540570729914883,0.0,,,,0.0
2018-01-17,-0.008099385028916384,0.0,,,,0.0
2018-01-18,-0.002219746160232239,0.0,,,,0.0
2018-01-19,0.004449368789751107,0.0,,,,0.0
2018-01-22,0.0018193589642852004,0.0,,,,0.0
2018-01-23,0.004974316982453653,0.0,,,,0.0
2018-01-24,0.012177899643490031,0.0,,,,0.0
2018-01-25,-0.006675468432262743,0.0,,,,0.0
2018-01-26,0.0007814808358339587,0.0,,,,0.0
2018-01-29,-0.005621994291566623,0.0,,,,0.0
2018-01-30,-0.004318770545372663,0.0,,,,0.0
2018-01-31,0.006703457836465088,0.0,,,,0.0
2018-02-01,0.003290292152912322,0.0,,,,0.0
2018-02-02,-0.013117887393550687,0.0,,,,0.0
2018-02-05,0.002531843471552664,0.0,,,,0.0
2018-02-06,-0.010496423649786535,0.0,,,,0.0
2018-02-07,-0.004705665583148222,0.0,,,,0.0
2018-02-08,0.0015225774502147793,0.0,,,,0.0
2018-02-09,-0.0016803225174144565,0.0,,,,0.0
2018-02-12,0.004808897328354433,0.0,,,,0.0
2018-02-13,0.0056632293923437604,0.0,,,,0.0
2018-02-14,0.017052616317100977,0.0,,,,0.0
2018-02-15,0.001169844500285011,0.0,,,,0.0
2018-02-16,-0.003271582663696204,0.0,,,,0.0
2018-02-20,-0.013441710167313103,0.0,,,,0.0
2018-02-21,-0.004594377467322608,0.0,,,,0.0
2018-02-22,0.005093103382117992,0.0,,,,0.0
2018-02-23,-0.0012668539845070992,0.0,,,,0.0
2018-02-26,0.0024575674654647717,0.0,,,,0.0
2018-02-27,-0.01043890649807222,0.0,,,,0.0
2018-02-28,-0.0010388975966705294,0.0,,,,0.0
2018-03-01,-0.0022399902343750444,0.0,,,,0.0
2018-03-02,0.005372018620811936,0.0,,,,0.0
2018-03-05,-0.0016747674096407872,0.0,,,,0.0
2018-03-06,0.010784458146907872,0.0,,,,0.0
2018-03-07,-0.006401624645603676,0.0,,,,0.0
2018-03-08,-0.0023862794212923255,0.0,,,,0.0
2018-03-09,0.0009568071147663115,0.0,,,,0.0
2018-03-12,0.0,0.0,,,,0.0
2018-03-13,0.0019117242474055995,0.0,,,,0.0
2018-03-14,-0.0006360457292980959,0.0,,,,0.0
2018-03-15,-0.006364323323672649,0.0,,,,0.0
2018-03-16,-0.0024019459414951205,0.0,,,,0.0
2018-03-19,0.0021669685053569143,0.0,,,,0.0
2018-03-20,-0.004484705499084418,0.0,,,,0.0
2018-03-21,0.01745640608927701,0.0,,,,0.0
2018-03-22,-0.003953194075975608,0.0,,,,0.0
2018-03-23,0.012938539529958382,0.0,,,,0.0
2018-03-26,0.005250357853935794,0.0,,,,0.0
2018-03-27,-0.0061584106879087885,0.0,,,,0.0
2018-03-28,-0.01380496145836152,0.0,,,,0.0
2018-03-29,0.0004771936450476133,0.0,,,,0.0
2018-04-02,0.011686153191860393,0.0,,,,0.0
2018-04-03,-0.007543604183229413,0.0,,,,0.0
2018-04-04,0.0011876001018218396,0.0,,,,0.0
2018-04-05,-0.005140323544257752,0.0,,,,0.0
2018-04-06,0.004689954877408642,0.0,,,,0.0
2018-04-09,0.0034021703240154633,0.0,,,,0.0
2018-04-10,0.0023655815524343815,0.0,,,,0.0
2018-04-11,0.007787899955785216,0.0,,,,0.0
2018-04-12,-0.011630613197024187,0.0,,,,0.0
2018-04-13,0.006555000660688037,0.0,,,,0.0
2018-04-16,0.0014123209845888773,0.0,,,,0.0
2018-04-17,0.0009402393572395251,0.0,,,,0.0
2018-04-18,0.0007827669207129961,0.0,,,,0.0
2018-04-19,-0.001955416527053,0.0,,,,0.0
2018-04-20,-0.007601890535287481,0.0,,,,0.0
2018-04-23,-0.007975949843974872,0.0,,,,0.0
2018-04-24,0.004855919415812648,0.0,,,,0.0
2018-04-25,-0.006496075996334616,0.0,,,,0.0
2018-04-26,-0.0035085115107064135,0.0,,,,0.0
2018-04-27,0.004241008034887361,0.0,,,,0.0
2018-04-30,-0.007251025196090666,0.0,,,,0.0
2018-05-01,-0.007063145351023148,0.0,,,,0.0
2018-05-02,-0.0004849855228984401,0.0,,,,0.0
2018-05-03,0.005095004008440096,0.0,,,,0.0
2018-05-04,0.002092067418605348,0.0,,,,0.0
2018-05-07,0.0002408766587147504,0.0,,,,0.0
2018-05-08,0.00016052535213439967,0.0,,,,0.0
2018-05-09,-0.0020868008225221057,0.0,,,,0.0
2018-05-10,0.0068366320405601755,0.0,,,,0.0
2018-05-11,-0.0014379318160805399,0.0,,,,0.0
2018-05-14,-0.004080017089843735,0.0,,,,0.0
2018-05-15,-0.01614583132241265,0.0,,,,0.0
2018-05-16,-0.0015512935679184991,0.0,,,,0.0
2018-05-17,0.0005724073456552237,0.0,,,,0.0
2018-05-18,0.0004086552101045804,0.0,,,,0.0
2018-05-21,0.0005718461950008358,0.0,,,,0.0
2018-05-22,-0.0005715193738216051,0.0,,,,0.0
2018-05-23,0.001061982268841355,0.0,,,,0.0
2018-05-24,0.00856859323093273,0.0,,,,0.0
2018-05-25,-0.003074660285441455,0.0,,,,0.0
2018-05-29,-0.000162297242228715,0.0,,,,0.0
2018-05-30,0.001461160009810003,0.0,,,,0.0
2018-05-31,-0.00218857312515075,0.0,,,,0.0
2018-06-01,-0.004955325896935703,0.0,,,,0.0
2018-06-04,-0.000979631964080463,0.0,,,,0.0
2018-06-05,0.003922495029546447,0.0,,,,0.0
2018-06-06,0.0005697980927446,0.0,,,,0.0
2018-06-07,-0.00048810250152531154,0.0,,,,0.0
2018-06-08,0.0012209142530825723,0.0,,,,0.0
2018-06-11,0.0017884823744616085,0.0,,,,0.0
2018-06-12,-0.0033271415316106223,0.0,,,,0.0
2018-06-13,0.003012561044629436,0.0,,,,0.0
2018-06-14,0.0015422908372948463,0.0,,,,0.0
2018-06-15,-0.01653429211330959,0.0,,,,0.0
2018-06-18,-0.0018954650937899054,0.0,,,,0.0
2018-06-19,-0.0025596363391253707,0.0,,,,0.0
2018-06-20,-0.004470206141435118,0.0,,,,0.0
2018-06-21,-0.001746208886931222,0.0,,,,0.0
2018-06-22,0.0024156041546103957,0.0,,,,0.0
2018-06-25,-0.0037393797734436296,0.0,,,,0.0
2018-06-26,-0.0052547940330739396,0.0,,,,0.0
2018-06-27,-0.005701830395735019,0.0,,,,0.0
2018-06-28,-0.00303593021413906,0.0,,,,0.0
2018-06-29,0.003637288959023266,0.0,,,,0.0
2018-07-02,-0.010029518972628937,0.0,,,,0.0
2018-07-03,0.01013112932642235,0.0,,,,0.0
2018-07-05,0.003371272825408722,0.0,,,,0.0
2018-07-06,-0.0015959885471287238,0.0,,,,0.0
2018-07-09,0.0024398528860691826,0.0,,,,0.0
2018-07-10,-0.001846422307055895,0.0,,,,0.0
2018-07-11,-0.010846724226159843,0.0,,,,0.0
2018-07-12,0.004165231777556899,0.0,,,,0.0
2018-07-13,-0.004401901762097649,0.0,,,,0.0
2018-07-16,-0.0005101399394812356,0.0,,,,0.0
2018-07-17,-0.01080394929383155,0.0,,,,0.0
2018-07-18,0.00025798744076199753,0.0,,,,0.0
2018-07-19,-0.004298856594405098,0.0,,,,0.0
2018-07-20,0.006476124823511453,0.0,,,,0.0
2018-07-23,-0.004804371742649027,0.0,,,,0.0
2018-07-24,0.0003448354786839136,0.0,,,,0.0
2018-07-25,0.005515334234738045,0.0,,,,0.0
2018-07-26,-0.0077991400388178755,0.0,,,,0.0
2018-07-27,0.0005183138095208317,0.0,,,,0.0
2018-07-30,-0.0015540041641225466,0.0,,,,0.0
2018-07-31,0.002939873181190933,0.0,,,,0.0
2018-08-01,-0.007328204929526905,0.0,,,,0.0
2018-08-02,-0.005384772884042377,0.0,,,,0.0
2018-08-03,0.003492853105171001,0.0,,,,0.0
2018-08-06,-0.0051339744804317355,0.0,,,,0.0
2018-08-07,0.0022740706959851753,0.0,,,,0.0
2018-08-08,0.002792628802213759,0.0,,,,0.0
2018-08-09,-0.0014794690881722028,0.0,,,,0.0
2018-08-10,-0.0004357279352805721,0.0,,,,0.0
2018-08-13,-0.01508416880379293,0.0,,,,0.0
2018-08-14,0.0009738014451408095,0.0,,,,0.0
2018-08-15,-0.016626844065553037,0.0,,,,0.0
2018-08-16,-0.0008094609704913935,0.0,,,,0.0
2018-08-17,0.009270916232611892,0.0,,,,0.0
2018-08-20,0.0049942495470025605,0.0,,,,0.0
2018-08-21,0.002928336094692563,0.0,,,,0.0
2018-08-22,0.002211997942183075,0.0,,,,0.0
2018-08-23,-0.009446452957847074,0.0,,,,0.0
2018-08-24,0.01746886601762876,0.0,,,,0.0
2018-08-27,0.00376657902932398,0.0,,,,0.0
2018-08-28,-0.007941321771505638,0.0,,,,0.0
2018-08-29,0.004574213948543848,0.0,,,,0.0
2018-08-30,-0.004903656511020316,0.0,,,,0.0
2018-08-31,-0.0011439392301669793,0.0,,,,0.0
2018-09-04,-0.005109698001402485,0.0,,,,0.0
2018-09-05,0.0034534613352918964,0.0,,,,0.0
2018-09-06,0.0019414156485668688,0.0,,,,0.0
2018-09-07,-0.0027302937827557994,0.0,,,,0.0
2018-09-10,-0.000706542689065337,0.0,,,,0.0
2018-09-11,0.0006186451072049959,0.0,,,,0.0
2018-09-12,0.008390716640166218,0.0,,,,0.0
2018-09-13,-0.003591101333891067,0.0,,,,0.0
2018-09-14,-0.006504970809317334,0.0,,,,0.0
2018-09-17,0.005220350246058381,0.0,,,,0.0
2018-09-18,-0.0014963310274801467,0.0,,,,0.0
2018-09-19,0.0038786565809445506,0.0,,,,0.0
2018-09-20,0.0034246522572403126,0.0,,,,0.0
2018-09-21,-0.006825928084458366,0.0,,,,0.0
2018-09-24,-0.00017619740455376842,0.0,,,,0.0
2018-09-25,0.0015863250483771907,0.0,,,,0.0
2018-09-26,-0.005279352979018381,0.0,,,,0.0
2018-09-27,-0.008845643281780058,0.0,,,,0.0
2018-09-28,0.006336448595585464,0.0,,,,0.0
2018-10-01,-0.001685016298391906,0.0,,,,0.0
2018-10-02,0.011548397044346626,0.0,,,,0.0
2018-10-03,-0.003951915050342092,0.0,,,,0.0
2018-10-04,0.0005290529796950771,0.0,,,,0.0
2018-10-05,0.002819877382429281,0.0,,,,0.0
2018-10-08,-0.011072074713894375,0.0,,,,0.0
2018-10-09,0.0005331220730910857,0.0,,,,0.0
2018-10-10,0.00248666770063255,0.0,,,,0.0
2018-10-11,0.025691013434101517,0.0,,,,0.0
2018-10-12,-0.004750349180877911,0.0,,,,0.0
2018-10-15,0.006682258271583086,0.0,,,,0.0
2018-10-16,-0.0017241116227775244,0.0,,,,0.0
2018-10-17,-8.63742311474347e-05,0.0,,,,0.0
2018-10-18,0.001122698440194414,0.0,,,,0.0
2018-10-19,0.0007764317521294917,0.0,,,,0.0
2018-10-22,-0.002586010225269386,0.0,,,,0.0
2018-10-23,0.005876763551604158,0.0,,,,0.0
2018-10-24,0.0023198236435848507,0.0,,,,0.0
2018-10-25,-0.002228717024418514,0.0,,,,0.0
2018-10-26,0.0031786521678458524,0.0,,,,0.0
2018-10-29,-0.003939360261170033,0.0,,,,0.0
2018-10-30,-0.0043847864976440665,0.0,,,,0.0
2018-10-31,-0.005613139108367582,0.0,,,,0.0
2018-11-01,0.01285276342099273,0.0,,,,0.0
2018-11-02,0.00017151910256396619,0.0,,,,0.0
2018-11-05,-0.0024003324100665413,0.0,,,,0.0
2018-11-06,-0.002835798085983776,0.0,,,,0.0
2018-11-07,-8.619558903444346e-05,0.0,,,,0.0
2018-11-08,-0.0021546152083956605,0.0,,,,0.0
2018-11-09,-0.011228151978489587,0.0,,,,0.0
2018-11-12,-0.007162820324765118,0.0,,,,0.0
2018-11-13,0.0003518677181439944,0.0,,,,0.0
2018-11-14,0.008267391966898296,0.0,,,,0.0
2018-11-15,0.0011339606953078007,0.0,,,,0.0
2018-11-16,0.00740616997802257,0.0,,,,0.0
2018-11-19,0.0004324115306661991,0.0,,,,0.0
2018-11-20,0.0,0.0,,,,0.0
2018-11-21,0.0016426250921932617,0.0,,,,0.0
2018-11-23,-0.0007768338236752159,0.0,,,,0.0
2018-11-26,-0.0011228924348919422,0.0,,,,0.0
2018-11-27,-0.00596681464067883,0.0,,,,0.0
2018-11-28,0.0037407596049732206,0.0,,,,0.0
2018-11-29,0.0031201301691909933,0.0,,,,0.0
2018-11-30,-0.0017279847238081958,0.0,,,,0.0
2018-12-03,0.007529883500850154,0.0,,,,0.0
2018-12-04,0.00609912432039339,0.0,,,,0.0
2018-12-06,0.0001707363609755319,0.0,,,,0.0
2018-12-07,0.00810992789134457,0.0,,,,0.0
2018-12-10,-0.003471894702593792,0.0,,,,0.0
2018-12-11,-0.001189661703648759,0.0,,,,0.0
2018-12-12,0.0021269354947484054,0.0,,,,0.0
2018-12-13,-0.002207336227265433,0.0,,,,0.0
2018-12-14,-0.0039989894119348834,0.0,,,,0.0
2018-12-17,0.0069195729103175285,0.0,,,,0.0
2018-12-18,0.0023754880187698557,0.0,,,,0.0
2018-12-19,-0.006093958623821227,0.0,,,,0.0
2018-12-20,0.015413416962360094,0.0,,,,0.0
2018-12-21,-0.004360924625816387,0.0,,,,0.0
2018-12-24,0.010950096100037499,0.0,,,,0.0
2018-12-26,-0.002999441684935489,0.0,,,,0.0
2018-12-27,0.007604847107346435,0.0,,,,0.0
2018-12-28,0.004064011487183938,0.0,,,,0.0
2018-12-31,0.0015694898830167503,0.0,,,,0.0
2019-01-02,0.0006598089159148834,0.0,,,,0.0
2019-01-03,0.009066170423806419,0.0,,,,0.0
2019-01-04,-0.00808623590052937,0.0,,,,0.0
2019-01-07,0.003458482876331992,0.0,,,,0.0
2019-01-08,-0.00270804061547536,0.0,,,,0.0
2019-01-09,0.006418158373500793,0.0,,,,0.0
2019-01-10,-0.005886691481276518,0.0,,,,0.0
2019-01-11,0.001727170986037363,0.0,,,,0.0
2019-01-14,0.002380897199235621,0.0,,,,0.0
2019-01-15,-0.0017200351443329431,0.0,,,,0.0
2019-01-16,0.003199863787636481,0.0,,,,0.0
2019-01-17,-0.001308546962521917,0.0,,,,0.0
2019-01-18,-0.008926410300850951,0.0,,,,0.0
2019-01-22,0.0035531343340227117,0.0,,,,0.0
2019-01-23,-0.0013997379433262624,0.0,,,,0.0
2019-01-24,-0.0015666428373899421,0.0,,,,0.0
2019-01-25,0.01461726258147622,0.0,,,,0.0
2019-01-28,0.0034999210730881636,0.0,,,,0.0
2019-01-29,0.005596580714432919,0.0,,,,0.0
2019-01-30,0.005726722578225818,0.0,,,,0.0
2019-01-31,0.00048117377030232333,0.0,,,,0.0
2019-02-01,-0.002004008016032066,0.0,,,,0.0
2019-02-04,-0.004337356751223598,0.0,,,,0.0
2019-02-05,0.002581475453272253,0.0,,,,0.0
2019-02-06,-0.006758902044908588,0.0,,,,0.0
2019-02-07,0.002430293392984062,0.0,,,,0.0
2019-02-08,0.0037982966608789415,0.0,,,,0.0
2019-02-11,-0.004911042708701019,0.0,,,,0.0
2019-02-12,0.002103577179937588,0.0,,,,0.0
2019-02-13,-0.003956062177902009,0.0,,,,0.0
2019-02-14,0.005592889654295163,0.0,,,,0.0
2019-02-15,0.005964900110646543,0.0,,,,0.0
2019-02-19,0.015224309695700766,0.0,,,,0.0
2019-02-20,-0.0017363346220005127,0.0,,,,0.0
2019-02-21,-0.011306137470128319,0.0,,,,0.0
2019-02-22,0.0035985360836492397,0.0,,,,0.0
2019-02-25,-0.0010358346885893654,0.0,,,,0.0
2019-02-26,0.001675034536747555,0.0,,,,0.0
2019-02-27,-0.0070871108191714605,0.0,,,,0.0
2019-02-28,-0.005613959130088775,0.0,,,,0.0
2019-03-01,-0.017017506627186707,0.0,,,,0.0
2019-03-04,-0.0026255308667169075,0.0,,,,0.0
2019-03-05,0.0013162525939691694,0.0,,,,0.0
2019-03-06,-0.0009037184460104486,0.0,,,,0.0
2019-03-07,-0.0008222882461903502,0.0,,,,0.0
2019-03-08,0.010945553273622899,0.0,,,,0.0
2019-03-11,-0.004884390198699684,0.0,,,,0.0
2019-03-12,0.006053709964792153,0.0,,,,0.0
2019-03-13,0.006992949727453013,0.0,,,,0.0
2019-03-14,-0.011547098821608426,0.0,,,,0.0
2019-03-15,0.004574769560006908,0.0,,,,0.0
2019-03-18,0.0005692420438265788,0.0,,,,0.0
2019-03-19,0.002763299214570525,0.0,,,,0.0
2019-03-20,0.006484057947534483,0.0,,,,0.0
2019-03-21,-0.004026413261163153,0.0,,,,0.0
2019-03-22,0.002344768069306058,0.0,,,,0.0
2019-03-25,0.007663119616744263,0.0,,,,0.0
2019-03-26,-0.004963137418149799,0.0,,,,0.0
2019-03-27,-0.005229296137734152,0.0,,,,0.0
2019-03-28,-0.014152850613865509,0.0,,,,0.0
2019-03-29,0.0009023839948698598,0.0,,,,0.0
2019-04-01,-0.003934131206699276,0.0,,,,0.0
2019-04-02,0.0037028271386223555,0.0,,,,0.0
2019-04-03,-0.0014756542074283452,0.0,,,,0.0
2019-04-04,0.00254513588527594,0.0,,,,0.0
2019-04-05,-0.0010645913747292512,0.0,,,,0.0
2019-04-08,0.004344964459018774,0.0,,,,0.0
2019-04-09,0.0052240582686200465,0.0,,,,0.0
2019-04-10,0.003085645543724258,0.0,,,,0.0
2019-04-11,-0.012790430232882732,0.0,,,,0.0
2019-04-12,-0.0009839698252590567,0.0,,,,0.0
2019-04-15,-0.0018879040751599296,0.0,,,,0.0
2019-04-16,-0.008963785785923273,0.0,,,,0.0
2019-04-17,-0.0019085831288392363,0.0,,,,0.0
2019-04-18,0.0007482870651696061,0.0,,,,0.0
2019-04-22,0.0,0.0,,,,0.0
2019-04-23,-0.002076929420084306,0.0,,,,0.0
2019-04-24,0.0029137401441747812,0.0,,,,0.0
2019-04-25,0.0008300695036758121,0.0,,,,0.0
2019-04-26,0.006635175033447016,0.0,,,,0.0
2019-04-29,-0.004449212353194509,0.0,,,,0.0
2019-04-30,0.0030621129817147708,0.0,,,,0.0
2019-05-01,-0.0066006224629272525,0.0,,,,0.0
2019-05-02,-0.0038205903541769226,0.0,,,,0.0
2019-05-03,0.005919618726200282,0.0,,,,0.0
2019-05-06,0.001326117121353887,0.0,,,,0.0
2019-05-07,0.003310996887363693,0.0,,,,0.0
2019-05-08,-0.0024750055657883907,0.0,,,,0.0
2019-05-09,0.002398422606480155,0.0,,,,0.0
2019-05-10,0.001897717514232511,0.0,,,,0.0
2019-05-13,0.010211626950944463,0.0,,,,0.0
2019-05-14,-0.001711902564663248,0.0,,,,0.0
2019-05-15,-0.0005716127335255727,0.0,,,,0.0
2019-05-16,-0.007190107507202059,0.0,,,,0.0
2019-05-17,-0.007077611679961793,0.0,,,,0.0
2019-05-20,-8.290208125960596e-05,0.0,,,,0.0
2019-05-21,-0.002320944800343727,0.0,,,,0.0
2019-05-22,-0.0009970317877491253,0.0,,,,0.0
2019-05-23,0.007734533613593886,0.0,,,,0.0
2019-05-24,0.0010729131367257505,0.0,,,,0.0
2019-05-28,-0.0038747008151563955,0.0,,,,0.0
2019-05-29,0.00033105118696652447,0.0,,,,0.0
2019-05-30,0.0067841455794739325,0.0,,,,0.0
2019-05-31,0.013476862164072179,0.0,,,,0.0
2019-06-03,0.014432812396575123,0.0,,,,0.0
2019-06-04,0.0003197259638094696,0.0,,,,0.0
2019-06-05,0.00255692921232642,0.0,,,,0.0
2019-06-06,0.003267681746441209,0.0,,,,0.0
2019-06-07,0.0056402851919619135,0.0,,,,0.0
2019-06-10,-0.00995334973762696,0.0,,,,0.0
2019-06-11,-0.0011968524989021123,0.0,,,,0.0
2019-06-12,0.00519253494403471,0.0,,,,0.0
2019-06-13,0.006119340633088832,0.0,,,,0.0
2019-06-14,-0.00031596300165459557,0.0,,,,0.0
2019-06-17,-0.0006320654488249922,0.0,,,,0.0
2019-06-18,0.005060083591572395,0.0,,,,0.0
2019-06-19,0.006057242183997058,0.0,,,,0.0
2019-06-20,0.025177896911959374,0.0,,,,0.0
2019-06-21,0.006635612181659978,0.0,,,,0.0
2019-06-24,0.014850786310930397,0.0,,,,0.0
2019-06-25,0.0019411266395166216,0.0,,,,0.0
2019-06-26,-0.009165393111099984,0.0,,,,0.0
2019-06-27,-0.000977700846950591,0.0,,,,0.0
2019-06-28,0.0027100317696175935,0.0,,,,0.0
2019-07-01,-0.019369383559800002,0.0,,,,0.0
2019-07-02,0.021359735486276676,0.0,,,,0.0
2019-07-03,0.001649060899963084,0.0,,,,0.0
2019-07-05,-0.011150231525253074,0.0,,,,0.0
2019-07-08,-0.006432617734537516,0.0,,,,0.0
2019-07-09,0.0035037454291328984,0.0,,,,0.0
2019-07-10,0.015787490178783115,0.0,,,,0.0
2019-07-11,-0.008443584154164463,0.0,,,,0.0
2019-07-12,0.006254723814186791,0.0,,,,0.0
2019-07-15,0.0,0.0,,,,0.0
2019-07-16,-0.008462554430785363,0.0,,,,0.0
2019-07-17,0.01646531748539748,0.0,,,,0.0
2019-07-18,0.014117951186161548,0.0,,,,0.0
2019-07-19,-0.014727392803034478,0.0,,,,0.0
2019-07-22,-0.00014876383044060137,0.0,,,,0.0
2019-07-23,-0.005652618252780628,0.0,,,,0.0
2019-07-24,0.005086339018351538,0.0,,,,0.0
2019-07-25,-0.007070008058076338,0.0,,,,0.0
2019-07-26,0.001648937368628589,0.0,,,,0.0
2019-07-29,0.006659678193005059,0.0,,,,0.0
2019-07-30,0.003344956160896251,0.0,,,,0.0
2019-07-31,-0.013112972808538625,0.0,,,,0.0
2019-08-01,0.02402219643390402,0.0,,,,0.0
2019-08-02,-0.0038120684590625675,0.0,,,,0.0
2019-08-05,0.013981852270352535,0.0,,,,0.0
2019-08-06,0.008128386897085838,0.0,,,,0.0
2019-08-07,0.015189695160357397,0.0,,,,0.0
2019-08-08,0.005034686098196239,0.0,,,,0.0
2019-08-09,-0.0033161732510501585,0.0,,,,0.0
2019-08-12,0.009698502260031328,0.0,,,,0.0
2019-08-13,-0.005959518154781018,0.0,,,,0.0
2019-08-14,0.0068415942238304606,0.0,,,,0.0
2019-08-15,0.0066549698650941735,0.0,,,,0.0
2019-08-16,-0.006402214255277094,0.0,,,,0.0
2019-08-19,-0.011696303286335752,0.0,,,,0.0
2019-08-20,0.007795380191040424,0.0,,,,0.0
2019-08-21,-0.003164420123660472,0.0,,,,0.0
2019-08-22,-0.0025395077899371676,0.0,,,,0.0
2019-08-23,0.019589847185487175,0.0,,,,0.0
2019-08-26,0.00013875475282665306,0.0,,,,0.0
2019-08-27,0.00957073902105865,0.0,,,,0.0
2019-08-28,-0.002816539407023644,0.0,,,,0.0
2019-08-29,-0.007164566813753437,0.0,,,,0.0
2019-08-30,-0.0025672712303844714,0.0,,,,0.0
2019-09-03,0.013913043478260834,0.0,,,,0.0
2019-09-04,0.006243592878966586,0.0,,,,0.0
2019-09-05,-0.024001119491110168,0.0,,,,0.0
2019-09-06,-0.008523132778435305,0.0,,,,0.0
2019-09-09,-0.0037344897557421985,0.0,,,,0.0
2019-09-10,-0.008557937047107611,0.0,,,,0.0
2019-09-11,0.006063676329913781,0.0,,,,0.0
2019-09-12,0.002056360685188219,0.0,,,,0.0
2019-09-13,-0.008279177519783909,0.0,,,,0.0
2019-09-16,0.008348294532203537,0.0,,,,0.0
2019-09-17,0.0019813102518067005,0.0,,,,0.0
2019-09-18,-0.006285306153149484,0.0,,,,0.0
2019-09-19,0.004050828215713009,0.0,,,,0.0
2019-09-20,0.011820485442912032,0.0,,,,0.0
2019-09-23,0.005596383832365381,0.0,,,,0.0
2019-09-24,0.005286918308423871,0.0,,,,0.0
2019-09-25,-0.018545379403875573,0.0,,,,0.0
2019-09-26,-0.0002820880237280887,0.0,,,,0.0
2019-09-27,-0.005148429100112373,0.0,,,,0.0
2019-09-30,-0.015525325955691782,0.0,,,,0.0
2019-10-01,0.005472814807717441,0.0,,,,0.0
2019-10-02,0.011673634369571584,0.0,,,,0.0
2019-10-03,0.004530648552570016,0.0,,,,0.0
2019-10-04,0.0,0.0,,,,0.0
2019-10-07,-0.008527071931805796,0.0,,,,0.0
2019-10-08,0.00874259511120079,0.0,,,,0.0
2019-10-09,0.0009160434363713055,0.0,,,,0.0
2019-10-10,-0.008729359144837523,0.0,,,,0.0
2019-10-11,-0.005539370732339566,0.0,,,,0.0
2019-10-14,0.003999125640758994,0.0,,,,0.0
2019-10-15,-0.006970593591764218,0.0,,,,0.0
2019-10-16,0.0057302703836425994,0.0,,,,0.0
2019-10-17,0.0014243781997433924,0.0,,,,0.0
2019-10-18,-0.0010667370445437419,0.0,,,,0.0
2019-10-21,-0.004770136663166058,0.0,,,,0.0
2019-10-22,0.002932997222985456,0.0,,,,0.0
2019-10-23,0.0023537934253772264,0.0,,,,0.0
2019-10-24,0.007115918371069618,0.0,,,,0.0
2019-10-25,0.0023316740895991117,0.0,,,,0.0
2019-10-28,-0.008600036764796815,0.0,,,,0.0
2019-10-29,-0.0027730332148816483,0.0,,,,0.0
2019-10-30,0.005490226541611021,0.0,,,,0.0
2019-10-31,0.009998499224238566,0.0,,,,0.0
2019-11-01,0.000912763389017579,0.0,,,,0.0
2019-11-04,-0.002876007780098777,0.0,,,,0.0
2019-11-05,-0.016180006273117664,0.0,,,,0.0
2019-11-06,0.004290245395359271,0.0,,,,0.0
2019-11-07,-0.015521486102876958,0.0,,,,0.0
2019-11-08,-0.006364394703267995,0.0,,,,0.0
2019-11-11,-0.002401934875323586,0.0,,,,0.0
2019-11-12,0.0026995120660886496,0.0,,,,0.0
2019-11-13,0.004002059820052306,0.0,,,,0.0
2019-11-14,0.004203521155341949,0.0,,,,0.0
2019-11-15,-0.0025259154943226836,0.0,,,,0.0
2019-11-18,0.0029664162029099383,0.0,,,,0.0
2019-11-19,0.0005050304911609071,0.0,,,,0.0
2019-11-20,0.0005046655432805469,0.0,,,,0.0
2019-11-21,-0.005477043362080103,0.0,,,,0.0
2019-11-22,-0.0018840181654777854,0.0,,,,0.0
2019-11-25,-0.004791662812458131,0.0,,,,0.0
2019-11-26,0.004814733391401704,0.0,,,,0.0
2019-11-27,-0.005299919828770094,0.0,,,,0.0
2019-11-29,0.006203971517371398,0.0,,,,0.0
2019-12-02,-0.0005078146228696401,0.0,,,,0.0
2019-12-03,0.00957984896245434,0.0,,,,0.0
2019-12-04,-0.0013658431498282386,0.0,,,,0.0
2019-12-05,0.0005758841931267078,0.0,,,,0.0
2019-12-06,-0.009928092682104261,0.0,,,,0.0
2019-12-09,-0.00029060665275248976,0.0,,,,0.0
2019-12-10,0.0028347098739491816,0.0,,,,0.0
2019-12-11,0.00688553265084435,0.0,,,,0.0
2019-12-12,-0.003527249493396556,0.0,,,,0.0
2019-12-13,0.004478873140076667,0.0,,,,0.0
2019-12-16,-7.198680622300113e-05,0.0,,,,0.0
2019-12-17,-0.00021575647831872935,0.0,,,,0.0
2019-12-18,7.200752478642158e-05,0.0,,,,0.0
2019-12-19,0.002589559770448613,0.0,,,,0.0
2019-12-20,0.0010044438566789715,0.0,,,,0.0
2019-12-23,0.003081942822633188,0.0,,,,0.0
2019-12-24,0.009431992518777577,0.0,,,,0.0
2019-12-26,0.007857298625196796,0.0,,,,0.0
2019-12-27,-0.0003511943393945671,0.0,,,,0.0
2019-12-30,0.0021077991140190377,0.0,,,,0.0
2019-12-31,0.0018929327941459295,0.0,,,,0.0
2020-01-02,0.0073478173310379535,0.0,,,,0.0
2020-01-03,0.013268521727000326,0.0,,,,0.0
2020-01-06,0.010489502076611812,0.0,,,,0.0
2020-01-07,0.003935150508558971,0.0,,,,0.0
2020-01-08,-0.007501524641443713,0.0,,,,0.0
2020-01-09,-0.005651653463197515,0.0,,,,0.0
2020-01-10,0.006026192495848015,0.0,,,,0.0
2020-01-13,-0.007419483430124996,0.0,,,,0.0
2020-01-14,-0.0008915435213457945,0.0,,,,0.0
2020-01-15,0.005834242779070742,0.0,,,,0.0
2020-01-16,-0.0015695082440052577,0.0,,,,0.0
2020-01-17,0.0018454259925253513,0.0,,,,0.0
2020-01-21,0.0010915790702048511,0.0,,,,0.0
2020-01-22,0.0003406555206315609,0.0,,,,0.0
2020-01-23,0.002248122121045526,0.0,,,,0.0
2020-01-24,0.005845572586286041,0.0,,,,0.0
2020-01-27,0.006825312844883635,0.0,0.99,0.01,0.8229614354714565,1.0
2020-01-28,-0.008926785569624784,0.0,0.99,0.01,0.6291336642754056,1.0
2020-01-29,0.005417872354848807,0.0,0.99,0.01,0.4406665923158003,0.0
2020-01-30,6.732120695107646e-05,0.0,0.99,0.01,0.4150517187270881,0.0
2020-01-31,0.005792420039608892,0.0,0.99,0.01,0.3767741741147654,0.0
2020-02-03,-0.006495688802043542,0.0,0.99,0.01,0.20517969315473156,0.0
2020-02-04,-0.01300895070524588,0.0,0.99,0.01,0.5102919905601665,0.0
2020-02-05,0.0012293105482077404,0.0,0.99,0.01,0.45443269211918136,0.0
2020-02-06,0.005388399719282511,0.0,0.99,0.01,0.4857101792682848,0.0
2020-02-07,0.002645857569860688,0.0,0.99,0.01,0.5488788464913287,0.0
2020-02-10,0.0025712490701368385,0.0,0.99,0.01,0.7903320456038497,1.0
2020-02-11,-0.0034419552752806837,0.0,0.99,0.01,0.5067672977196109,0.0
2020-02-12,-0.0008127480224853212,0.0,0.99,0.01,0.6651735242772965,1.0
2020-02-13,0.00569345014846645,0.0,0.99,0.01,0.6364466416718342,1.0
2020-02-14,0.004178427664004669,0.0,0.99,0.01,0.43158732545858064,0.0
2020-02-18,0.012818816524224008,0.0,0.99,0.01,0.7275668737147298,1.0
2020-02-19,0.005831221275388376,0.0,0.99,0.01,0.5512060333476774,1.0
2020-02-20,0.004084659090851872,0.0,0.99,0.01,0.558642774809753,1.0
2020-02-21,0.015025216397275942,0.0,0.99,0.01,0.6628009171963508,1.0
2020-02-24,0.008985128746405113,0.0,0.99,0.01,0.6870237834924285,1.0
2020-02-25,-0.017874260693127697,0.0,0.99,0.01,0.2510577139643074,0.0
2020-02-26,0.004370503298157802,0.0,0.99,0.01,0.4665813226451134,0.0
2020-02-27,0.00019483522153040944,0.0,0.99,0.01,0.5630088779190302,1.0
2020-02-28,-0.03649347478693177,0.0,0.99,0.01,0.5515450144487398,1.0
2020-03-02,0.005526297603759334,0.0,0.99,0.01,0.382268633601042,0.0
2020-03-03,0.031434333360162325,0.0,0.99,0.01,0.8238241555780966,1.0
2020-03-04,0.0017545277375516921,0.0,0.99,0.01,0.45098429776224425,0.0
2020-03-05,0.021600945458936538,0.0,0.99,0.01,0.4689618502426928,0.0
2020-03-06,0.00038096105467699815,0.0,0.99,0.01,0.4513896820576164,0.0
2020-03-09,0.0016502348575044845,0.0,0.99,0.01,0.5108947484922856,0.0
2020-03-10,-0.02110133630677158,0.0,0.976966408294436,0.02303359170556428,0.10121482400023159,0.0
2020-03-11,-0.0035603512879937016,0.0,0.9848549097598553,0.015145090240144186,0.4871564960625644,0.0
2020-03-12,-0.0398882588306293,0.0,0.9805873013601103,0.01941269863988929,0.453291245549226,0.0
2020-03-13,-0.03051623730778741,0.0,0.2529425053361852,0.7470574946638153,0.6679494386723055,0.0
2020-03-16,-0.011446115323986206,0.0,0.010049708111229827,0.9899502918887703,0.4940854978354978,0.0
2020-03-17,0.0135554799295321,0.0,0.019646267619385267,0.9803537323806146,0.5851786672801166,0.0
2020-03-18,-0.019921988429849713,0.0,0.3753163741436563,0.6246836258563444,0.5371475046475047,0.0
2020-03-19,-0.018905499074657994,0.0,0.9531886983297736,0.0468113016702265,0.5789512317281196,0.0
2020-03-20,0.014995707221804766,0.0,0.99,0.01,0.5493566371335249,0.0
2020-03-23,0.044179590424960224,0.0,0.99,0.01,0.5682928097781039,0.0
2020-03-24,0.048530353360380474,0.0,0.99,0.01,0.5142857142857143,0.0
2020-03-25,-0.01368964099270864,0.0,0.01,0.99,0.48798204551929225,0.0
2020-03-26,0.012822223412266576,0.0,0.01,0.99,0.5211079814059726,0.0
2020-03-27,-0.006460489804721581,0.0,0.01,0.99,0.4211424046029695,0.0
2020-03-30,0.004400644787818209,0.0,0.99,0.01,0.4971245149920596,0.0
2020-03-31,-0.03184668568859872,0.0,0.99,0.01,0.4400175315352036,0.0
2020-04-01,0.009456223354449733,0.0,0.99,0.01,0.596833806883698,1.0
2020-04-02,0.0163934225377782,0.0,0.99,0.01,0.41169574310063584,0.0
2020-04-03,0.0049374590529023266,0.0,0.99,0.01,0.40913769438069786,0.0
2020-04-06,0.027710521817620126,0.0,0.99,0.01,0.4211876854726855,0.0
2020-04-07,-0.005354484768834378,0.0,0.9788842958370806,0.021115704162919177,0.2066283303763549,0.0
2020-04-08,-0.008907968786563414,0.0,0.99,0.01,0.432782907492879,0.0
2020-04-09,0.026123560972308058,0.0,0.99,0.01,0.5410727469277595,0.0
2020-04-13,0.017140343933811808,0.0,0.99,0.01,0.38231452893705725,0.0
2020-04-14,0.007868093580683189,0.0,0.99,0.01,0.3397137605098848,0.0
2020-04-15,-0.005101958505246418,0.0,0.9839063867022261,0.016093613297774086,0.2943269216952455,0.0
2020-04-16,-0.0008649946516461338,0.0,0.99,0.01,0.48036128444744935,0.0
2020-04-17,-0.019417471147623044,0.0,0.99,0.01,0.40656466065968044,0.0
2020-04-20,0.007126124562213176,0.0,0.99,0.01,0.48549906156286643,0.0
2020-04-21,-0.006825274631933054,0.0,0.99,0.01,0.45722865572524235,0.0
2020-04-22,0.019670860003665247,0.0,0.99,0.01,0.7963235854491569,1.0
2020-04-23,0.00995486708021609,0.0,0.99,0.01,0.362446026782901,0.0
2020-04-24,-0.004285520778353313,0.0,0.99,0.01,0.3939421140629394,0.0
2020-04-27,-0.006640444141094992,0.0,0.99,0.01,0.3236974615358116,0.0
2020-04-28,-0.004456556273727319,0.0,0.99,0.01,0.35757345603726665,0.0
2020-04-29,0.005533445721913166,0.0,0.99,0.01,0.7670001026018486,1.0
2020-04-30,-0.018116569301821484,0.0,0.99,0.01,0.5304839106267387,0.0
2020-05-01,0.00617125761149806,0.0,0.99,0.01,0.6069898871620539,1.0
2020-05-04,0.003504803873276119,0.0,0.99,0.01,0.5706147927458591,1.0
2020-05-05,0.004241037483481591,0.0,0.99,0.01,0.6618361236781518,1.0
2020-05-06,-0.012855591040204617,0.0,0.99,0.01,0.2779443168548743,0.0
2020-05-07,0.015350754880484763,0.0,0.99,0.01,0.6623090359881039,1.0
2020-05-08,-0.006010293229887331,0.0,0.99,0.01,0.48245584122557084,0.0
2020-05-11,-0.006233636774804485,0.0,0.99,0.01,0.6356755462222174,1.0
2020-05-12,0.0038890673962401756,0.0,0.99,0.01,0.5408707231618922,0.0
2020-05-13,0.00962264814750724,0.0,0.99,0.01,0.8225498433200334,1.0
2020-05-14,0.008850059782004704,0.0,0.99,0.01,0.3709468035390171,0.0
2020-05-15,0.0056438144895878395,0.0,0.99,0.01,0.4176784379639807,0.0
2020-05-18,-0.007564144999551381,0.0,0.99,0.01,0.4058421826178611,0.0
2020-05-19,0.00965020617044443,0.0,0.99,0.01,0.536803083643803,0.0
2020-05-20,0.0023742810342795018,0.0,0.99,0.01,0.5856119592463899,1.0
2020-05-21,-0.0145763375976391,0.0,0.99,0.01,0.45295962468550366,0.0
2020-05-22,0.005916836449104457,0.0,0.9435595530846916,0.05644044691530842,0.6675161899161809,1.0
2020-05-26,-0.014214859559966153,0.0,0.5681408513039633,0.43185914869603653,0.47700964481118213,0.0
2020-05-27,0.0018024320171106112,0.0,0.17257109617630353,0.8274289038236962,0.6821245193784189,0.0
2020-05-28,0.003350344766475555,0.0,0.5349165435491515,0.46508345645084764,0.8546677272395756,0.0
2020-05-29,0.0073584122707384125,0.0,0.7492707518462554,0.2507292481537448,0.7620688002455139,0.0
2020-06-01,0.004603768848692402,0.0,0.8060336905321855,0.19396630946781446,0.39018416417913343,0.0
2020-06-02,-0.0064768271714218395,0.0,0.8760629614527052,0.12393703854729549,0.299946255695306,0.0
2020-06-03,-0.01845018380928054,0.0,0.99,0.01,0.4305815471628646,-1.0
2020-06-04,0.010526269495827023,0.0,0.99,0.01,0.9100654806697931,0.0
2020-06-05,-0.02027532426346157,0.0,0.99,0.01,0.5811035159428553,0.0
2020-06-08,0.010822142733466267,0.0,0.9673923680663361,0.032607631933663214,0.7147153812938978,0.0
2020-06-09,0.00964183116931494,0.0,0.9691519625785755,0.03084803742142425,0.7750496635207951,0.0
2020-06-10,0.014324773012967418,0.0,0.9721557150288855,0.027844284971114356,0.5688140100502359,1.0
2020-06-11,-0.007214084989501601,0.0,0.9027533751279749,0.0972466248720252,0.19391176320986955,0.0
2020-06-12,0.0014163170663434865,0.0,0.946916301838803,0.05308369816119663,0.36349926611205097,0.0
2020-06-15,-0.0017832572551969017,0.0,0.99,0.01,0.33277504667089136,0.0
2020-06-16,-0.0004928345355281749,0.0,0.99,0.01,0.3340469229654572,0.0
2020-06-17,0.0019106166939522051,0.0,0.99,0.01,0.2699110809819937,0.0
2020-06-18,-0.001968455156468263,0.0,0.99,0.01,0.17342273911487607,0.0
2020-06-19,0.011032995719469696,0.0,0.99,0.01,0.2712305670160937,0.0
2020-06-22,0.006462217682632332,0.0,0.99,0.01,0.4526428233023237,0.0
2020-06-23,0.008419646377624934,0.0,0.99,0.01,0.2965287309372536,0.0
2020-06-24,-0.0034839130582626776,0.0,0.99,0.01,0.37846387301247014,0.0
2020-06-25,-0.0006027175913517757,0.0,0.99,0.01,0.17114706987616835,0.0
2020-06-26,0.004463149702982783,0.0,0.99,0.01,0.18438321500489938,0.0
2020-06-29,0.0005404803669293301,0.0,0.99,0.01,0.22584753455056508,0.0
2020-06-30,0.004440918278166173,0.0,0.99,0.01,0.20558632241258953,0.0
2020-07-01,-0.004481089931769877,0.0,0.99,0.01,0.5715940467948768,1.0
2020-07-02,0.0021606086958432247,0.0,0.99,0.01,0.6686814288689933,1.0
2020-07-06,0.005988741319838731,0.0,0.99,0.01,0.34103666315809034,0.0
2020-07-07,0.006310260659329048,0.0,0.99,0.01,0.4014384187735615,0.0
2020-07-08,0.006211565862881185,0.0,0.99,0.01,0.41118530073435694,0.0
2020-07-09,-0.0027044004055614135,0.0,0.99,0.01,0.3791354155685105,0.0
2020-07-10,-0.0025938951172596036,0.0,0.99,0.01,0.28384119254331014,0.0
2020-07-13,0.0012411575864292868,0.0,0.99,0.01,0.39637013327405235,0.0
2020-07-14,0.004663568910189042,0.0,0.99,0.01,0.38800799660150187,0.0
2020-07-15,0.0008813320073604025,0.0,0.99,0.01,0.502973240660424,0.0
2020-07-16,-0.009451688651900159,0.0,0.99,0.01,0.516612322422912,0.0
2020-07-17,0.008238009985450212,0.0,0.9796565057280404,0.02034349427195962,0.8422943659115627,1.0
2020-07-20,0.004820170160796611,0.0,0.7748996351098665,0.2251003648901342,0.4132650742644637,0.0
2020-07-21,0.012050997596656066,0.0,0.20774693362311755,0.7922530663768829,0.342721218239715,0.0
2020-07-22,0.015202340363078104,0.0,0.01,0.99,0.41916748586901836,0.0
2020-07-23,0.008825301770064575,0.0,0.01,0.99,0.5784463986395454,0.0
2020-07-24,0.008578870839228259,0.0,0.9682275163148469,0.031772483685153015,0.8316679909113218,1.0
2020-07-27,0.019753770786684832,0.0,0.99,0.01,0.5901708149917938,1.0
2020-07-28,0.00834113103275036,0.0,0.99,0.01,0.7062607651931161,1.0
2020-07-29,0.0075102306547618625,0.0,0.99,0.01,0.5880793423069314,1.0
2020-07-30,-0.007400261112960993,0.0,0.99,0.01,0.5759935883670487,1.0
2020-07-31,0.00908793109962347,0.0,0.99,0.01,0.6940282754933197,1.0
2020-08-03,0.0011325390830079218,0.0,0.99,0.01,0.5435740443429563,0.0
2020-08-04,0.021277725496816835,0.0,0.99,0.01,0.3863781323505966,0.0
2020-08-05,0.009283241730161151,0.0,0.99,0.01,0.5970205142080142,1.0
2020-08-06,0.013274069532868138,0.0,0.9876828553167294,0.012317144683269988,0.46036842389810856,0.0
2020-08-07,-0.01588530528005727,0.0,0.9872852396655223,0.012714760334478041,0.30304085026490546,0.0
2020-08-10,-0.003458957447482258,0.0,0.99,0.01,0.6396440737577556,1.0
2020-08-11,-0.05369440853432972,0.0,0.99,0.01,0.4363812770449343,0.0
2020-08-12,-0.004668202325739945,0.0,0.01993823054249747,0.9800617694575026,0.5084053842655125,0.0
2020-08-13,0.023618065792215592,0.0,0.01,0.99,0.46470673615298475,0.0
2020-08-14,-0.0043092158240957135,0.0,0.02591861873052731,0.974081381269473,0.6077292166248457,0.0
2020-08-17,0.02169391289315903,0.0,0.8828764313662554,0.11712356863374487,0.6011620731114562,1.0
2020-08-18,0.009008003623491856,0.0,0.6037912318708492,0.39620876812915085,0.6461210662659937,0.0
2020-08-19,-0.03156545548841261,0.0,0.9691061929864102,0.030893807013589666,0.3682077001489077,0.0
2020-08-20,0.006913929262821528,0.0,0.99,0.01,0.41907520202877097,0.0
2020-08-21,-0.008010905834894388,0.0,0.99,0.01,0.20180730871925212,0.0
2020-08-24,-0.005658401286623649,0.0,0.99,0.01,0.41041531996202874,-1.0
2020-08-25,0.0012154763574758753,0.0,0.99,0.01,0.5808686111133929,0.0
2020-08-26,0.011808847672626355,0.0,0.99,0.01,0.5829429008083722,0.0
2020-08-27,-0.011561927956646234,0.0,0.99,0.01,0.3775516902628177,-1.0
2020-08-28,0.0173802350530341,0.0,0.99,0.01,0.8358074064406118,1.0
2020-08-31,0.002386259791001155,0.0,0.99,0.01,0.3568016063352222,0.0
2020-09-01,0.0011902895553947967,0.0,0.99,0.01,0.39098203781513147,0.0
2020-09-02,-0.013131628719242117,0.0,0.99,0.01,0.30733749237221325,0.0
2020-09-03,-0.00810423703378893,0.0,0.99,0.01,0.5968873197867107,0.0
2020-09-04,0.0027602959130217375,0.0,0.99,0.01,0.7296480503851851,0.0
2020-09-08,-0.0019269219593246456,0.0,0.99,0.01,0.6932202300556913,0.0
2020-09-09,0.00970825655471863,0.0,0.99,0.01,0.7526053226418965,0.0
2020-09-10,-0.0032231430104036063,0.0,0.99,0.01,0.54231885005679,0.0
2020-09-11,-5.486005292487661e-05,0.0,0.99,0.01,0.36194940367294287,-1.0
2020-09-14,0.007892586821005798,0.0,0.99,0.01,0.5236695266218269,0.0
2020-09-15,-0.0023927480714920346,0.0,0.99,0.01,0.43056602863336035,0.0
2020-09-16,0.0028345831622316187,0.0,0.99,0.01,0.3485511930102475,0.0
2020-09-17,-0.005489995652194879,0.0,0.99,0.01,0.4100659067727705,0.0
2020-09-18,0.0013117087099276947,0.0,0.99,0.01,0.357717411991114,0.0
2020-09-21,-0.020087296599797022,0.0,0.99,0.01,0.2026560535211914,-1.0
2020-09-22,-0.004846314367596194,0.0,0.9687492165127334,0.031250783487266655,0.8564780701754385,0.0
2020-09-23,-0.021606497297661065,0.0,0.6463598905467012,0.3536401094532987,0.8021531238047007,0.0
2020-09-24,0.003718800733685912,0.0,0.1947445800685245,0.8052554199314759,0.8249287749287749,0.0
2020-09-25,-0.0028499771605223767,0.0,0.07109651683242167,0.9289034831675783,0.8679843304843304,0.0
2020-09-28,0.01006056066236427,0.0,0.5806910392611541,0.4193089607388458,0.6850959230990348,0.0
2020-09-29,0.008432402483858015,0.0,0.3153510769480101,0.6846489230519898,0.630006550960679,0.0
2020-09-30,-0.006004867330144381,0.0,0.06099852434403002,0.9390014756559698,0.458069622816879,0.0
2020-10-01,0.008920516455577454,0.0,0.9887576250862927,0.011242374913707711,0.5181007023231561,0.0
2020-10-02,-0.0008953758525005462,0.0,0.99,0.01,0.38474131053534333,-1.0
2020-10-05,0.004872915921881216,0.0,0.99,0.01,0.5671977108283848,0.0
2020-10-06,-0.011760774579356315,0.0,0.99,0.01,0.3001860531735507,-1.0
2020-10-07,-0.0004512229536247636,0.0,0.99,0.01,0.618009508050275,0.0
2020-10-08,0.0035549310375408982,0.0,0.99,0.01,0.4135881540187132,-1.0
2020-10-09,0.018161347296547614,0.0,0.99,0.01,0.4489674121482914,-1.0
2020-10-12,-0.002871682500567352,0.0,0.953334692215165,0.046665307784834284,0.29364987879497384,0.0
2020-10-13,-0.015728823528417535,0.0,0.89470730889525,0.10529269110474933,0.39657517291968136,-1.0
2020-10-14,0.003094772946095059,0.0,0.8427956087905515,0.157204391209448,0.3580179583691754,-1.0
2020-10-15,0.003646120384284801,0.0,0.7618105251481369,0.23818947485186326,0.3979212848336724,-1.0
2020-10-16,-0.0034652086045857677,0.0,0.7655590572090784,0.23444094279092084,0.32067981777261106,-1.0
2020-10-19,0.0005047466985432791,0.0,0.99,0.01,0.2346316066900038,-1.0
2020-10-20,0.0048209014703402,0.0,0.99,0.01,0.29673199382735693,-1.0
2020-10-21,0.007531414803434444,0.0,0.99,0.01,0.35299042759189964,0.0
2020-10-22,-0.009800687777642758,0.0,0.99,0.01,0.3471169176141464,0.0
2020-10-23,-0.001062475196895396,0.0,0.99,0.01,0.46607964310645145,0.0
2020-10-26,-0.0005037860400700644,0.0,0.99,0.01,0.2004240767815176,-1.0
2020-10-27,0.0026323226696718383,0.0,0.99,0.01,0.3158273831925215,-1.0
2020-10-28,-0.01614344386479838,0.0,0.99,0.01,0.24995661062734806,-1.0
2020-10-29,-0.004144728133141373,0.0,0.99,0.01,0.6338300917608777,0.0
2020-10-30,0.004561020978312902,0.0,0.99,0.01,0.7415646336241805,0.0
2020-11-02,0.009704919089013941,0.0,0.9845734822764997,0.0154265177235008,0.920687100968874,0.0
2020-11-03,0.005676996717700833,0.0,0.910230900214159,0.08976909978584054,0.401903662547139,-1.0
2020-11-04,-0.0005588578456844351,0.0,0.5912596628465223,0.40874033715347835,0.27900092902445967,0.0
2020-11-05,0.022983923404670703,0.0,0.99,0.01,0.33880534752829594,0.0
2020-11-06,0.0014213621387162423,0.0,0.99,0.01,0.6512898533359405,1.0
2020-11-09,-0.04427097823171633,0.0,0.9579485297855963,0.04205147021440461,0.20707563824947997,0.0
2020-11-10,0.0033127817282887495,0.0,0.016492246978693725,0.9835077530213059,0.6070883728185228,0.0
2020-11-11,-0.004326595410341194,0.0,0.01,0.99,0.6907058317731611,0.0
2020-11-12,0.006060679556170845,0.0,0.01,0.99,0.7550476525743923,0.0
2020-11-13,0.006819714153532219,0.0,0.01,0.99,0.5494333330724006,0.0
2020-11-16,-5.650127239831271e-05,0.0,0.01,0.99,0.5058373110927434,0.0
2020-11-17,-0.0036691725592956637,0.0,0.99,0.01,0.3809933580005993,-1.0
2020-11-18,-0.005722348480656891,0.0,0.99,0.01,0.4476916366810991,-1.0
2020-11-19,-0.0018804594035273237,0.0,0.99,0.01,0.5477701938431337,0.0
2020-11-20,0.0030257979459697992,0.0,0.99,0.01,0.6273700409691852,0.0
2020-11-23,-0.0196938167555728,0.0,0.99,0.01,0.18845606352828462,-1.0
2020-11-24,-0.015328336846880064,0.0,0.99,0.01,0.5393363997113997,0.0
2020-11-25,-0.0004717367343725076,0.0,0.99,0.01,0.6154464285714286,0.0
2020-11-27,-0.010146901518740647,0.0,0.99,0.01,0.7564071407779751,0.0
2020-11-30,-0.006674981596057172,0.0,0.99,0.01,0.7516932413346887,0.0
2020-12-01,0.0210595460814611,0.0,0.99,0.01,0.7088493124929883,0.0
2020-12-02,0.00752153069206285,0.0,0.9896720827477795,0.010327917252220277,0.5542373143250691,0.0
2020-12-03,0.007873502810363364,0.0,0.9692169954552672,0.030783004544732834,0.33939531065866396,-1.0
2020-12-04,-0.002835427586930339,0.0,0.9638421003350242,0.036157899664976005,0.2686900183774246,-1.0
2020-12-07,0.014914066598165077,0.0,0.9887501782794521,0.011249821720547616,0.2942628557018484,-1.0
2020-12-08,0.003487910186290799,0.0,0.99,0.01,0.680198090257207,1.0
2020-12-09,-0.017094017094017144,0.0,0.99,0.01,0.3855183376626913,-1.0
2020-12-10,-0.001913054093070632,0.0,0.9276989597747007,0.07230104022529897,0.6187571827716081,0.0
2020-12-11,0.0018586706605219216,0.0,0.8828599326645525,0.1171400673354468,0.5970278905441854,0.0
2020-12-14,-0.005507636250083436,0.0,0.8744970393571532,0.12550296064284677,0.5778497885850469,0.0
2020-12-15,0.013990959829817351,0.0,0.99,0.01,0.7619027211352911,0.0
2020-12-16,0.005519095329445722,0.0,0.9751766911559471,0.024823308844052254,0.4540794607395551,0.0
2020-12-17,0.010520363984510617,0.0,0.99,0.01,0.23295274568017832,0.0
2020-12-18,-0.0016974258370123785,0.0,0.99,0.01,0.2883674696803851,0.0
2020-12-21,-0.003173869592184575,0.0,0.99,0.01,0.2292067734106163,0.0
2020-12-22,-0.007903112071065643,0.0,0.99,0.01,0.1266971726676628,0.0
2020-12-23,0.00664787877129025,0.0,0.99,0.01,0.3506266750705872,0.0
2020-12-24,0.003985267471422693,0.0,0.99,0.01,0.2809762376096236,0.0
2020-12-28,-0.003629142996869339,0.0,0.99,0.01,0.36377659190228184,0.0
2020-12-29,0.003642361648136694,0.0,0.99,0.01,0.3516318006480186,0.0
2020-12-30,0.007655178894261816,0.0,0.99,0.01,0.6399039463924822,1.0
2020-12-31,0.003714145601823482,0.0,0.99,0.01,0.4409402512900359,0.0
2021-01-04,0.022258360658879317,0.0,0.99,0.01,0.3870453530292462,0.0
2021-01-05,0.0029616260665272787,0.0,0.9188626903828955,0.08113730961710387,0.5408599926199332,0.0
2021-01-06,-0.01624105266038789,0.0,0.9756760988277563,0.024323901172242958,0.5467060831375787,0.0
2021-01-07,-0.00233462025122122,0.0,0.045372460910122925,0.9546275390898763,0.4359322231024251,0.0
2021-01-08,-0.03420993723985433,0.0,0.01,0.99,0.5063341167882881,0.0
2021-01-11,-0.0019614419353504164,0.0,0.01,0.99,0.40404897331294204,0.0
2021-01-12,0.006473960214956609,0.0,0.01,0.99,0.5757221101569121,0.0
2021-01-13,-0.004307374345463466,0.0,0.01,0.99,0.5840369089072011,0.0
2021-01-14,-0.0005190998467168306,0.0,0.03331414205376211,0.9666858579462372,0.5811418870315425,0.0
2021-01-15,-0.012407628760563338,0.0,0.019105765491337204,0.9808942345086632,0.6325138505153868,0.0
2021-01-19,0.00847307255811236,0.0,0.9860382997236835,0.013961700276316952,0.34458667221904515,-1.0
2021-01-20,0.016282289539807593,0.0,0.99,0.01,0.6343655120865208,0.0
2021-01-21,-0.0006271772092728556,0.0,0.9892789882121544,0.010721011787846001,0.6257582452315086,0.0
2021-01-22,-0.007873145210082533,0.0,0.99,0.01,0.23164246005024827,-1.0
2021-01-25,0.0008626173693986328,0.0,0.99,0.01,0.44379910746226336,-1.0
2021-01-26,-0.0024705999829396363,0.0,0.99,0.01,0.434369812620884,-1.0
2021-01-27,-0.006335623059913753,0.0,0.99,0.01,0.43939970172308906,-1.0
2021-01-28,0.0009273614616172043,0.0,0.99,0.01,0.5940257264958128,0.0
2021-01-29,-0.0004053281700162614,0.0,0.99,0.01,0.1714285028478921,-1.0
2021-02-01,0.009385291185094458,0.0,0.99,0.01,0.3257042609033573,-1.0
2021-02-02,-0.012167796413785958,0.0,0.99,0.01,0.3987771665827388,-1.0
2021-02-03,-0.0015106298641213156,0.0,0.99,0.01,0.4236477034833412,-1.0
2021-02-04,-0.021530474690833024,0.0,0.99,0.01,0.4106210955729821,-1.0
2021-02-05,0.009872160109213546,0.0,0.8137276108859843,0.1862723891140158,0.7298378389683682,0.0
2021-02-08,0.010070118005137685,0.0,0.1356257101186361,0.864374289881364,0.5807867166822979,0.0
2021-02-09,0.0032649110578624185,0.0,0.01,0.99,0.6748970540964849,0.0
2021-02-10,0.0036611162023989507,0.0,0.01,0.99,0.27143698134725225,0.0
2021-02-11,-0.008685078696598514,0.0,0.01,0.99,0.35044810398848053,0.0
2021-02-12,-0.0030372306060941767,0.0,0.8819659650537329,0.11803403494626741,0.1921714677173075,-1.0
2021-02-16,-0.014353488272303538,0.0,0.99,0.01,0.3997115128258586,-1.0
2021-02-17,-0.011352850687983307,0.0,0.988387294363719,0.011612705636280791,0.39321088479994043,-1.0
2021-02-18,-6.0088418961767864e-05,0.0,0.9816923602322735,0.018307639767726234,0.383179181696188,-1.0
2021-02-19,0.004148551901348441,0.0,0.99,0.01,0.4111887783544375,-1.0
2021-02-22,0.014969164015496528,0.0,0.9890927201331086,0.010907279866891365,0.848380052152631,0.0
2021-02-23,-0.0023007456922117253,0.0,0.27983834382097444,0.7201616561790254,0.7088748878563467,0.0
2021-02-24,-0.0007095264939214196,0.0,0.3841425487584471,0.6158574512415538,0.5096156029906587,0.0
2021-02-25,-0.018816524708764826,0.0,0.9831931959782869,0.01680680402171332,0.5193179343616847,0.0
2021-02-26,-0.024182906697045592,0.0,0.6467780000903282,0.35322199990967185,0.5011617376176968,0.0
2021-03-01,-0.0017304170540851649,0.0,0.01,0.99,0.35551977649768357,0.0
2021-03-02,0.005447934683729505,0.0,0.07791191132380378,0.9220880886761968,0.42472004114770306,0.0
2021-03-03,-0.011021541189334294,0.0,0.11615986391860317,0.8838401360813966,0.6615900663120503,0.0
2021-03-04,-0.009836893780889033,0.0,0.2864306611566398,0.7135693388433596,0.6126159280819821,0.0
2021-03-05,0.0006288110395962221,0.0,0.6003275218363594,0.3996724781636404,0.5414149979128353,0.0
2021-03-08,-0.010368190918767173,0.0,0.99,0.01,0.18209326754118546,-1.0
2021-03-09,0.02127113294736649,0.0,0.99,0.01,0.384671035680099,-1.0
2021-03-10,0.005098279923459348,0.0,0.7899543764753509,0.2100456235246499,0.5589597046532044,0.0
2021-03-11,-0.000866011298261804,0.0,0.6574225922265845,0.3425774077734163,0.44038399792459976,0.0
2021-03-12,-0.00018572795011984056,0.0,0.8849596582711371,0.11504034172886252,0.3684849113787546,-1.0
2021-03-15,0.004396503999798185,0.0,0.9501062882985735,0.0498937117014274,0.7119185438926433,0.0
2021-03-16,0.0009248406787658592,0.0,0.99,0.01,0.3917140986554257,-1.0
2021-03-17,0.00714498527693741,0.0,0.99,0.01,0.4422538272781922,-1.0
2021-03-18,-0.005810023730399405,0.0,0.99,0.01,0.46599731385725646,0.0
2021-03-19,0.004183119739068708,0.0,0.99,0.01,0.5015301634007522,0.0
2021-03-22,-0.0014702614866924923,0.0,0.99,0.01,0.19181048332105266,-1.0
2021-03-23,-0.007300628474884996,0.0,0.99,0.01,0.3193826648234921,-1.0
2021-03-24,0.0034608341081703298,0.0,0.99,0.01,0.42250787593851535,-1.0
2021-03-25,-0.003633653726877295,0.0,0.99,0.01,0.3850297748252845,-1.0
2021-03-26,0.0028434090575977233,0.0,0.99,0.01,0.5899964730409073,0.0
2021-03-29,-0.011896005111092234,0.0,0.99,0.01,0.19901260787829114,-1.0
2021-03-30,-0.017091823816998808,0.0,0.99,0.01,0.6380712082728766,0.0
2021-03-31,0.015167857324082767,0.0,0.9402962051704727,0.05970379482952789,0.4811447516105509,0.0
2021-04-01,0.012628087827510459,0.0,0.3418895604623469,0.6581104395376529,0.5132661301532678,0.0
2021-04-05,-0.0003704010382533651,0.0,0.016342319813963817,0.9836576801860358,0.463906245915678,0.0
2021-04-06,0.00802867506459215,0.0,0.01,0.99,0.4246594730479964,0.0
2021-04-07,-0.002818323186048577,0.0,0.01,0.99,0.42836683245755663,0.0
2021-04-08,0.01075202788807239,0.0,0.5334868475789722,0.4665131524210274,0.38339542574036695,0.0
2021-04-09,-0.00753747660190629,0.0,0.99,0.01,0.5038134564248391,0.0
2021-04-12,-0.006063609158189043,0.0,0.99,0.01,0.5015500857221726,0.0
2021-04-13,0.007086479573175097,0.0,0.9845383022012698,0.015461697798729768,0.6987724193044207,1.0
2021-04-14,-0.004344315528953313,0.0,0.9872673236348984,0.01273267636510192,0.5396497307566349,0.0
2021-04-15,0.016162763416190717,0.0,0.9869297793977007,0.013070220602298677,0.5422156635909464,0.0
2021-04-16,0.006047777218550321,0.0,0.9315293288427768,0.06847067115722226,0.417625120385563,0.0
2021-04-19,-0.0027652942409929215,0.0,0.9675167428082271,0.03248325719177295,0.28259814919033405,0.0
2021-04-20,0.0035565515706876827,0.0,0.99,0.01,0.6686586523340677,1.0
2021-04-21,0.009911155680072392,0.0,0.99,0.01,0.428715662153755,0.0
2021-04-22,-0.006483147356353358,0.0,0.99,0.01,0.4728535580418837,0.0
2021-04-23,-0.003831414124593202,0.0,0.99,0.01,0.4028206985242129,0.0
2021-04-26,0.002644245538133694,0.0,0.99,0.01,0.6235858920074592,1.0
2021-04-27,-0.002517371003141977,0.0,0.99,0.01,0.29886616014048945,0.0
2021-04-28,0.002944390689552989,0.0,0.99,0.01,0.5636013079532131,1.0
2021-04-29,-0.004133978948338446,0.0,0.99,0.01,0.623000828005361,1.0
2021-04-30,-0.0033690142851713345,0.0,0.99,0.01,0.5427820062699776,0.0
2021-05-03,0.012978352341882271,0.0,0.99,0.01,0.6174254694374456,1.0
2021-05-04,-0.007329692780131181,0.0,0.98734993628328,0.012650063716719132,0.17889334938628348,0.0
2021-05-05,0.004142168530566259,0.0,0.9568081790899878,0.04319182091001224,0.49744763944081627,0.0
2021-05-06,0.01667957921247054,0.0,0.9301311126254442,0.06986888737455652,0.5362336292239056,0.0
2021-05-07,0.00899681760120985,0.0,0.5966127836525549,0.4033872163474456,0.35243818507553515,0.0
2021-05-10,0.0030305045955998366,0.0,0.35814282391787716,0.6418571760821224,0.31412023673290035,0.0
2021-05-11,0.000174300035968189,0.0,0.49914804286267844,0.5008519571373217,0.25959481003330764,0.0
2021-05-12,-0.009933813872024522,0.0,0.9846755385282655,0.015324461471734128,0.4302424529906932,0.0
2021-05-13,0.004107329913244362,0.0,0.757096320890915,0.24290367910908514,0.5481973533617037,0.0
2021-05-14,0.009115862292308208,0.0,0.9291928310973,0.07080716890270027,0.3927131902237029,0.0
2021-05-17,0.011639321781340195,0.0,0.9855117941613346,0.014488205838665077,0.4455329773861912,0.0
2021-05-18,0.001946172546249958,0.0,0.481181848028807,0.5188181519711926,0.2199052780298919,0.0
2021-05-19,0.000685616890880425,0.0,0.23425348817564806,0.7657465118243525,0.4500832396357521,0.0
2021-05-20,0.004567270124640199,0.0,0.9865342682575278,0.013465731742471804,0.5011492345039957,0.0
2021-05-21,0.0004545724551812125,0.0,0.99,0.01,0.30547840448786895,0.0
2021-05-24,0.001761036294059215,0.0,0.99,0.01,0.39300730824974967,0.0
2021-05-25,0.009072814229376336,0.0,0.99,0.01,0.7426806214887144,1.0
2021-05-26,-0.0017420486873281904,0.0,0.99,0.01,0.5202802029788489,0.0
2021-05-27,0.00039409662496781017,0.0,0.99,0.01,0.378272974336875,0.0
2021-05-28,0.003770176937892389,0.0,0.99,0.01,0.4145564327560039,0.0
2021-06-01,-0.0026909461441234628,0.0,0.99,0.01,0.4451646458163191,0.0
2021-06-02,0.004890446350902078,0.0,0.99,0.01,0.7107349519447009,1.0
2021-06-03,-0.019578228541437537,0.0,0.99,0.01,0.6091968504057108,1.0
2021-06-04,0.010783359066451448,0.0,0.7272649397375694,0.2727350602624297,0.5078298006948094,0.0
2021-06-07,0.0040076283608136976,0.0,0.030413131843318494,0.969586868156682,0.4586898201872379,0.0
2021-06-08,-0.0030920774052216604,0.0,0.01,0.99,0.413751148300793,0.0
2021-06-09,-0.0019175027218333307,0.0,0.01,0.99,0.31626124560283253,0.0
2021-06-10,0.004294325821970535,0.0,0.01,0.99,0.44955288053558357,0.0
2021-06-11,-0.011252390785353672,0.0,0.9340512481151281,0.06594875188487198,0.4978409187596677,0.0
2021-06-14,-0.005860923791407013,0.0,0.99,0.01,0.5015060316176091,0.0
2021-06-15,-0.0037777095572453234,0.0,0.99,0.01,0.6219146558182382,0.0
2021-06-16,-0.016891711518855712,0.0,0.99,0.01,0.1867930484022093,-1.0
2021-06-17,-0.030740427140865334,0.0,0.9523787202598469,0.04762127974015374,0.4668629179620325,0.0
2021-06-18,-0.005547261946798776,0.0,0.45452831728379556,0.5454716827162039,0.4399587166128152,0.0
2021-06-21,0.012247646651096789,0.0,0.051468045632076416,0.9485319543679235,0.38356601440014987,0.0
2021-06-22,-0.0041928539145718036,0.0,0.010820258424371716,0.9891797415756283,0.49462482654964457,0.0
2021-06-23,-0.0006616578066259704,0.0,0.013779820085106673,0.9862201799148934,0.5087862970417153,0.0
2021-06-24,-0.0006019387497473438,0.0,0.017187574385149052,0.9828124256148507,0.4739347082313338,0.0
2021-06-25,0.0033124733437563947,0.0,0.9885574622287573,0.011442537771242758,0.6532938867106146,0.0
2021-06-28,-5.999463986816611e-05,0.0,0.99,0.01,0.6315085645984194,0.0
2021-06-29,-0.010505462725200698,0.0,0.99,0.01,0.5148505781427944,0.0
2021-06-30,0.004853503869870712,0.0,0.99,0.01,0.8000409333778807,0.0
2021-07-01,0.0034413575356286863,0.0,0.99,0.01,0.617983756247233,0.0
2021-07-02,0.006558341503640763,0.0,0.99,0.01,0.4249984601415241,-1.0
2021-07-06,0.004961455343207799,0.0,0.99,0.01,0.42716146733428056,-1.0
2021-07-07,0.003806801143447114,0.0,0.99,0.01,0.4540489613577386,0.0
2021-07-08,-0.0006518168637834609,0.0,0.99,0.01,0.23656231580147377,-1.0
2021-07-09,0.003320562334123478,0.0,0.99,0.01,0.47219551911605956,0.0
2021-07-12,-0.001241101031467462,0.0,0.99,0.01,0.27536160060610726,-1.0
2021-07-13,0.001301782371024407,0.0,0.99,0.01,0.45913124755305196,0.0
2021-07-14,0.010755182911599048,0.0,0.99,0.01,0.4526768236865437,0.0
2021-07-15,0.00017547964957964624,0.0,0.99,0.01,0.1745782117858817,0.0
2021-07-16,-0.00970365108457183,0.0,0.99,0.01,0.42980721127624294,0.0
2021-07-19,0.0011805498135817327,0.0,0.858921759575572,0.14107824042442826,0.5508019497986542,1.0
2021-07-20,-0.001297100524211059,0.0,0.5246020445794813,0.47539795542051816,0.5421282701284457,0.0
2021-07-21,-0.0037192566567244567,0.0,0.1372265372404179,0.8627734627595817,0.6566619562541078,0.0
2021-07-22,0.001955450591350383,0.0,0.9413958105518982,0.05860418944810201,0.18625014615570148,0.0
2021-07-23,-0.0031344183025339145,0.0,0.99,0.01,0.35018722717420225,-1.0
2021-07-26,-0.0023730060647713103,0.0,0.99,0.01,0.48467313599743067,0.0
2021-07-27,0.0016650735799190741,0.0,0.99,0.01,0.5935619317230089,0.0
2021-07-28,0.005046252863966982,0.0,0.99,0.01,0.5660440541488778,0.0
2021-07-29,0.011105233370970247,0.0,0.99,0.01,0.7966392560277211,1.0
2021-07-30,-0.007886842666167015,0.0,0.8763418319511972,0.12365816804880296,0.5931176235835741,1.0
2021-08-02,-0.0012366429443513294,0.0,0.3919278349129916,0.6080721650870083,0.6737576785904994,0.0
2021-08-03,-0.0007074766626713469,0.0,0.17746044654316348,0.8225395534568359,0.6903590882168457,0.0
2021-08-04,0.0002359625041987723,0.0,0.09997301815129694,0.9000269818487028,0.6166115029003669,0.0
2021-08-05,-0.0039520921003340925,0.0,0.1140106738399837,0.8859893261600164,0.7342032903694853,0.0
2021-08-06,-0.024991124040327772,0.0,0.99,0.01,0.5329068439530872,0.0
2021-08-09,-0.017735654639032372,0.0,0.23763508475957976,0.76236491524042,0.33295427920033177,0.0
2021-08-10,0.00030919522248562537,0.0,0.01,0.99,0.21971911771052638,0.0
2021-08-11,0.01378497662510525,0.0,0.01,0.99,0.3512568006074143,0.0
2021-08-12,0.0002438615008097944,0.0,0.01,0.99,0.5590166290087605,0.0
2021-08-13,0.014325811995228088,0.0,0.01,0.99,0.4574826840914559,0.0
2021-08-16,0.004988291568599701,0.0,0.01,0.99,0.40839346507566815,0.0
2021-08-17,-0.0014950364679763295,0.0,0.9693056583083343,0.030694341691665773,0.40851565234314163,-1.0
2021-08-18,0.0007786122169375354,0.0,0.99,0.01,0.5120522152229902,0.0
2021-08-19,-0.002932408589264246,0.0,0.99,0.01,0.1648497546135925,-1.0
2021-08-20,0.0005401616803368814,0.0,0.99,0.01,0.38272107446834774,-1.0
2021-08-23,0.012177557387281546,0.0,0.99,0.01,0.5156277825425223,0.0
2021-08-24,-0.00047414113127741686,0.0,0.99,0.01,0.48162650425995157,0.0
2021-08-25,-0.006937433805443538,0.0,0.99,0.01,0.38393053010397754,0.0
2021-08-26,0.0011344784228162208,0.0,0.99,0.01,0.32142840843977055,0.0
2021-08-27,0.015029547921398434,0.0,0.99,0.01,0.3322256946000649,0.0
2021-08-30,-0.0049356385559711224,0.0,0.9788571522232851,0.021142847776715327,0.5135355003541843,0.0
2021-08-31,0.0020076547129428413,0.0,0.9604882512994787,0.03951174870052162,0.3090538682334851,0.0
2021-09-01,5.8898619200498104e-05,0.0,0.9754093671216528,0.02459063287834778,0.5057554710304999,0.0
2021-09-02,-0.0026517204262498373,0.0,0.99,0.01,0.21741128486615216,0.0
2021-09-03,0.01069422486613747,0.0,0.99,0.01,0.4089358745166947,0.0
2021-09-07,-0.01958371853465668,0.0,0.99,0.01,0.3627381314274041,0.0
2021-09-08,-0.0025044029033459703,0.0,0.447771848985992,0.5522281510140078,0.3728924388228189,0.0
2021-09-09,0.004423489287242344,0.0,0.037848551129871955,0.9621514488701283,0.3822000241330989,0.0
2021-09-10,-0.005058656845151166,0.0,0.07875011752598836,0.921249882474012,0.43021114426909046,0.0
2021-09-13,0.0033497597913456634,0.0,0.04595601172901689,0.9540439882709831,0.3797249402587553,0.0
2021-09-14,0.006438546534438316,0.0,0.20806149118939485,0.7919385088106056,0.4592980135064427,0.0
2021-09-15,-0.005864266379652205,0.0,0.99,0.01,0.586306853833984,0.0
2021-09-16,-0.02264197706190263,0.0,0.99,0.01,0.3868752577967364,-1.0
2021-09-17,-0.0015850424237688898,0.0,0.7155969246916566,0.28440307530834397,0.08308527306094113,0.0
2021-09-20,0.0071441542310690664,0.0,0.1903965178575645,0.809603482142436,0.26418054827151466,0.0
2021-09-21,0.006669036185550814,0.0,0.16153032198544232,0.8384696780145573,0.3820529045195938,0.0
2021-09-22,-0.0037340107339023376,0.0,0.19778153884770427,0.802218461152296,0.30457337074718455,0.0
2021-09-23,-0.011546389089901132,0.0,0.2221652949088134,0.777834705091187,0.2634507547447086,0.0
2021-09-24,-0.00128427290155253,0.0,0.9697035051734341,0.03029649482656575,0.1814524242610922,-1.0
2021-09-27,0.00208203509820426,0.0,0.99,0.01,0.5722187669318909,0.0
2021-09-28,-0.009716428402719801,0.0,0.99,0.01,0.49763772627690345,0.0
2021-09-29,-0.004504756024632184,0.0,0.99,0.01,0.239413980442733,-1.0
2021-09-30,0.01797665363761114,0.0,0.99,0.01,0.4518787970429832,0.0
2021-10-01,0.0022530453929923144,0.0,0.9605938900325018,0.03940610996749857,0.740317908615525,0.0
2021-10-04,0.0046783175745395145,0.0,0.9446986881969771,0.05530131180302323,0.31514805681738955,-1.0
2021-10-05,-0.004656532835140448,0.0,0.8919911398012473,0.10800886019875333,0.420155142026346,-1.0
2021-10-06,0.0026733243283083574,0.0,0.9186510286554195,0.0813489713445809,0.5457818832896476,0.0
2021-10-07,-0.005271739220885419,0.0,0.9797852472773966,0.020214752722603514,0.5298740433260459,0.0
2021-10-08,0.00042636491147840516,0.0,0.99,0.01,0.18614104141449483,-1.0
2021-10-11,-0.0018875818465466931,0.0,0.99,0.01,0.4889768595860741,0.0
2021-10-12,0.004514430828637339,0.0,0.99,0.01,0.31986828371305964,-1.0
2021-10-13,0.017794197805277356,0.0,0.99,0.01,0.3869299891120464,0.0
2021-10-14,0.0024464685904206362,0.0,0.9866765143496476,0.013323485650352209,0.4327206518896376,0.0
2021-10-15,-0.015892846243722114,0.0,0.803257569290106,0.1967424307098939,0.2198987361303655,0.0
2021-10-18,-0.0024799108302698825,0.0,0.052821254991755544,0.9471787450082452,0.3772900754282052,0.0
2021-10-19,0.003213671993580469,0.0,0.01,0.99,0.39525843882731126,0.0
2021-10-20,0.008763958748792211,0.0,0.01,0.99,0.5341613995667004,0.0
2021-10-21,-0.0008987052245035265,0.0,0.26988243243458654,0.7301175675654137,0.6360811176030058,0.0
2021-10-22,0.006116967151190034,0.0,0.886255121968235,0.11374487803176477,0.4504436980290393,0.0
2021-10-25,0.006914158513320778,0.0,0.99,0.01,0.6014105200928856,1.0
2021-10-26,-0.00739951491266011,0.0,0.99,0.01,0.38117869756241723,0.0
2021-10-27,0.002624060476058121,0.0,0.99,0.01,0.36901139039057945,0.0
2021-10-28,-0.00023788536339730548,0.0,0.99,0.01,0.5025866373388929,0.0
2021-10-29,-0.008507900517562339,0.0,0.99,0.01,0.2989618199545236,0.0
2021-11-01,0.005220584505493342,0.0,0.99,0.01,0.28387733363759526,0.0
2021-11-02,-0.0021490007233168074,0.0,0.99,0.01,0.4615030668841671,0.0
2021-11-03,-0.008315382622616663,0.0,0.99,0.01,0.4726755510336477,0.0
2021-11-04,0.011340951773961994,0.0,0.99,0.01,0.21543784625231913,0.0
2021-11-05,0.0130629437586407,0.0,0.9425502591588081,0.057449740841191456,0.7083425520214844,1.0
2021-11-08,0.003591619309376348,0.0,0.9161546161703118,0.08384538382968842,0.5216486813917782,0.0
2021-11-09,0.0049281100201232775,0.0,0.8817557296855663,0.11824427031443456,0.31767126544590635,0.0
2021-11-10,0.010858781500706183,0.0,0.9445977146587443,0.05540228534125563,0.29674575396333247,0.0
2021-11-11,0.005602086369596027,0.0,0.99,0.01,0.6172623109236931,1.0
2021-11-12,0.0018952552280546708,0.0,0.99,0.01,0.14196305071930423,0.0
2021-11-15,-0.0015477459282561279,0.0,0.99,0.01,0.17157247967713773,0.0
2021-11-16,-0.007233864736584827,0.0,0.99,0.01,0.19474845438485655,0.0
2021-11-17,0.009137183945092442,0.0,0.9743812179931683,0.02561878200683216,0.3851496082093201,0.0
2021-11-18,-0.0032091550635745536,0.0,0.987996637496327,0.01200336250367242,0.3430828592359688,0.0
2021-11-19,-0.007646325240812324,0.0,0.99,0.01,0.2031225376364181,0.0
2021-11-22,-0.022420457120115533,0.0,0.9879787574359967,0.012021242564003094,0.5206351891200395,0.0
2021-11-23,-0.008652404091134991,0.0,0.3196535916905822,0.680346408309417,0.37052720776779197,0.0
2021-11-24,-0.0009565020521100642,0.0,0.018089561847829203,0.9819104381521714,0.29977183747513164,0.0
2021-11-26,-0.001615539860939763,0.0,0.43602660219094613,0.5639733978090539,0.45995481119669157,0.0
2021-11-29,-0.0013785494630753625,0.0,0.9695723562061406,0.030427643793859656,0.16894548880048882,-1.0
2021-11-30,-0.006721853018899604,0.0,0.9562178069010899,0.04378219309890943,0.2700820392248934,-1.0
2021-12-01,0.003987937535404162,0.0,0.99,0.01,0.40316379679851105,-1.0
2021-12-02,-0.005536820827328315,0.0,0.99,0.01,0.4410586993192281,-1.0
2021-12-03,0.008412002804647267,0.0,0.99,0.01,0.45264699102492706,0.0
2021-12-06,-0.002460563224478851,0.0,0.99,0.01,0.23774112934709724,-1.0
2021-12-07,0.003549490636251651,0.0,0.99,0.01,0.21161864101397324,-1.0
2021-12-08,0.0005395140531609943,0.0,0.99,0.01,0.24062121427084623,-1.0
2021-12-09,-0.006111378376110088,0.0,0.99,0.01,0.3749689043790008,-1.0
2021-12-10,0.004219899491422874,0.0,0.99,0.01,0.2738277000984308,-1.0
2021-12-13,0.00252130006200435,0.0,0.99,0.01,0.6819686926306121,0.0
2021-12-14,-0.009341302746070368,0.0,0.99,0.01,0.43548836720779577,-1.0
2021-12-15,0.004291534360497673,0.0,0.99,0.01,0.34985096860200887,-1.0
2021-12-16,0.012097561477355745,0.0,0.99,0.01,0.5883621349752495,0.0
2021-12-17,-0.002140821851282393,0.0,0.980122988330206,0.019877011669793703,0.47147499748800176,0.0
2021-12-20,-0.0042312675861405635,0.0,0.7366945467149025,0.26330545328509786,0.22476322165661478,0.0
2021-12-21,-0.0004188884251822289,0.0,0.5455468269563457,0.4544531730436548,0.46582795306816205,0.0
2021-12-22,0.009400024100517657,0.0,0.2887878405323278,0.7112121594676716,0.4251195960648528,0.0
2021-12-23,0.0022540179789249937,0.0,0.08431007436413904,0.9156899256358606,0.40544748287838916,0.0
2021-12-27,0.002367247994286892,0.0,0.7322370798756057,0.26776292012439434,0.4632957344392844,0.0
2021-12-28,-0.004310065233419702,0.0,0.9721253301204881,0.027874669879511302,0.3328445358098969,0.0
2021-12-29,-0.0002965076609273698,0.0,0.9822676530052055,0.017732346994794316,0.6011261102783321,1.0
2021-12-30,0.0071772153754725565,0.0,0.9741759828257509,0.025824017174248363,0.5231624936080711,0.0
2021-12-31,0.00683158799329231,0.0,0.99,0.01,0.5639109749992121,1.0
2022-01-03,-0.015383743445999576,0.0,0.99,0.01,0.4972223329209274,0.0
2022-01-04,0.007366515057776857,0.0,0.4369603655471686,0.5630396344528309,0.4064801850734419,0.0
2022-01-05,-0.00300766493835114,0.0,0.04062520501288959,0.9593747949871111,0.47632960276668523,0.0
2022-01-06,-0.012244126909514819,0.0,0.019636112711784597,0.9803638872882151,0.5317901548903607,0.0
2022-01-07,0.004551137683908024,0.0,0.025415357293817095,0.9745846427061827,0.44440330212918466,0.0
2022-01-10,0.0030402057039400354,0.0,0.053748686420189734,0.94625131357981,0.4443913666038486,0.0
2022-01-11,0.0120646549718888,0.0,0.6527605264127503,0.34723947358724955,0.528380240459483,0.0
2022-01-12,0.002642622730480104,0.0,0.8257865299295571,0.1742134700704422,0.4766744395077035,0.0
2022-01-13,-0.0033969884760131075,0.0,0.6844767526044492,0.31552324739555027,0.47479732574193906,0.0
2022-01-14,-0.0028796749096049457,0.0,0.99,0.01,0.3621902252292419,0.0
2022-01-18,-0.001650255097062403,0.0,0.99,0.01,0.3919418201071031,0.0
2022-01-19,0.015880526897095182,0.0,0.99,0.01,0.6949097190710886,1.0
2022-01-20,-0.0024988838330701757,0.0,0.99,0.01,0.6757325674141276,1.0
2022-01-21,-0.0032624385581478954,0.0,0.99,0.01,0.3124893452625759,0.0
2022-01-24,0.005494198734739664,0.0,0.99,0.01,0.31510233500370566,0.0
2022-01-25,0.0031971345443269072,0.0,0.99,0.01,0.5784608731257291,1.0
2022-01-26,-0.016166464916677392,0.0,0.99,0.01,0.2683071442924767,0.0
2022-01-27,-0.012898211138547944,0.0,0.99,0.01,0.3523538371250382,0.0
2022-01-28,-0.0029832934474428585,0.0,0.99,0.01,0.4331459133213053,-1.0
2022-01-31,0.005924537392067553,0.0,0.99,0.01,0.4639773636179216,0.0
2022-02-01,0.0008328835308379912,0.0,0.99,0.01,0.48071847003161056,0.0
2022-02-02,0.0036259919505645666,0.0,0.8588484276645106,0.1411515723354896,0.7046287925405128,0.0
2022-02-03,-0.0014214062993387344,0.0,0.9818181753042863,0.01818182469571301,0.3948724976007957,-1.0
2022-02-04,0.0015420788696549614,0.0,0.99,0.01,0.34885317239712677,-1.0
2022-02-07,0.007402581993851909,0.0,0.99,0.01,0.3305938555283807,-1.0
2022-02-08,0.003056870675416823,0.0,0.99,0.01,0.323105263740102,0.0
2022-02-09,0.0033991784238243117,0.0,0.99,0.01,0.7530685430825772,1.0
2022-02-10,-0.0037965605384254753,0.0,0.99,0.01,0.4829279431011633,0.0
2022-02-11,0.019054878321533186,0.0,0.99,0.01,0.4568092184746738,0.0
2022-02-14,0.005350715998122091,0.0,0.9724894430115198,0.027510556988480747,0.5606415388344378,1.0
2022-02-15,-0.009499848975192515,0.0,0.9636618992051519,0.03633810079484849,0.27480047444683203,0.0
2022-02-16,0.010284254451501385,0.0,0.19026961930077219,0.8097303806992284,0.6725264882168285,0.0
2022-02-17,0.013668073780773726,0.0,0.024057747376543374,0.9759422526234564,0.2703529327692886,0.0
2022-02-18,-0.0007334549100845855,0.0,0.060121472681417924,0.9398785273185829,0.4224180930136426,0.0
2022-02-22,0.0020890378623359407,0.0,0.27775017257106177,0.7222498274289391,0.1662081103150613,0.0
2022-02-23,0.0045072272703239324,0.0,0.4631653172487021,0.5368346827512979,0.1570287841620793,0.0
2022-02-24,-0.006450131470019049,0.0,0.984464500233753,0.015535499766246972,0.16168570448900343,0.0
2022-02-25,-0.003330678220184624,0.0,0.9792066859474167,0.020793314052583566,0.7308568691844554,1.0
2022-02-28,0.010365345791119474,0.0,0.99,0.01,0.4743147205746295,0.0
2022-03-01,0.018163415997793697,0.0,0.9856374518388245,0.014362548161176264,0.5258821039357876,0.0
2022-03-02,-0.010406339832951472,0.0,0.1822536219871008,0.8177463780128994,0.6821162486938349,0.0
2022-03-03,0.005953415398956663,0.0,0.06894162812162888,0.9310583718783707,0.6204201306399296,0.0
2022-03-04,0.015929145881701023,0.0,0.08326002049660591,0.9167399795033945,0.45737650561157056,0.0
2022-03-07,0.014862865283030269,0.0,0.24109455275107639,0.7589054472489237,0.5557901069408315,0.0
2022-03-08,0.027358997610294145,0.0,0.14656416620783605,0.8534358337921643,0.5140132953466287,0.0
2022-03-09,-0.029711176156992036,0.0,0.01,0.99,0.6238888888888888,0.0
2022-03-10,0.0031212277978962533,0.0,0.01,0.99,0.4974189902681721,0.0
2022-03-11,-0.007027884128157469,0.0,0.01,0.99,0.5001555422661446,0.0
2022-03-14,-0.015073711931138378,0.0,0.01,0.99,0.5653330937335751,0.0
2022-03-15,-0.01870545038411886,0.0,0.01,0.99,0.4856780212173853,0.0
2022-03-16,0.006260803404375848,0.0,0.2565803087182886,0.7434196912817114,0.4126006551475574,0.0
2022-03-17,0.004888644573449508,0.0,0.9861172878062361,0.013882712193763807,0.8814983870657463,1.0
2022-03-18,-0.008789852082788041,0.0,0.99,0.01,0.7010936004444087,1.0
2022-03-21,0.007640798069546317,0.0,0.99,0.01,0.6559445355302743,1.0
2022-03-22,-0.007250775291250955,0.0,0.99,0.01,0.5989844602080906,0.0
2022-03-23,0.013659661796972422,0.0,0.99,0.01,0.67042226848936,1.0
2022-03-24,0.007260367097212672,0.0,0.99,0.01,0.77247415821154,1.0
2022-03-25,-0.004095451209537915,0.0,0.99,0.01,0.48766488652245354,0.0
2022-03-28,-0.018203790082975457,0.0,0.99,0.01,0.5057018003008011,0.0
2022-03-29,0.00044678784846130526,0.0,0.99,0.01,0.46100860666324206,0.0
2022-03-30,0.008038419372069505,0.0,0.9870223955101869,0.012977604489813983,0.5736534399947634,0.0
2022-03-31,0.000387595883929448,0.0,0.99,0.01,0.15617133342225906,-1.0
2022-04-01,-0.006365867342034592,0.0,0.99,0.01,0.36869362295403874,-1.0
2022-04-04,0.004846769455083555,0.0,0.99,0.01,0.4766269942504207,0.0
2022-04-05,-0.006264842571455875,0.0,0.99,0.01,0.26842305315182574,-1.0
2022-04-06,0.002343216670796844,0.0,0.99,0.01,0.5562253372723986,0.0
2022-04-07,0.003784886240234764,0.0,0.99,0.01,0.6228414268829536,0.0
2022-04-08,0.006265969312183373,0.0,0.99,0.01,0.4242413670244164,0.0
2022-04-11,0.004959463770487282,0.0,0.99,0.01,0.4029512162866961,0.0
2022-04-12,0.007676751619003053,0.0,0.99,0.01,0.446179132645366,0.0
2022-04-13,0.004788537865617837,0.0,0.99,0.01,0.3906615077559175,0.0
2022-04-14,-0.003303550666205468,0.0,0.99,0.01,0.21639903429402835,0.0
2022-04-18,0.0030971927027434454,0.0,0.99,0.01,0.6685261901522149,1.0
2022-04-19,-0.015112904376299419,0.0,0.99,0.01,0.5239966475774122,0.0
2022-04-20,0.004894947496407287,0.0,0.8730838903694069,0.12691610963059255,0.5774696075651872,1.0
2022-04-21,-0.0035576001936850066,0.0,0.8606456399401458,0.1393543600598552,0.4652176643114934,0.0
2022-04-22,-0.0097220932450649,0.0,0.8903126685136059,0.10968733148639369,0.20169777703945016,0.0
2022-04-25,-0.017970993150090764,0.0,0.8280446840026191,0.17195531599738095,0.509173743540613,0.0
2022-04-26,0.001525017044941901,0.0,0.5951317756324228,0.40486822436757697,0.46129067871052354,0.0
2022-04-27,-0.00755702425744631,0.0,0.22864403871679886,0.7713559612832018,0.4106752172587777,0.0
2022-04-28,0.005398323510093839,0.0,0.7253676437854375,0.2746323562145628,0.4677091548477384,0.0
2022-04-29,-0.00011297696546286318,0.0,0.05269107291985226,0.9473089270801475,0.35692857415219803,0.0
2022-05-02,-0.018540493535693647,0.0,0.02982382296246821,0.9701761770375323,0.37566135903113895,0.0
2022-05-03,0.00264926246698316,0.0,0.0651575455666917,0.9348424544333092,0.514979210113074,0.0
2022-05-04,0.009822544372671826,0.0,0.04847543753599735,0.9515245624640026,0.4863886740730704,0.0
2022-05-05,-0.003811138551277793,0.0,0.021203635235462363,0.9787963647645384,0.5739850684157535,0.0
2022-05-06,0.0016558743678838361,0.0,0.039457132541586074,0.9605428674584138,0.4744522930520041,0.0
2022-05-09,-0.014479496708730832,0.0,0.034722085820183594,0.9652779141798157,0.40640254384554125,0.0
2022-05-10,-0.008445202872691127,0.0,0.15733971079850628,0.8426602892014942,0.5479293340923936,0.0
2022-05-11,0.008167128516088473,0.0,0.12968733126663354,0.8703126687333658,0.6137064541958711,0.0
2022-05-12,-0.015333925720196762,0.0,0.24668076065312822,0.7533192393468724,0.5469663880099325,0.0
2022-05-13,-0.00810956630229509,0.0,0.05353506813803953,0.94646493186196,0.6192264024636143,0.0
2022-05-16,0.009538483763206873,0.0,0.09760327591154791,0.9023967240884513,0.4979303021153107,0.0
2022-05-17,-0.006279296383541522,0.0,0.033832371311936484,0.9661676286880638,0.46862469502629456,0.0
2022-05-18,0.0005314848929158789,0.0,0.02699178688171682,0.9730082131182838,0.5404562314533046,0.0
2022-05-19,0.014697234801531733,0.0,0.13450460315688373,0.8654953968431169,0.5281616986943517,0.0
2022-05-20,0.0006980112537449124,0.0,0.3058149860939954,0.6941850139060052,0.2575521509004775,0.0
2022-05-23,0.004650369455528214,0.0,0.7457433490842664,0.25425665091573424,0.24682645143061563,0.0
2022-05-24,0.007521859850632806,0.0,0.8975506968216408,0.10244930317835964,0.26323514046239166,-1.0
2022-05-25,-0.006029994959596108,0.0,0.9872398494716685,0.012760150528331847,0.31375607426966395,-1.0
2022-05-26,-0.0018488983177334939,0.0,0.9771735633165166,0.022826436683483147,0.3606466127952495,-1.0
2022-05-27,0.00052102106703944,0.0,0.9894882123401622,0.0105117876598382,0.2464531845871609,-1.0
2022-05-31,-0.009893009276743081,0.0,0.99,0.01,0.3171004458863949,-1.0
2022-06-01,0.006369033199590923,0.0,0.9773044448219508,0.022695555178048932,0.4407679152451996,-1.0
2022-06-02,0.012309182073779512,0.0,0.9626434177105251,0.037356582289475186,0.4227798841591593,-1.0
2022-06-03,-0.010152017266979896,0.0,0.8257680115585965,0.17423198844140306,0.24581230510873708,-1.0
2022-06-06,-0.0044037229040009285,0.0,0.1552166891114097,0.8447833108885899,0.2783640026041613,0.0
2022-06-07,0.006518420844169315,0.0,0.06062971216255529,0.9393702878374445,0.4041965253547122,0.0
2022-06-08,-0.0009251975242893229,0.0,0.08311186015802773,0.9168881398419724,0.3529606312350936,0.0
2022-06-09,-0.0031832564859568535,0.0,0.11383550187277575,0.8861644981272241,0.4715764640523714,0.0
2022-06-10,0.013412283666592417,0.0,0.8157977009089119,0.18420229909108815,0.41093117090778103,0.0
2022-06-13,-0.026412288230091452,0.0,0.9506435958409348,0.04935640415906564,0.23846474882362897,-1.0
2022-06-14,-0.008003209616781914,0.0,0.01,0.99,0.379374581770216,0.0
2022-06-15,0.013050939388113303,0.0,0.01,0.99,0.49920054014174486,0.0
2022-06-16,0.011243181594596585,0.0,0.01,0.99,0.5480217111991798,0.0
2022-06-17,-0.008222816311715064,0.0,0.01,0.99,0.5420144863270606,0.0
2022-06-21,-0.0037367862070599722,0.0,0.01,0.99,0.5062669052845787,0.0
2022-06-22,0.003985188163408093,0.0,0.1273066292510801,0.8726933707489197,0.5123794309296447,0.0
2022-06-23,-0.006129257292171064,0.0,0.9203057080731634,0.07969429192683676,0.3875720467792878,-1.0
2022-06-24,-0.0009984622015154487,0.0,0.9830941150739423,0.01690588492605837,0.4949321420887382,0.0
2022-06-27,-0.0011170700540719114,0.0,0.99,0.01,0.4709167967718727,0.0
2022-06-28,-0.0016480211262837052,0.0,0.99,0.01,0.13787960372112787,-1.0
2022-06-29,-0.0007663579045243951,0.0,0.99,0.01,0.42198211764773347,-1.0
2022-06-30,-0.006077047294322124,0.0,0.99,0.01,0.4757973880234314,0.0
2022-07-01,-0.0008310541616338707,0.0,0.99,0.01,0.43240926727760165,-1.0
2022-07-05,-0.02120964335120412,0.0,0.99,0.01,0.4918643496429692,0.0
2022-07-06,-0.015842188833696924,0.0,0.9256846820585637,0.07431531794143623,0.17833476248566235,-1.0
2022-07-07,0.000555053276362516,0.0,0.2089872896931164,0.7910127103068837,0.42433955534783696,0.0
2022-07-08,0.0004315313201161963,0.0,0.1080373646539587,0.8919626353460417,0.6165542918324443,0.0
2022-07-11,-0.005360507452973451,0.0,0.1349838446806112,0.8650161553193889,0.6210133561980405,0.0
2022-07-12,-0.0037167247224720867,0.0,0.3148867943694769,0.6851132056305231,0.632678141615107,0.0
2022-07-13,0.004787690503602615,0.0,0.99,0.01,0.7580790288322047,0.0
2022-07-14,-0.014047055610919013,0.0,0.99,0.01,0.4614044134327359,0.0
2022-07-15,-0.0020084561635671516,0.0,0.974731597630283,0.025268402369717384,0.4908953503443306,0.0
2022-07-18,0.0009433945063559435,0.0,0.944925424735063,0.05507457526493709,0.6649519197936058,0.0
2022-07-19,0.0023874693093759447,0.0,0.7218566601678638,0.2781433398321369,0.6667593660972583,0.0
2022-07-20,-0.009402031234323593,0.0,0.5419896683315422,0.4580103316684574,0.1713747066094839,0.0
2022-07-21,0.014110421925231709,0.0,0.6976871391320585,0.30231286086794157,0.5971172556602558,0.0
2022-07-22,0.00249575020790771,0.0,0.6677701774791198,0.3322298225208808,0.5061723606559128,0.0
2022-07-25,-0.0027385476219622396,0.0,0.6851944837778935,0.3148055162221068,0.5045539529119181,0.0
2022-07-26,-0.0011858106875901608,0.0,0.6434894823151036,0.3565105176848958,0.5320680176574515,0.0
2022-07-27,0.010184984698782484,0.0,0.3752321198303259,0.6247678801696749,0.4047438053652777,0.0
2022-07-28,0.012185323455280006,0.0,0.8843753397413061,0.11562466025869375,0.4710536381998303,0.0
2022-07-29,0.0028110896821249565,0.0,0.9882149645846513,0.011785035415347813,0.23108094783977928,-1.0
2022-08-01,0.0056672312077465925,0.0,0.9891070764000732,0.01089292359992674,0.35811274263753157,0.0
2022-08-02,-0.005938288400823777,0.0,0.99,0.01,0.28219188569718534,0.0
2022-08-03,0.002438243761313297,0.0,0.9573999861224476,0.04260001387755177,0.7836925452589402,1.0
2022-08-04,0.016539989487255546,0.0,0.9208071978843599,0.07919280211564052,0.5086941324866061,0.0
2022-08-05,-0.011246066300201418,0.0,0.7903587518232652,0.2096412481767345,0.500175529578127,0.0
2022-08-08,0.008470017618367853,0.0,0.09804332977267304,0.9019566702273264,0.43200447162070077,0.0
2022-08-09,0.0030595386607856767,0.0,0.01,0.99,0.3091671433060972,0.0
2022-08-10,-0.0025119508170524663,0.0,0.21318228135734021,0.7868177186426601,0.4117235746563888,0.0
2022-08-11,-0.0026382206776995876,0.0,0.27711020399760466,0.722889796002395,0.5094053809072873,0.0
2022-08-12,0.00919802099904432,0.0,0.8259520103817265,0.17404798961827447,0.5246614133230081,0.0
2022-08-15,-0.012867030834262327,0.0,0.99,0.01,0.27921440307903805,0.0
2022-08-16,-0.001750096754401964,0.0,0.9653869768336033,0.03461302316639732,0.407865820551816,0.0
2022-08-17,-0.006468335614034371,0.0,0.9711375803201362,0.028862419679863686,0.17536795645348002,0.0
2022-08-18,-0.0026164156896926194,0.0,0.9209407257032818,0.07905927429671841,0.4055992677826551,0.0
2022-08-19,-0.007320625681104476,0.0,0.8820947225313022,0.11790527746869803,0.48066566531463184,0.0
2022-08-22,-0.006637179344595956,0.0,0.99,0.01,0.3852754680192113,-1.0
2022-08-23,0.0069908740848763085,0.0,0.99,0.01,0.31222587628339754,-1.0
2022-08-24,0.0029489200401788818,0.0,0.99,0.01,0.7635835257980528,0.0
2022-08-25,0.003062787136294043,0.0,0.99,0.01,0.5284048604411997,0.0
2022-08-26,-0.012152705301765265,0.0,0.99,0.01,0.32627140883211597,-1.0
2022-08-29,0.0006182375550920494,0.0,0.9625280523875468,0.03747194761245275,0.32757567895122003,-1.0
2022-08-30,-0.008340578885610683,0.0,0.9707062683290083,0.029293731670991842,0.44102778728753994,-1.0
2022-08-31,-0.007725314789180926,0.0,0.9735130050311284,0.026486994968871996,0.17468158753171975,-1.0
2022-09-01,-0.008790162100319021,0.0,0.99,0.01,0.3901404177621243,-1.0
2022-09-02,0.008804709144487166,0.0,0.99,0.01,0.25754089363919297,-1.0
2022-09-06,-0.0058394619355668365,0.0,0.9129931725234688,0.08700682747653057,0.3817712394088431,-1.0
2022-09-07,0.010168638866495439,0.0,0.8129655027728981,0.1870344972271013,0.31453084914352153,-1.0
2022-09-08,-0.006002292729855863,0.0,0.02828231027391148,0.9717176897260879,0.632693824716228,0.0
2022-09-09,0.005283756568463582,0.0,0.03131334768301147,0.9686866523169884,0.48225801899134296,0.0
2022-09-12,0.005068186218703863,0.0,0.20404993850818304,0.7959500614918174,0.38932339706617775,0.0
2022-09-13,-0.01301133993119441,0.0,0.42099116145985394,0.5790088385401468,0.3938491644311141,0.0
2022-09-14,-0.003847613448870524,0.0,0.035989202098536184,0.9640107979014636,0.25935531109168647,0.0
2022-09-15,-0.018679143196684067,0.0,0.11325717330610423,0.8867428266938961,0.27807952861755936,0.0
2022-09-16,0.005549107201315628,0.0,0.01,0.99,0.2561327060096575,0.0
2022-09-19,0.0007700871329356929,0.0,0.01080895947135916,0.9891910405286403,0.3930930158719094,0.0
2022-09-20,-0.005706587274526553,0.0,0.035140717948687825,0.9648592820513116,0.3925102337473326,0.0
2022-09-21,0.004642973675810236,0.0,0.1285747979705686,0.8714252020294319,0.3796567813159819,0.0
2022-09-22,-0.0005776772692025478,0.0,0.14078401884432373,0.859215981155676,0.32335363717428284,0.0
2022-09-23,-0.01727683040546535,0.0,0.9816521322195131,0.018347867780486256,0.362715352298707,-1.0
2022-09-26,-0.011633219026207842,0.0,0.8828234166343794,0.11717658336562146,0.2690035334317578,-1.0
2022-09-27,0.002049841746687875,0.0,0.5711782217461756,0.42882177825382395,0.29102306785426424,0.0
2022-09-28,0.02078665233491006,0.0,0.249561069380103,0.7504389306198963,0.3248914133701505,0.0
2022-09-29,-0.00019392836526865853,0.0,0.01,0.99,0.4105496425929429,0.0
2022-09-30,6.462244018679009e-05,0.0,0.01,0.99,0.5108225227484506,0.0
2022-10-03,0.024309785681440932,0.0,0.021310029003525476,0.9786899709964745,0.4804814670197315,0.0
2022-10-04,0.014328122056449066,0.0,0.29857691827555816,0.7014230817244418,0.6069594943240455,0.0
2022-10-05,-0.005538266375543777,0.0,0.6375413263005397,0.36245867369946017,0.5536346053542321,0.0
2022-10-06,-0.00112629171222689,0.0,0.5425509063143437,0.45744909368565634,0.5558439755197326,0.0
2022-10-07,-0.010962851258976669,0.0,0.4814183339937452,0.518581666006255,0.55567647454258,0.0
2022-10-10,-0.015201476317757034,0.0,0.08910089579125749,0.9108991042087423,0.47045472883389605,0.0
2022-10-11,-0.002058091550185215,0.0,0.25638991499388813,0.743610085006112,0.46661247323429905,0.0
2022-10-12,0.00534932850905423,0.0,0.99,0.01,0.5320562369177534,0.0
2022-10-13,-0.006923532232980256,0.0,0.99,0.01,0.1981167787648001,-1.0
2022-10-14,-0.012458897998479546,0.0,0.99,0.01,0.5651450685727561,0.0
2022-10-17,0.0028762090057179446,0.0,0.99,0.01,0.4453340055122057,-1.0
2022-10-18,0.0021509701146735782,0.0,0.99,0.01,0.5296614056005228,0.0
2022-10-19,-0.013398358104674823,0.0,0.99,0.01,0.4321210858801363,-1.0
2022-10-20,-0.0015822103586343728,0.0,0.99,0.01,0.14168368772737358,-1.0
2022-10-21,0.017827646105301076,0.0,0.99,0.01,0.41406632143927025,-1.0
2022-10-24,-0.003243594030472474,0.0,0.9237866420782751,0.07621335792172478,0.44963984344225355,-1.0
2022-10-25,0.002277944142005106,0.0,0.8331088321661306,0.16689116783387012,0.5463069789846234,0.0
2022-10-26,0.006363608620383543,0.0,0.7986334124000589,0.20136658759994142,0.4716955743337155,0.0
2022-10-27,-0.001548523944967184,0.0,0.9675776152320782,0.03242238476792269,0.21580346020478827,-1.0
2022-10-28,-0.010210687443231947,0.0,0.9819862674245521,0.018013732575447177,0.33838184072108324,-1.0
2022-10-31,-0.008161399648159207,0.0,0.99,0.01,0.5590380135155819,0.0
2022-11-01,0.010203429757038585,0.0,0.9805527857819396,0.0194472142180609,0.24447988448271005,-1.0
2022-11-02,-0.006972548399621914,0.0,0.8100620100260328,0.1899379899739669,0.502751542590552,0.0
2022-11-03,-0.003806036048150885,0.0,0.43164962944760715,0.5683503705523931,0.14283686073382168,0.0
2022-11-04,0.030696289684813083,0.0,0.5956854689987526,0.4043145310012463,0.3307104255170048,0.0
2022-11-07,-0.003962389674382338,0.0,0.01,0.99,0.6175238948894303,0.0
2022-11-08,0.023099074133724695,0.0,0.01,0.99,0.601185935087731,0.0
2022-11-09,-0.0050172660211307285,0.0,0.01,0.99,0.5538888053822972,0.0
2022-11-10,0.030444387121793204,0.0,0.01,0.99,0.49584928441925835,0.0
2022-11-11,0.006606324071935177,0.0,0.01,0.99,0.5109621113706792,0.0
2022-11-14,0.002187655661719301,0.0,0.016817938011829354,0.9831820619881705,0.4915454581664948,0.0
2022-11-15,0.0035168677995043307,0.0,0.03341797521091134,0.9665820247890887,0.46310199013257036,0.0
2022-11-16,-0.0022961020109516506,0.0,0.18222768140537096,0.8177723185946283,0.5014155074796424,0.0
2022-11-17,-0.007267423593311895,0.0,0.8848442605402369,0.11515573945976358,0.5048084505382863,0.0
2022-11-18,-0.006893636502166456,0.0,0.99,0.01,0.3789277734308888,0.0
2022-11-21,-0.005589952950737276,0.0,0.99,0.01,0.49176355642684844,0.0
2022-11-22,0.00117372396636517,0.0,0.99,0.01,0.499921906929524,0.0
2022-11-23,0.006231840940288613,0.0,0.99,0.01,0.42151485855010545,0.0
2022-11-25,0.000858470616118101,0.0,0.99,0.01,0.24565721299636853,0.0
2022-11-28,-0.007903495498554403,0.0,0.99,0.01,0.3552730234886992,0.0
2022-11-29,0.004940425418036076,0.0,0.99,0.01,0.44386657141140756,0.0
2022-11-30,0.012781920270785507,0.0,0.99,0.01,0.39002436640522975,0.0
2022-12-01,0.01838479961277617,0.0,0.99,0.01,0.5401830261571812,0.0
2022-12-02,-0.0034556830535615868,0.0,0.9823418762305673,0.01765812376943277,0.17715639362086993,0.0
2022-12-05,-0.017158885635801036,0.0,0.9745939949486079,0.025406005051392358,0.5047374007214448,0.0
2022-12-06,0.0027373742314797944,0.0,0.6756002099438696,0.3243997900561296,0.3508489375681536,0.0
2022-12-07,0.009039101712364994,0.0,0.23768823208285628,0.7623117679171431,0.5169786347552445,0.0
2022-12-08,0.0008416965556858891,0.0,0.15687616306221405,0.8431238369377857,0.5117829988187478,0.0
2022-12-09,0.003544160110315664,0.0,0.8335150089454461,0.16648499105455308,0.37767710698179274,0.0
2022-12-12,-0.008260534556326027,0.0,0.6167870170518737,0.38321298294812667,0.39530631946857686,0.0
2022-12-13,0.017081132038632596,0.0,0.9711943892080331,0.028805610791966734,0.6074466983767327,1.0
2022-12-14,-0.0024330212847030186,0.0,0.9294425038577677,0.07055749614223265,0.43027903761726777,0.0
2022-12-15,-0.01635930934057528,0.0,0.8922567610830088,0.10774323891699057,0.36252798482725823,0.0
2022-12-16,0.008708721678036602,0.0,0.18300805941514095,0.8169919405848592,0.39351234932849344,0.0
2022-12-19,-0.0028178306902848504,0.0,0.01287596878194725,0.9871240312180537,0.49847831468173126,0.0
2022-12-20,0.016594482836064905,0.0,0.011700867011671185,0.9882991329883285,0.5762539112508427,0.0
2022-12-21,-0.0016560135809358112,0.0,0.039634126239974976,0.9603658737600249,0.4311379610776079,0.0
2022-12-22,-0.012085358459954287,0.0,0.0921855069265009,0.9078144930734989,0.5184054162075858,0.0
2022-12-23,0.002998321039039853,0.0,0.4534603297361824,0.5465396702638174,0.42109753431866265,0.0
2022-12-27,0.008430011409881644,0.0,0.8220882385641475,0.17791176143585255,0.49276946733180704,0.0
2022-12-28,-0.004505807286929064,0.0,0.8208729120915972,0.17912708790840237,0.45189740846045057,0.0
2022-12-29,0.005598251568726287,0.0,0.9871177690315501,0.01288223096844977,0.568736167949965,1.0
2022-12-30,0.0046786689817972515,0.0,0.9861266803251256,0.013873319674874596,0.4434806125250422,0.0
2023-01-03,0.008370656531798915,0.0,0.99,0.01,0.8169771019176332,1.0
2023-01-04,0.0094119059589024,0.0,0.99,0.01,0.5873229602875141,1.0
2023-01-05,-0.012451461859522062,0.0,0.99,0.01,0.4533022031407204,0.0
2023-01-06,0.01870749684189077,0.0,0.9449822204246101,0.055017779575390516,0.5746811092415923,1.0
2023-01-09,0.0022451175785793698,0.0,0.6138141056858338,0.3861858943141666,0.38470886103220475,0.0
2023-01-10,0.0036760446135073455,0.0,0.3285093303312727,0.6714906696687271,0.3410349547358489,0.0
2023-01-11,-0.000686793935011365,0.0,0.30527590335907206,0.6947240966409288,0.3541430937041846,0.0
2023-01-12,0.011568000967502767,0.0,0.3149806632615301,0.6850193367384704,0.503644043916514,0.0
2023-01-13,0.012001783992939385,0.0,0.9141365669941899,0.08586343300580972,0.29819534838747896,0.0
2023-01-17,-0.00654507834469964,0.0,0.99,0.01,0.33721589071836866,0.0
2023-01-18,-0.0028717524486322477,0.0,0.9560708414913733,0.04392915850862718,0.14474081627688412,0.0
2023-01-19,0.015868520044824974,0.0,0.8955201661139424,0.10447983388605714,0.46442831392721834,0.0
2023-01-20,-0.003335405556458948,0.0,0.655229722239146,0.3447702777608541,0.33855174895261403,0.0
2023-01-23,0.0018964337632443318,0.0,0.30999348617327055,0.6900065138267286,0.2606275282819096,0.0
2023-01-24,0.003618515163479552,0.0,0.5532130360664529,0.44678696393354767,0.32506099299102453,0.0
2023-01-25,0.004603959599926544,0.0,0.8280958102596085,0.17190418974039168,0.5950795365058629,1.0
2023-01-26,-0.009055266877154966,0.0,0.9385944835056566,0.06140551649434271,0.4371643511190814,0.0
2023-01-27,-0.0013929904624704337,0.0,0.99,0.01,0.566490761229624,1.0
2023-01-30,-0.002566715270248765,0.0,0.99,0.01,0.5857326051993916,1.0
2023-01-31,0.0036362115419990015,0.0,0.99,0.01,0.49638413488814714,0.0
2023-02-01,0.012596814339808304,0.0,0.99,0.01,0.7682236853452866,1.0
2023-02-02,-0.02075193653580043,0.0,0.9478299618261161,0.05217003817388439,0.5096111960938295,0.0
2023-02-03,-0.024957770292002968,0.0,0.12175134228114949,0.8782486577188502,0.4363741056348078,0.0
2023-02-06,0.0020754098721176284,0.0,0.01,0.99,0.47744280492716634,0.0
2023-02-07,0.000920425708082595,0.0,0.01,0.99,0.48472009211346895,0.0
2023-02-08,0.002471594120761589,0.0,0.01,0.99,0.5579547353612127,0.0
2023-02-09,-0.007912418174625069,0.0,0.016051246180147374,0.9839487538198518,0.7103033036571169,0.0
2023-02-10,0.0019071943211166342,0.0,0.1031541228835938,0.8968458771164063,0.7042504440197467,0.0
2023-02-13,-0.005076170279846859,0.0,0.99,0.01,0.5923058812107587,0.0
2023-02-14,0.0007537389032514774,0.0,0.99,0.01,0.6024275672080296,0.0
2023-02-15,-0.00996466725346834,0.0,0.99,0.01,0.23735355614948206,-1.0
2023-02-16,-0.0008192368783922488,0.0,0.99,0.01,0.42570142181115167,-1.0
2023-02-17,0.002986790669610162,0.0,0.99,0.01,0.3768794000558,-1.0
2023-02-21,-0.003737004613899475,0.0,0.99,0.01,0.5325271905495875,0.0
2023-02-22,-0.005626488586046308,0.0,0.99,0.01,0.539502364812924,0.0
2023-02-23,-0.0005304511136865475,0.0,0.99,0.01,0.22382655561272932,-1.0
2023-02-24,-0.00719467575637045,0.0,0.99,0.01,0.4212210546203241,-1.0
2023-02-27,0.003920334893926292,0.0,0.99,0.01,0.308242396405319,-1.0
2023-02-28,0.00455596886271592,0.0,0.99,0.01,0.4527556991415644,0.0
2023-03-01,0.005772150633673867,0.0,0.99,0.01,0.28256855970667055,-1.0
2023-03-02,-0.0005855636445488699,0.0,0.99,0.01,0.22233952986075498,-1.0
2023-03-03,0.010723085619275707,0.0,0.99,0.01,0.37299347243966646,-1.0
2023-03-06,-0.005043830646819902,0.0,0.99,0.01,0.5379477391259009,0.0
2023-03-07,-0.017480480627863337,0.0,0.5163158873740948,0.4836841126259048,0.40253422837600705,0.0
2023-03-08,-0.00047445044105887124,0.0,0.01,0.99,0.38194081955899395,0.0
2023-03-09,0.009849316056938173,0.0,0.01,0.99,0.5009485668039563,0.0
2023-03-10,0.021562856843419187,0.0,0.01,0.99,0.42167551280861343,0.0
2023-03-13,0.022948211912439564,0.0,0.01,0.99,0.5532312142550798,0.0
2023-03-14,-0.005791064746217711,0.0,0.01,0.99,0.4808491021550166,0.0
2023-03-15,0.007804133170404848,0.0,0.01,0.99,0.49548411630938716,0.0
2023-03-16,0.002020092008242713,0.0,0.017047881693949916,0.9829521183060499,0.6127630375528926,0.0
2023-03-17,0.02912021467748982,0.0,0.01,0.99,0.5239412508428706,0.0
2023-03-20,0.0003808677357699519,0.0,0.01,0.99,0.4225541125541125,0.0
2023-03-21,-0.018875115806276432,0.0,0.012281711252000628,0.9877182887479998,0.4744393404344385,0.0
2023-03-22,0.01702060989813825,0.0,0.01,0.99,0.5146562318115097,0.0
2023-03-23,0.012538176085624908,0.0,0.01,0.99,0.44688222888222884,0.0
2023-03-24,-0.011252350246951037,0.0,0.01,0.99,0.4351594454927788,0.0
2023-03-27,-0.009256722051406152,0.0,0.016923992701084408,0.9830760072989154,0.5018674872185818,0.0
2023-03-28,0.008189093257242153,0.0,0.016207326026557434,0.9837926739734427,0.43636027354577434,0.0
2023-03-29,-0.00496077000653139,0.0,0.15736057643078502,0.8426394235692142,0.40235801269039223,0.0
2023-03-30,0.009039576549164652,0.0,0.99,0.01,0.7176994502179821,1.0
2023-03-31,-0.005212246135594234,0.0,0.99,0.01,0.42243491432747965,0.0
2023-04-03,0.007204410308019105,0.0,0.99,0.01,0.5623848484368342,1.0
2023-04-04,0.018640958960437715,0.0,0.99,0.01,0.49038999469732203,0.0
2023-04-05,-0.0007979247786651378,0.0,0.99,0.01,0.33908071374640303,0.0
2023-04-06,-0.007134091065472581,0.0,0.99,0.01,0.23840528799244703,0.0
2023-04-10,-0.007399886547073353,0.0,0.99,0.01,0.5714837577036359,1.0
2023-04-11,0.006320556237305208,0.0,0.99,0.01,0.5829402467634447,1.0
2023-04-12,0.004885138866613126,0.0,0.99,0.01,0.5038772333659428,0.0
2023-04-13,0.013515672558895409,0.0,0.99,0.01,0.5097580137317185,0.0
2023-04-14,-0.017710313033589165,0.0,0.9852879571960814,0.014712042803918728,0.1570790920827743,0.0
2023-04-17,-0.0044537552497120325,0.0,0.8988889190694727,0.10111108093052684,0.6020493351296611,1.0
2023-04-18,0.003880780603893852,0.0,0.5769990726318154,0.42300092736818523,0.7807235346859576,0.0
2023-04-19,-0.004778520212877502,0.0,0.39678500842944014,0.6032149915705599,0.755480474947922,0.0
2023-04-20,0.00393825919904689,0.0,0.26763734341427553,0.7323626565857246,0.7037559736983079,0.0
2023-04-21,-0.00988766926809792,0.0,0.7266343875003384,0.2733656124996613,0.5743974872988866,0.0
2023-04-24,0.003039335460481629,0.0,0.99,0.01,0.4731670244305629,0.0
2023-04-25,0.005086318131183543,0.0,0.99,0.01,0.5394835394113725,0.0
2023-04-26,-0.0054373863086726315,0.0,0.99,0.01,0.5466739483892405,0.0
2023-04-27,5.410039265330013e-05,0.0,0.9899028958186064,0.010097104181393228,0.5985022573688772,1.0
2023-04-28,0.0002706525128974846,0.0,0.99,0.01,0.23393865012804307,0.0
2023-05-01,-0.004491351825477108,0.0,0.99,0.01,0.5476635907677246,0.0
2023-05-02,0.019296640909943763,0.0,0.99,0.01,0.3836864021166812,0.0
2023-05-03,0.008479075840785555,0.0,0.9401461842631468,0.059853815736853146,0.5179809472843933,0.0
2023-05-04,0.00703295344911492,0.0,0.8455404398095316,0.1544595601904681,0.3530457203057943,0.0
2023-05-05,-0.015647950479605433,0.0,0.8162015999581775,0.18379840004182232,0.22007805321318358,0.0
2023-05-08,0.0012269055761324754,0.0,0.1816505538203673,0.8183494461796331,0.4019137303355105,0.0
2023-05-09,0.007086162362163639,0.0,0.030549162846217653,0.9694508371537823,0.6450897355057005,0.0
2023-05-10,-0.001428442843921074,0.0,0.4289681855715968,0.5710318144284035,0.4688422773847412,0.0
2023-05-11,-0.008582755587748347,0.0,0.9392528679423695,0.060747132057630396,0.5222497884628898,0.0
2023-05-12,-0.0017100802429794726,0.0,0.6700866409005112,0.32991335909948805,0.468686336642869,0.0
2023-05-15,0.0021412620336231925,0.0,0.9785808068124708,0.02141919318753001,0.5070207549206129,0.0
2023-05-16,-0.0124993937971285,0.0,0.9886965996981902,0.011303400301809232,0.5050378159214435,0.0
2023-05-17,-0.0034618889303412725,0.0,0.99,0.01,0.5404710571510092,0.0
2023-05-18,-0.012972911279784505,0.0,0.99,0.01,0.4686294241529318,0.0
2023-05-19,0.0098988291245512,0.0,0.9733946178764081,0.026605382123592234,0.6925232409935931,0.0
2023-05-22,-0.002341497915543389,0.0,0.5037576643156484,0.49624233568435083,0.36054718362064475,0.0
2023-05-23,0.001200731149241463,0.0,0.252135469805566,0.7478645301944344,0.22968419741102986,0.0
2023-05-24,-0.008068450017086337,0.0,0.6683804782128365,0.33161952178716275,0.3981254962994647,0.0
2023-05-25,-0.009618027091793824,0.0,0.7120926029670163,0.2879073970329834,0.45315143476268055,0.0
2023-05-26,0.003995567330169925,0.0,0.9827374934648095,0.017262506535190993,0.6957345907325455,0.0
2023-05-30,0.006190554546333882,0.0,0.99,0.01,0.39179562311243277,-1.0
2023-05-31,0.0015382006614657051,0.0,0.99,0.01,0.2688507831536237,-1.0
2023-06-01,0.00789813034647624,0.0,0.9843977963344988,0.015602203665501496,0.2617316553712478,-1.0
2023-06-02,-0.014747450675273721,0.0,0.9864123369713135,0.013587663028685807,0.4192473024799979,-1.0
2023-06-05,0.006020416015011243,0.0,0.8624797387027116,0.13752026129728798,0.7216836587172807,0.0
2023-06-06,0.0010980396887689814,0.0,0.5401956448140509,0.45980435518594975,0.42627243629260997,0.0
2023-06-07,-0.012010543410059138,0.0,0.497388518897936,0.502611481102064,0.35402856964520263,0.0
2023-06-08,0.013211240429905624,0.0,0.189850124717619,0.8101498752823805,0.27838736893691934,0.0
2023-06-09,-0.0026845203333208945,0.0,0.04160586118433219,0.958394138815667,0.3439925453228974,0.0
2023-06-12,-0.0008788640365902101,0.0,0.023982195747941523,0.9760178042520591,0.35837281799796206,0.0
2023-06-13,-0.007367558613950331,0.0,0.04609056218970776,0.9539094378102919,0.4400701459729338,0.0
2023-06-14,0.0005539277015322863,0.0,0.02794945842375556,0.9720505415762444,0.47786023872684913,0.0
2023-06-15,0.007030581691497284,0.0,0.17860853905860397,0.8213914609413964,0.3605025388893902,0.0
2023-06-16,-0.0015392159510752013,0.0,0.9311471183447413,0.06885288165525902,0.4768992579491545,0.0
2023-06-20,-0.010350739592973501,0.0,0.9897574226536178,0.010242577346381914,0.2424967804998925,-1.0
2023-06-21,-0.0014464228474878604,0.0,0.8762653018457848,0.12373469815421476,0.37534472549413095,-1.0
2023-06-22,-0.009916979914319946,0.0,0.7398371898830735,0.26016281011692644,0.4181327501480762,0.0
2023-06-23,0.0027572461643308177,0.0,0.5821212675022303,0.41787873249777,0.43680707013681663,0.0
